case_id,system,hop_index,source_language,target_language,input_text,output_text,engine_reading,engine_drift,fingerprint,mdpar_metadata,translation_latency_ms,identification_latency_ms,mdpar_latency_ms,total_hop_latency_ms,fully_estimable_exact,observed_structure_preserved
stress-negation-scope-001,LLM_ONLY,0,es,en,"No es cierto que todos los técnicos que no reiniciaron el servidor ignoraran la alerta; algunos la vieron, pero decidieron no actuar porque el reinicio podía destruir evidencia.",It is not true that all the technicians who did not restart the server ignored the alert; some saw it but decided not to act because restarting could destroy evidence.,"{""residual_uncertainty"": 0.0, ""structural_compatibility"": null, ""structural_brittleness"": null, ""weakest_legibility"": 1.0, ""legibility_spread"": 0.0, ""cognitive_remembrance"": 1.0, ""structural_mark"": {""uncertainty"": ""MAXIMUM"", ""compatibility"": ""NOT_ESTIMABLE"", ""robustness"": ""NOT_ESTIMABLE"", ""legibility"": ""MAXIMUM"", ""short_label"": ""U:MAX|C:NA|R:NA|L:MAX"", ""fully_estimable"": false}, ""structural_basis"": ""PARTIALLY_ESTIMABLE"", ""state_path"": [""HOW_MUCH"", ""WHAT"", ""WHAT"", ""WHY""], ""transition_path"": [""CHAIN_CONNECTOR"", ""CHAIN_CONNECTOR"", ""GENERATIVE_LINK""], ""unknown_state_ratio"": 0.0}","{""residual_uncertainty"": {""canonical"": 0.0, ""observed"": 0.0, ""comparable"": true, ""absolute_difference"": 0.0}, ""structural_compatibility"": {""canonical"": null, ""observed"": null, ""comparable"": false, ""absolute_difference"": null}, ""structural_brittleness"": {""canonical"": null, ""observed"": null, ""comparable"": false, ""absolute_difference"": null}, ""weakest_legibility"": {""canonical"": 1.0, ""observed"": 1.0, ""comparable"": true, ""absolute_difference"": 0.0}, ""legibility_spread"": {""canonical"": 0.0, ""observed"": 0.0, ""comparable"": true, ""absolute_difference"": 0.0}, ""cognitive_remembrance"": {""canonical"": null, ""observed"": 1.0, ""comparable"": false, ""absolute_difference"": null}, ""unknown_state_ratio"": {""canonical"": 0.0, ""observed"": 0.0, ""comparable"": true, ""absolute_difference"": 0.0}, ""structural_mark_preserved"": true, ""structural_basis_preserved"": true, ""state_path_preserved"": false, ""transition_path_preserved"": false}","{""state_sequence"": [""HOW_MUCH"", ""WHAT"", ""WHAT"", ""WHY""], ""relation_sequence"": [""HOW_MUCH|CHAIN_CONNECTOR|WHAT|EXPLICIT"", ""WHAT|CHAIN_CONNECTOR|WHAT|EXPLICIT"", ""WHAT|GENERATIVE_LINK|WHY|EXPLICIT""], ""trajectory_boundaries"": [3], ""trajectory_ranges"": [{""start_state_occurrence_index"": 0, ""end_state_occurrence_index"": 3}], ""relation_occurrences"": [{""from_state_occurrence_index"": 0, ""to_state_occurrence_index"": 1}, {""from_state_occurrence_index"": 1, ""to_state_occurrence_index"": 2}, {""from_state_occurrence_index"": 2, ""to_state_occurrence_index"": 3}]}","{""permutation_disposition"": ""FUTURE_FORWARD_FIX"", ""permutation_narrative"": ""Major and Prime reached no discriminative chief criterion; the original trajectory is preserved by economy of intervention. In OPEN this is a presumption to preserve, not proof that the permuted realization is contextually inferior."", ""unresolved_profile"": {""total_state_count"": 4, ""unknown_state_count"": 0, ""unknown_state_ratio"": 0.0, ""unknown_state_occurrence_indices"": [], ""unknown_runs"": [], ""fully_unresolved"": false}}",1435.6984000187367,2417.9082999471575,16.886600060388446,3870.6265999935567,False,False
stress-negation-scope-001,LLM_ONLY,1,en,de,It is not true that all the technicians who did not restart the server ignored the alert; some saw it but decided not to act because restarting could destroy evidence.,"Es stimmt nicht, dass alle Techniker, die den Server nicht neu gestartet haben, die Warnmeldung ignoriert haben; einige sahen sie, entschieden sich aber, nicht zu handeln, weil ein Neustart Beweise vernichten könnte.","{""residual_uncertainty"": 0.0, ""structural_compatibility"": null, ""structural_brittleness"": null, ""weakest_legibility"": 1.0, ""legibility_spread"": 0.0, ""cognitive_remembrance"": 1.0, ""structural_mark"": {""uncertainty"": ""MAXIMUM"", ""compatibility"": ""NOT_ESTIMABLE"", ""robustness"": ""NOT_ESTIMABLE"", ""legibility"": ""MAXIMUM"", ""short_label"": ""U:MAX|C:NA|R:NA|L:MAX"", ""fully_estimable"": false}, ""structural_basis"": ""PARTIALLY_ESTIMABLE"", ""state_path"": [""WHAT"", ""WHY""], ""transition_path"": [""GENERATIVE_LINK""], ""unknown_state_ratio"": 0.0}","{""residual_uncertainty"": {""canonical"": 0.0, ""observed"": 0.0, ""comparable"": true, ""absolute_difference"": 0.0}, ""structural_compatibility"": {""canonical"": null, ""observed"": null, ""comparable"": false, ""absolute_difference"": null}, ""structural_brittleness"": {""canonical"": null, ""observed"": null, ""comparable"": false, ""absolute_difference"": null}, ""weakest_legibility"": {""canonical"": 1.0, ""observed"": 1.0, ""comparable"": true, ""absolute_difference"": 0.0}, ""legibility_spread"": {""canonical"": 0.0, ""observed"": 0.0, ""comparable"": true, ""absolute_difference"": 0.0}, ""cognitive_remembrance"": {""canonical"": null, ""observed"": 1.0, ""comparable"": false, ""absolute_difference"": null}, ""unknown_state_ratio"": {""canonical"": 0.0, ""observed"": 0.0, ""comparable"": true, ""absolute_difference"": 0.0}, ""structural_mark_preserved"": true, ""structural_basis_preserved"": true, ""state_path_preserved"": true, ""transition_path_preserved"": true}","{""state_sequence"": [""WHAT"", ""WHY""], ""relation_sequence"": [""WHAT|GENERATIVE_LINK|WHY|EXPLICIT""], ""trajectory_boundaries"": [1], ""trajectory_ranges"": [{""start_state_occurrence_index"": 0, ""end_state_occurrence_index"": 1}], ""relation_occurrences"": [{""from_state_occurrence_index"": 0, ""to_state_occurrence_index"": 1}]}","{""permutation_disposition"": ""FUTURE_FORWARD_FIX"", ""permutation_narrative"": ""Major and Prime reached no discriminative chief criterion; the original trajectory is preserved by economy of intervention. In OPEN this is a presumption to preserve, not proof that the permuted realization is contextually inferior."", ""unresolved_profile"": {""total_state_count"": 2, ""unknown_state_count"": 0, ""unknown_state_ratio"": 0.0, ""unknown_state_occurrence_indices"": [], ""unknown_runs"": [], ""fully_unresolved"": false}}",1582.2987998835742,2013.6303999461234,5.159999942407012,3601.186600048095,False,False
stress-necessary-sufficient-001,LLM_ONLY,0,es,en,"Que el sensor detecte humo es necesario, pero no suficiente, para activar la alarma; una confirmación térmica basta para activarla solo si el sistema no está en modo de mantenimiento.","The sensor detecting smoke is necessary, but not sufficient, to trigger the alarm; thermal confirmation is sufficient to trigger it only if the system is not in maintenance mode.","{""residual_uncertainty"": 0.0, ""structural_compatibility"": null, ""structural_brittleness"": null, ""weakest_legibility"": 1.0, ""legibility_spread"": 0.0, ""cognitive_remembrance"": 1.0, ""structural_mark"": {""uncertainty"": ""MAXIMUM"", ""compatibility"": ""NOT_ESTIMABLE"", ""robustness"": ""NOT_ESTIMABLE"", ""legibility"": ""MAXIMUM"", ""short_label"": ""U:MAX|C:NA|R:NA|L:MAX"", ""fully_estimable"": false}, ""structural_basis"": ""PARTIALLY_ESTIMABLE"", ""state_path"": [""WHY"", ""WHAT"", ""WHY""], ""transition_path"": [""INTERPRETIVE_PROJECTION"", ""GENERATIVE_LINK""], ""unknown_state_ratio"": 0.0}","{""residual_uncertainty"": {""canonical"": 0.0, ""observed"": 0.0, ""comparable"": true, ""absolute_difference"": 0.0}, ""structural_compatibility"": {""canonical"": null, ""observed"": null, ""comparable"": false, ""absolute_difference"": null}, ""structural_brittleness"": {""canonical"": null, ""observed"": null, ""comparable"": false, ""absolute_difference"": null}, ""weakest_legibility"": {""canonical"": 1.0, ""observed"": 1.0, ""comparable"": true, ""absolute_difference"": 0.0}, ""legibility_spread"": {""canonical"": 0.0, ""observed"": 0.0, ""comparable"": true, ""absolute_difference"": 0.0}, ""cognitive_remembrance"": {""canonical"": 1.0, ""observed"": 1.0, ""comparable"": true, ""absolute_difference"": 0.0}, ""unknown_state_ratio"": {""canonical"": 0.0, ""observed"": 0.0, ""comparable"": true, ""absolute_difference"": 0.0}, ""structural_mark_preserved"": true, ""structural_basis_preserved"": true, ""state_path_preserved"": false, ""transition_path_preserved"": false}","{""state_sequence"": [""WHY"", ""WHAT"", ""WHY""], ""relation_sequence"": [""WHY|INTERPRETIVE_PROJECTION|WHAT|EXPLICIT"", ""WHAT|GENERATIVE_LINK|WHY|EXPLICIT""], ""trajectory_boundaries"": [2], ""trajectory_ranges"": [{""start_state_occurrence_index"": 0, ""end_state_occurrence_index"": 2}], ""relation_occurrences"": [{""from_state_occurrence_index"": 0, ""to_state_occurrence_index"": 1}, {""from_state_occurrence_index"": 1, ""to_state_occurrence_index"": 2}]}","{""permutation_disposition"": ""FUTURE_FORWARD_FIX"", ""permutation_narrative"": ""Major and Prime reached no discriminative chief criterion; the original trajectory is preserved by economy of intervention. In OPEN this is a presumption to preserve, not proof that the permuted realization is contextually inferior."", ""unresolved_profile"": {""total_state_count"": 3, ""unknown_state_count"": 0, ""unknown_state_ratio"": 0.0, ""unknown_state_occurrence_indices"": [], ""unknown_runs"": [], ""fully_unresolved"": false}}",1455.9328998439014,2370.542600052431,13.876100070774555,3840.462999884039,False,False
stress-necessary-sufficient-001,LLM_MDPAR,0,es,en,"Que el sensor detecte humo es necesario, pero no suficiente, para activar la alarma; una confirmación térmica basta para activarla solo si el sistema no está en modo de mantenimiento.","The sensor detecting smoke is necessary, but not sufficient, to activate the alarm; thermal confirmation is sufficient to activate it only if the system is not in maintenance mode.","{""residual_uncertainty"": 0.0, ""structural_compatibility"": null, ""structural_brittleness"": null, ""weakest_legibility"": 1.0, ""legibility_spread"": 0.0, ""cognitive_remembrance"": 1.0, ""structural_mark"": {""uncertainty"": ""MAXIMUM"", ""compatibility"": ""NOT_ESTIMABLE"", ""robustness"": ""NOT_ESTIMABLE"", ""legibility"": ""MAXIMUM"", ""short_label"": ""U:MAX|C:NA|R:NA|L:MAX"", ""fully_estimable"": false}, ""structural_basis"": ""PARTIALLY_ESTIMABLE"", ""state_path"": [""WHY"", ""WHY"", ""WHAT""], ""transition_path"": [""CHAIN_CONNECTOR"", ""INTERPRETIVE_PROJECTION""], ""unknown_state_ratio"": 0.0}","{""residual_uncertainty"": {""canonical"": 0.0, ""observed"": 0.0, ""comparable"": true, ""absolute_difference"": 0.0}, ""structural_compatibility"": {""canonical"": null, ""observed"": null, ""comparable"": false, ""absolute_difference"": null}, ""structural_brittleness"": {""canonical"": null, ""observed"": null, ""comparable"": false, ""absolute_difference"": null}, ""weakest_legibility"": {""canonical"": 1.0, ""observed"": 1.0, ""comparable"": true, ""absolute_difference"": 0.0}, ""legibility_spread"": {""canonical"": 0.0, ""observed"": 0.0, ""comparable"": true, ""absolute_difference"": 0.0}, ""cognitive_remembrance"": {""canonical"": 1.0, ""observed"": 1.0, ""comparable"": true, ""absolute_difference"": 0.0}, ""unknown_state_ratio"": {""canonical"": 0.0, ""observed"": 0.0, ""comparable"": true, ""absolute_difference"": 0.0}, ""structural_mark_preserved"": true, ""structural_basis_preserved"": true, ""state_path_preserved"": false, ""transition_path_preserved"": false}","{""state_sequence"": [""WHY"", ""WHY"", ""WHAT""], ""relation_sequence"": [""WHY|CHAIN_CONNECTOR|WHY|EXPLICIT"", ""WHY|INTERPRETIVE_PROJECTION|WHAT|EXPLICIT""], ""trajectory_boundaries"": [2], ""trajectory_ranges"": [{""start_state_occurrence_index"": 0, ""end_state_occurrence_index"": 2}], ""relation_occurrences"": [{""from_state_occurrence_index"": 0, ""to_state_occurrence_index"": 1}, {""from_state_occurrence_index"": 1, ""to_state_occurrence_index"": 2}]}","{""permutation_disposition"": ""FUTURE_FORWARD_FIX"", ""permutation_narrative"": ""Major and Prime reached no discriminative chief criterion; the original trajectory is preserved by economy of intervention. In OPEN this is a presumption to preserve, not proof that the permuted realization is contextually inferior."", ""unresolved_profile"": {""total_state_count"": 3, ""unknown_state_count"": 0, ""unknown_state_ratio"": 0.0, ""unknown_state_occurrence_indices"": [], ""unknown_runs"": [], ""fully_unresolved"": false}}",1487.0150999631733,2706.678499933332,4.763399949297309,4198.547699954361,False,False
stress-necessary-sufficient-001,LLM_MDPAR,1,en,fr,"The sensor detecting smoke is necessary, but not sufficient, to activate the alarm; thermal confirmation is sufficient to activate it only if the system is not in maintenance mode.","La détection de fumée par le capteur est nécessaire, mais non suffisante, pour déclencher l’alarme ; une confirmation thermique suffit à la déclencher uniquement si le système n’est pas en mode maintenance.","{""residual_uncertainty"": 0.0, ""structural_compatibility"": null, ""structural_brittleness"": null, ""weakest_legibility"": 1.0, ""legibility_spread"": 0.0, ""cognitive_remembrance"": 1.0, ""structural_mark"": {""uncertainty"": ""MAXIMUM"", ""compatibility"": ""NOT_ESTIMABLE"", ""robustness"": ""NOT_ESTIMABLE"", ""legibility"": ""MAXIMUM"", ""short_label"": ""U:MAX|C:NA|R:NA|L:MAX"", ""fully_estimable"": false}, ""structural_basis"": ""PARTIALLY_ESTIMABLE"", ""state_path"": [""WHAT"", ""WHY"", ""WHEN""], ""transition_path"": [""GENERATIVE_LINK"", ""CHAIN_CONNECTOR""], ""unknown_state_ratio"": 0.0}","{""residual_uncertainty"": {""canonical"": 0.0, ""observed"": 0.0, ""comparable"": true, ""absolute_difference"": 0.0}, ""structural_compatibility"": {""canonical"": null, ""observed"": null, ""comparable"": false, ""absolute_difference"": null}, ""structural_brittleness"": {""canonical"": null, ""observed"": null, ""comparable"": false, ""absolute_difference"": null}, ""weakest_legibility"": {""canonical"": 1.0, ""observed"": 1.0, ""comparable"": true, ""absolute_difference"": 0.0}, ""legibility_spread"": {""canonical"": 0.0, ""observed"": 0.0, ""comparable"": true, ""absolute_difference"": 0.0}, ""cognitive_remembrance"": {""canonical"": 1.0, ""observed"": 1.0, ""comparable"": true, ""absolute_difference"": 0.0}, ""unknown_state_ratio"": {""canonical"": 0.0, ""observed"": 0.0, ""comparable"": true, ""absolute_difference"": 0.0}, ""structural_mark_preserved"": true, ""structural_basis_preserved"": true, ""state_path_preserved"": false, ""transition_path_preserved"": false}","{""state_sequence"": [""WHAT"", ""WHY"", ""WHEN""], ""relation_sequence"": [""WHAT|GENERATIVE_LINK|WHY|EXPLICIT"", ""WHY|CHAIN_CONNECTOR|WHEN|EXPLICIT""], ""trajectory_boundaries"": [2], ""trajectory_ranges"": [{""start_state_occurrence_index"": 0, ""end_state_occurrence_index"": 2}], ""relation_occurrences"": [{""from_state_occurrence_index"": 0, ""to_state_occurrence_index"": 1}, {""from_state_occurrence_index"": 1, ""to_state_occurrence_index"": 2}]}","{""permutation_disposition"": ""FUTURE_FORWARD_FIX"", ""permutation_narrative"": ""Major and Prime reached no discriminative chief criterion; the original trajectory is preserved by economy of intervention. In OPEN this is a presumption to preserve, not proof that the permuted realization is contextually inferior."", ""unresolved_profile"": {""total_state_count"": 3, ""unknown_state_count"": 0, ""unknown_state_ratio"": 0.0, ""unknown_state_occurrence_indices"": [], ""unknown_runs"": [], ""fully_unresolved"": false}}",2485.029299976304,2552.105400012806,8.493100060150027,5045.735400170088,False,False
stress-necessary-sufficient-001,LLM_MDPAR,2,fr,de,"La détection de fumée par le capteur est nécessaire, mais non suffisante, pour déclencher l’alarme ; une confirmation thermique suffit à la déclencher uniquement si le système n’est pas en mode maintenance.","Die Raucherkennung durch den Sensor ist notwendig, aber nicht hinreichend, um den Alarm auszulösen; eine thermische Bestätigung reicht nur dann aus, um ihn auszulösen, wenn sich das System nicht im Wartungsmodus befindet.","{""residual_uncertainty"": 0.0, ""structural_compatibility"": null, ""structural_brittleness"": null, ""weakest_legibility"": 1.0, ""legibility_spread"": 0.0, ""cognitive_remembrance"": 1.0, ""structural_mark"": {""uncertainty"": ""MAXIMUM"", ""compatibility"": ""NOT_ESTIMABLE"", ""robustness"": ""NOT_ESTIMABLE"", ""legibility"": ""MAXIMUM"", ""short_label"": ""U:MAX|C:NA|R:NA|L:MAX"", ""fully_estimable"": false}, ""structural_basis"": ""PARTIALLY_ESTIMABLE"", ""state_path"": [""WHAT"", ""WHAT"", ""WHY"", ""WHY""], ""transition_path"": [""CHAIN_CONNECTOR"", ""GENERATIVE_LINK"", ""CHAIN_CONNECTOR""], ""unknown_state_ratio"": 0.0}","{""residual_uncertainty"": {""canonical"": 0.0, ""observed"": 0.0, ""comparable"": true, ""absolute_difference"": 0.0}, ""structural_compatibility"": {""canonical"": null, ""observed"": null, ""comparable"": false, ""absolute_difference"": null}, ""structural_brittleness"": {""canonical"": null, ""observed"": null, ""comparable"": false, ""absolute_difference"": null}, ""weakest_legibility"": {""canonical"": 1.0, ""observed"": 1.0, ""comparable"": true, ""absolute_difference"": 0.0}, ""legibility_spread"": {""canonical"": 0.0, ""observed"": 0.0, ""comparable"": true, ""absolute_difference"": 0.0}, ""cognitive_remembrance"": {""canonical"": 1.0, ""observed"": 1.0, ""comparable"": true, ""absolute_difference"": 0.0}, ""unknown_state_ratio"": {""canonical"": 0.0, ""observed"": 0.0, ""comparable"": true, ""absolute_difference"": 0.0}, ""structural_mark_preserved"": true, ""structural_basis_preserved"": true, ""state_path_preserved"": false, ""transition_path_preserved"": false}","{""state_sequence"": [""WHAT"", ""WHAT"", ""WHY"", ""WHY""], ""relation_sequence"": [""WHAT|CHAIN_CONNECTOR|WHAT|EXPLICIT"", ""WHAT|GENERATIVE_LINK|WHY|EXPLICIT"", ""WHY|CHAIN_CONNECTOR|WHY|EXPLICIT""], ""trajectory_boundaries"": [3], ""trajectory_ranges"": [{""start_state_occurrence_index"": 0, ""end_state_occurrence_index"": 3}], ""relation_occurrences"": [{""from_state_occurrence_index"": 0, ""to_state_occurrence_index"": 1}, {""from_state_occurrence_index"": 1, ""to_state_occurrence_index"": 2}, {""from_state_occurrence_index"": 2, ""to_state_occurrence_index"": 3}]}","{""permutation_disposition"": ""FUTURE_FORWARD_FIX"", ""permutation_narrative"": ""Major and Prime reached no discriminative chief criterion; the original trajectory is preserved by economy of intervention. In OPEN this is a presumption to preserve, not proof that the permuted realization is contextually inferior."", ""unresolved_profile"": {""total_state_count"": 4, ""unknown_state_count"": 0, ""unknown_state_ratio"": 0.0, ""unknown_state_occurrence_indices"": [], ""unknown_runs"": [], ""fully_unresolved"": false}}",2284.9083999171853,2982.752100098878,4.717500181868672,5272.462599910796,False,False
stress-necessary-sufficient-001,LLM_MDPAR,3,de,fi,"Die Raucherkennung durch den Sensor ist notwendig, aber nicht hinreichend, um den Alarm auszulösen; eine thermische Bestätigung reicht nur dann aus, um ihn auszulösen, wenn sich das System nicht im Wartungsmodus befindet.","Se, että anturi havaitsee savua, on välttämätöntä mutta ei riittävää hälytyksen laukaisemiseksi; lämpövahvistus riittää laukaisemaan sen vain, jos järjestelmä ei ole huoltotilassa.","{""residual_uncertainty"": 0.0, ""structural_compatibility"": null, ""structural_brittleness"": null, ""weakest_legibility"": 1.0, ""legibility_spread"": 0.0, ""cognitive_remembrance"": 1.0, ""structural_mark"": {""uncertainty"": ""MAXIMUM"", ""compatibility"": ""NOT_ESTIMABLE"", ""robustness"": ""NOT_ESTIMABLE"", ""legibility"": ""MAXIMUM"", ""short_label"": ""U:MAX|C:NA|R:NA|L:MAX"", ""fully_estimable"": false}, ""structural_basis"": ""PARTIALLY_ESTIMABLE"", ""state_path"": [""WHY"", ""WHAT"", ""WHY"", ""WHAT"", ""WHY""], ""transition_path"": [""INTERPRETIVE_PROJECTION"", ""GENERATIVE_LINK"", ""INTERPRETIVE_PROJECTION"", ""GENERATIVE_LINK""], ""unknown_state_ratio"": 0.0}","{""residual_uncertainty"": {""canonical"": 0.0, ""observed"": 0.0, ""comparable"": true, ""absolute_difference"": 0.0}, ""structural_compatibility"": {""canonical"": null, ""observed"": null, ""comparable"": false, ""absolute_difference"": null}, ""structural_brittleness"": {""canonical"": null, ""observed"": null, ""comparable"": false, ""absolute_difference"": null}, ""weakest_legibility"": {""canonical"": 1.0, ""observed"": 1.0, ""comparable"": true, ""absolute_difference"": 0.0}, ""legibility_spread"": {""canonical"": 0.0, ""observed"": 0.0, ""comparable"": true, ""absolute_difference"": 0.0}, ""cognitive_remembrance"": {""canonical"": 1.0, ""observed"": 1.0, ""comparable"": true, ""absolute_difference"": 0.0}, ""unknown_state_ratio"": {""canonical"": 0.0, ""observed"": 0.0, ""comparable"": true, ""absolute_difference"": 0.0}, ""structural_mark_preserved"": true, ""structural_basis_preserved"": true, ""state_path_preserved"": false, ""transition_path_preserved"": false}","{""state_sequence"": [""WHY"", ""WHAT"", ""WHY"", ""WHAT"", ""WHY""], ""relation_sequence"": [""WHY|INTERPRETIVE_PROJECTION|WHAT|EXPLICIT"", ""WHAT|GENERATIVE_LINK|WHY|EXPLICIT"", ""WHY|INTERPRETIVE_PROJECTION|WHAT|EXPLICIT"", ""WHAT|GENERATIVE_LINK|WHY|EXPLICIT""], ""trajectory_boundaries"": [4], ""trajectory_ranges"": [{""start_state_occurrence_index"": 0, ""end_state_occurrence_index"": 4}], ""relation_occurrences"": [{""from_state_occurrence_index"": 0, ""to_state_occurrence_index"": 1}, {""from_state_occurrence_index"": 1, ""to_state_occurrence_index"": 2}, {""from_state_occurrence_index"": 2, ""to_state_occurrence_index"": 3}, {""from_state_occurrence_index"": 3, ""to_state_occurrence_index"": 4}]}","{""permutation_disposition"": ""FUTURE_FORWARD_FIX"", ""permutation_narrative"": ""Major and Prime reached no discriminative chief criterion; the original trajectory is preserved by economy of intervention. In OPEN this is a presumption to preserve, not proof that the permuted realization is contextually inferior."", ""unresolved_profile"": {""total_state_count"": 5, ""unknown_state_count"": 0, ""unknown_state_ratio"": 0.0, ""unknown_state_occurrence_indices"": [], ""unknown_runs"": [], ""fully_unresolved"": false}}",2718.1488000787795,3829.871399793774,6.457800045609474,6554.572000168264,False,False
stress-necessary-sufficient-001,LLM_MDPAR,4,fi,pt,"Se, että anturi havaitsee savua, on välttämätöntä mutta ei riittävää hälytyksen laukaisemiseksi; lämpövahvistus riittää laukaisemaan sen vain, jos järjestelmä ei ole huoltotilassa.","O facto de o sensor detetar fumo é necessário, mas não suficiente, para acionar o alarme; uma confirmação térmica basta para o acionar apenas se o sistema não estiver em modo de manutenção.","{""residual_uncertainty"": 0.0, ""structural_compatibility"": null, ""structural_brittleness"": null, ""weakest_legibility"": 1.0, ""legibility_spread"": 0.0, ""cognitive_remembrance"": 1.0, ""structural_mark"": {""uncertainty"": ""MAXIMUM"", ""compatibility"": ""NOT_ESTIMABLE"", ""robustness"": ""NOT_ESTIMABLE"", ""legibility"": ""MAXIMUM"", ""short_label"": ""U:MAX|C:NA|R:NA|L:MAX"", ""fully_estimable"": false}, ""structural_basis"": ""PARTIALLY_ESTIMABLE"", ""state_path"": [""WHY"", ""WHAT"", ""WHY"", ""WHY""], ""transition_path"": [""INTERPRETIVE_PROJECTION"", ""GENERATIVE_LINK"", ""CHAIN_CONNECTOR""], ""unknown_state_ratio"": 0.0}","{""residual_uncertainty"": {""canonical"": 0.0, ""observed"": 0.0, ""comparable"": true, ""absolute_difference"": 0.0}, ""structural_compatibility"": {""canonical"": null, ""observed"": null, ""comparable"": false, ""absolute_difference"": null}, ""structural_brittleness"": {""canonical"": null, ""observed"": null, ""comparable"": false, ""absolute_difference"": null}, ""weakest_legibility"": {""canonical"": 1.0, ""observed"": 1.0, ""comparable"": true, ""absolute_difference"": 0.0}, ""legibility_spread"": {""canonical"": 0.0, ""observed"": 0.0, ""comparable"": true, ""absolute_difference"": 0.0}, ""cognitive_remembrance"": {""canonical"": 1.0, ""observed"": 1.0, ""comparable"": true, ""absolute_difference"": 0.0}, ""unknown_state_ratio"": {""canonical"": 0.0, ""observed"": 0.0, ""comparable"": true, ""absolute_difference"": 0.0}, ""structural_mark_preserved"": true, ""structural_basis_preserved"": true, ""state_path_preserved"": true, ""transition_path_preserved"": true}","{""state_sequence"": [""WHY"", ""WHAT"", ""WHY"", ""WHY""], ""relation_sequence"": [""WHY|INTERPRETIVE_PROJECTION|WHAT|EXPLICIT"", ""WHAT|GENERATIVE_LINK|WHY|EXPLICIT"", ""WHY|CHAIN_CONNECTOR|WHY|EXPLICIT""], ""trajectory_boundaries"": [3], ""trajectory_ranges"": [{""start_state_occurrence_index"": 0, ""end_state_occurrence_index"": 3}], ""relation_occurrences"": [{""from_state_occurrence_index"": 0, ""to_state_occurrence_index"": 1}, {""from_state_occurrence_index"": 1, ""to_state_occurrence_index"": 2}, {""from_state_occurrence_index"": 2, ""to_state_occurrence_index"": 3}]}","{""permutation_disposition"": ""FUTURE_FORWARD_FIX"", ""permutation_narrative"": ""Major and Prime reached no discriminative chief criterion; the original trajectory is preserved by economy of intervention. In OPEN this is a presumption to preserve, not proof that the permuted realization is contextually inferior."", ""unresolved_profile"": {""total_state_count"": 4, ""unknown_state_count"": 0, ""unknown_state_ratio"": 0.0, ""unknown_state_occurrence_indices"": [], ""unknown_runs"": [], ""fully_unresolved"": false}}",1767.5416998099536,2990.387700032443,4.688400076702237,4762.739000143483,False,True
stress-necessary-sufficient-001,LLM_MDPAR,5,pt,es,"O facto de o sensor detetar fumo é necessário, mas não suficiente, para acionar o alarme; uma confirmação térmica basta para o acionar apenas se o sistema não estiver em modo de manutenção.","Que el sensor detecte humo es necesario, pero no suficiente, para activar la alarma; una confirmación térmica basta para activarla solo si el sistema no está en modo de mantenimiento.","{""residual_uncertainty"": 0.0, ""structural_compatibility"": null, ""structural_brittleness"": null, ""weakest_legibility"": 1.0, ""legibility_spread"": 0.0, ""cognitive_remembrance"": 1.0, ""structural_mark"": {""uncertainty"": ""MAXIMUM"", ""compatibility"": ""NOT_ESTIMABLE"", ""robustness"": ""NOT_ESTIMABLE"", ""legibility"": ""MAXIMUM"", ""short_label"": ""U:MAX|C:NA|R:NA|L:MAX"", ""fully_estimable"": false}, ""structural_basis"": ""PARTIALLY_ESTIMABLE"", ""state_path"": [""WHY"", ""WHAT"", ""HOW"", ""WHY""], ""transition_path"": [""INTERPRETIVE_PROJECTION"", ""GENERATIVE_LINK"", ""GENERATIVE_LINK""], ""unknown_state_ratio"": 0.0}","{""residual_uncertainty"": {""canonical"": 0.0, ""observed"": 0.0, ""comparable"": true, ""absolute_difference"": 0.0}, ""structural_compatibility"": {""canonical"": null, ""observed"": null, ""comparable"": false, ""absolute_difference"": null}, ""structural_brittleness"": {""canonical"": null, ""observed"": null, ""comparable"": false, ""absolute_difference"": null}, ""weakest_legibility"": {""canonical"": 1.0, ""observed"": 1.0, ""comparable"": true, ""absolute_difference"": 0.0}, ""legibility_spread"": {""canonical"": 0.0, ""observed"": 0.0, ""comparable"": true, ""absolute_difference"": 0.0}, ""cognitive_remembrance"": {""canonical"": 1.0, ""observed"": 1.0, ""comparable"": true, ""absolute_difference"": 0.0}, ""unknown_state_ratio"": {""canonical"": 0.0, ""observed"": 0.0, ""comparable"": true, ""absolute_difference"": 0.0}, ""structural_mark_preserved"": true, ""structural_basis_preserved"": true, ""state_path_preserved"": false, ""transition_path_preserved"": false}","{""state_sequence"": [""WHY"", ""WHAT"", ""HOW"", ""WHY""], ""relation_sequence"": [""WHY|INTERPRETIVE_PROJECTION|WHAT|EXPLICIT"", ""WHAT|GENERATIVE_LINK|HOW|EXPLICIT"", ""HOW|GENERATIVE_LINK|WHY|EXPLICIT""], ""trajectory_boundaries"": [3], ""trajectory_ranges"": [{""start_state_occurrence_index"": 0, ""end_state_occurrence_index"": 3}], ""relation_occurrences"": [{""from_state_occurrence_index"": 0, ""to_state_occurrence_index"": 1}, {""from_state_occurrence_index"": 1, ""to_state_occurrence_index"": 2}, {""from_state_occurrence_index"": 2, ""to_state_occurrence_index"": 3}]}","{""permutation_disposition"": ""FUTURE_FORWARD_FIX"", ""permutation_narrative"": ""Major and Prime reached no discriminative chief criterion; the original trajectory is preserved by economy of intervention. In OPEN this is a presumption to preserve, not proof that the permuted realization is contextually inferior."", ""unresolved_profile"": {""total_state_count"": 4, ""unknown_state_count"": 0, ""unknown_state_ratio"": 0.0, ""unknown_state_occurrence_indices"": [], ""unknown_runs"": [], ""fully_unresolved"": false}}",1533.2812999840826,3912.470600102097,4.379899939522147,5450.218699872494,False,False
stress-multitrajectory-001,LLM_ONLY,0,es,en,"El servicio de pagos falló porque agotó el pool de conexiones, de modo que las solicitudes comenzaron a devolver 503. Separadamente, el sistema de métricas dejó de publicar datos porque expiró su certificado, aunque eso no causó el fallo de pagos.","The payment service failed because it exhausted the connection pool, causing requests to start returning 503 errors. Separately, the metrics system stopped publishing data because its certificate expired, although that did not cause the payment failure.","{""residual_uncertainty"": 0.0, ""structural_compatibility"": null, ""structural_brittleness"": null, ""weakest_legibility"": 1.0, ""legibility_spread"": 0.0, ""cognitive_remembrance"": 1.0, ""structural_mark"": {""uncertainty"": ""MAXIMUM"", ""compatibility"": ""NOT_ESTIMABLE"", ""robustness"": ""NOT_ESTIMABLE"", ""legibility"": ""MAXIMUM"", ""short_label"": ""U:MAX|C:NA|R:NA|L:MAX"", ""fully_estimable"": false}, ""structural_basis"": ""PARTIALLY_ESTIMABLE"", ""state_path"": [""WHAT"", ""WHY"", ""WHAT"", ""WHAT"", ""WHY""], ""transition_path"": [""GENERATIVE_LINK"", ""INTERPRETIVE_PROJECTION"", ""GENERATIVE_LINK""], ""unknown_state_ratio"": 0.0}","{""residual_uncertainty"": {""canonical"": 0.0, ""observed"": 0.0, ""comparable"": true, ""absolute_difference"": 0.0}, ""structural_compatibility"": {""canonical"": null, ""observed"": null, ""comparable"": false, ""absolute_difference"": null}, ""structural_brittleness"": {""canonical"": null, ""observed"": null, ""comparable"": false, ""absolute_difference"": null}, ""weakest_legibility"": {""canonical"": 1.0, ""observed"": 1.0, ""comparable"": true, ""absolute_difference"": 0.0}, ""legibility_spread"": {""canonical"": 0.0, ""observed"": 0.0, ""comparable"": true, ""absolute_difference"": 0.0}, ""cognitive_remembrance"": {""canonical"": 0.7142857142857143, ""observed"": 1.0, ""comparable"": true, ""absolute_difference"": 0.2857142857142857}, ""unknown_state_ratio"": {""canonical"": 0.0, ""observed"": 0.0, ""comparable"": true, ""absolute_difference"": 0.0}, ""structural_mark_preserved"": true, ""structural_basis_preserved"": true, ""state_path_preserved"": true, ""transition_path_preserved"": true}","{""state_sequence"": [""WHAT"", ""WHY"", ""WHAT"", ""WHAT"", ""WHY""], ""relation_sequence"": [""WHAT|GENERATIVE_LINK|WHY|EXPLICIT"", ""WHY|INTERPRETIVE_PROJECTION|WHAT|EXPLICIT"", ""WHAT|GENERATIVE_LINK|WHY|EXPLICIT""], ""trajectory_boundaries"": [2, 4], ""trajectory_ranges"": [{""start_state_occurrence_index"": 0, ""end_state_occurrence_index"": 2}, {""start_state_occurrence_index"": 3, ""end_state_occurrence_index"": 4}], ""relation_occurrences"": [{""from_state_occurrence_index"": 0, ""to_state_occurrence_index"": 1}, {""from_state_occurrence_index"": 1, ""to_state_occurrence_index"": 2}, {""from_state_occurrence_index"": 3, ""to_state_occurrence_index"": 4}]}","{""permutation_disposition"": ""FUTURE_FORWARD_FIX"", ""permutation_narrative"": ""Major and Prime reached no discriminative chief criterion; the original trajectory is preserved by economy of intervention. In OPEN this is a presumption to preserve, not proof that the permuted realization is contextually inferior."", ""unresolved_profile"": {""total_state_count"": 5, ""unknown_state_count"": 0, ""unknown_state_ratio"": 0.0, ""unknown_state_occurrence_indices"": [], ""unknown_runs"": [], ""fully_unresolved"": false}}",1566.5128999389708,2754.499100148678,5.356200039386749,4326.478799805045,False,False
stress-multitrajectory-001,LLM_ONLY,1,en,de,"The payment service failed because it exhausted the connection pool, causing requests to start returning 503 errors. Separately, the metrics system stopped publishing data because its certificate expired, although that did not cause the payment failure.","Der Zahlungsdienst fiel aus, weil er den Verbindungspool ausgeschöpft hatte, wodurch Anfragen zunehmend 503-Fehler zurückgaben. Unabhängig davon stellte das Metriksystem die Veröffentlichung von Daten ein, weil sein Zertifikat abgelaufen war, obwohl dies nicht den Ausfall des Zahlungsdienstes verursachte.","{""residual_uncertainty"": 0.0, ""structural_compatibility"": null, ""structural_brittleness"": null, ""weakest_legibility"": 1.0, ""legibility_spread"": 0.0, ""cognitive_remembrance"": 1.0, ""structural_mark"": {""uncertainty"": ""MAXIMUM"", ""compatibility"": ""NOT_ESTIMABLE"", ""robustness"": ""NOT_ESTIMABLE"", ""legibility"": ""MAXIMUM"", ""short_label"": ""U:MAX|C:NA|R:NA|L:MAX"", ""fully_estimable"": false}, ""structural_basis"": ""PARTIALLY_ESTIMABLE"", ""state_path"": [""WHAT"", ""WHY"", ""WHAT"", ""WHAT"", ""WHY""], ""transition_path"": [""GENERATIVE_LINK"", ""INTERPRETIVE_PROJECTION"", ""GENERATIVE_LINK""], ""unknown_state_ratio"": 0.0}","{""residual_uncertainty"": {""canonical"": 0.0, ""observed"": 0.0, ""comparable"": true, ""absolute_difference"": 0.0}, ""structural_compatibility"": {""canonical"": null, ""observed"": null, ""comparable"": false, ""absolute_difference"": null}, ""structural_brittleness"": {""canonical"": null, ""observed"": null, ""comparable"": false, ""absolute_difference"": null}, ""weakest_legibility"": {""canonical"": 1.0, ""observed"": 1.0, ""comparable"": true, ""absolute_difference"": 0.0}, ""legibility_spread"": {""canonical"": 0.0, ""observed"": 0.0, ""comparable"": true, ""absolute_difference"": 0.0}, ""cognitive_remembrance"": {""canonical"": 0.7142857142857143, ""observed"": 1.0, ""comparable"": true, ""absolute_difference"": 0.2857142857142857}, ""unknown_state_ratio"": {""canonical"": 0.0, ""observed"": 0.0, ""comparable"": true, ""absolute_difference"": 0.0}, ""structural_mark_preserved"": true, ""structural_basis_preserved"": true, ""state_path_preserved"": true, ""transition_path_preserved"": true}","{""state_sequence"": [""WHAT"", ""WHY"", ""WHAT"", ""WHAT"", ""WHY""], ""relation_sequence"": [""WHAT|GENERATIVE_LINK|WHY|EXPLICIT"", ""WHY|INTERPRETIVE_PROJECTION|WHAT|EXPLICIT"", ""WHAT|GENERATIVE_LINK|WHY|EXPLICIT""], ""trajectory_boundaries"": [2, 4], ""trajectory_ranges"": [{""start_state_occurrence_index"": 0, ""end_state_occurrence_index"": 2}, {""start_state_occurrence_index"": 3, ""end_state_occurrence_index"": 4}], ""relation_occurrences"": [{""from_state_occurrence_index"": 0, ""to_state_occurrence_index"": 1}, {""from_state_occurrence_index"": 1, ""to_state_occurrence_index"": 2}, {""from_state_occurrence_index"": 3, ""to_state_occurrence_index"": 4}]}","{""permutation_disposition"": ""FUTURE_FORWARD_FIX"", ""permutation_narrative"": ""Major and Prime reached no discriminative chief criterion; the original trajectory is preserved by economy of intervention. In OPEN this is a presumption to preserve, not proof that the permuted realization is contextually inferior."", ""unresolved_profile"": {""total_state_count"": 5, ""unknown_state_count"": 0, ""unknown_state_ratio"": 0.0, ""unknown_state_occurrence_indices"": [], ""unknown_runs"": [], ""fully_unresolved"": false}}",2027.7492001187056,3060.8356001321226,4.914500052109361,5093.607800081372,False,False
stress-multitrajectory-001,LLM_ONLY,2,de,ja,"Der Zahlungsdienst fiel aus, weil er den Verbindungspool ausgeschöpft hatte, wodurch Anfragen zunehmend 503-Fehler zurückgaben. Unabhängig davon stellte das Metriksystem die Veröffentlichung von Daten ein, weil sein Zertifikat abgelaufen war, obwohl dies nicht den Ausfall des Zahlungsdienstes verursachte.",決済サービスは接続プールを使い果たしたため停止し、その結果、リクエストが次第に503エラーを返すようになった。これとは無関係に、メトリクスシステムは証明書の有効期限が切れていたためデータの公開を停止したが、これが決済サービスの停止を引き起こしたわけではなかった。,"{""residual_uncertainty"": 0.0, ""structural_compatibility"": null, ""structural_brittleness"": null, ""weakest_legibility"": 1.0, ""legibility_spread"": 0.0, ""cognitive_remembrance"": 1.0, ""structural_mark"": {""uncertainty"": ""MAXIMUM"", ""compatibility"": ""NOT_ESTIMABLE"", ""robustness"": ""NOT_ESTIMABLE"", ""legibility"": ""MAXIMUM"", ""short_label"": ""U:MAX|C:NA|R:NA|L:MAX"", ""fully_estimable"": false}, ""structural_basis"": ""PARTIALLY_ESTIMABLE"", ""state_path"": [""WHY"", ""WHAT"", ""WHAT"", ""WHY"", ""WHAT"", ""WHAT""], ""transition_path"": [""INTERPRETIVE_PROJECTION"", ""CHAIN_CONNECTOR"", ""INTERPRETIVE_PROJECTION"", ""CHAIN_CONNECTOR""], ""unknown_state_ratio"": 0.0}","{""residual_uncertainty"": {""canonical"": 0.0, ""observed"": 0.0, ""comparable"": true, ""absolute_difference"": 0.0}, ""structural_compatibility"": {""canonical"": null, ""observed"": null, ""comparable"": false, ""absolute_difference"": null}, ""structural_brittleness"": {""canonical"": null, ""observed"": null, ""comparable"": false, ""absolute_difference"": null}, ""weakest_legibility"": {""canonical"": 1.0, ""observed"": 1.0, ""comparable"": true, ""absolute_difference"": 0.0}, ""legibility_spread"": {""canonical"": 0.0, ""observed"": 0.0, ""comparable"": true, ""absolute_difference"": 0.0}, ""cognitive_remembrance"": {""canonical"": 0.7142857142857143, ""observed"": 1.0, ""comparable"": true, ""absolute_difference"": 0.2857142857142857}, ""unknown_state_ratio"": {""canonical"": 0.0, ""observed"": 0.0, ""comparable"": true, ""absolute_difference"": 0.0}, ""structural_mark_preserved"": true, ""structural_basis_preserved"": true, ""state_path_preserved"": false, ""transition_path_preserved"": false}","{""state_sequence"": [""WHY"", ""WHAT"", ""WHAT"", ""WHY"", ""WHAT"", ""WHAT""], ""relation_sequence"": [""WHY|INTERPRETIVE_PROJECTION|WHAT|EXPLICIT"", ""WHAT|CHAIN_CONNECTOR|WHAT|EXPLICIT"", ""WHY|INTERPRETIVE_PROJECTION|WHAT|EXPLICIT"", ""WHAT|CHAIN_CONNECTOR|WHAT|EXPLICIT""], ""trajectory_boundaries"": [2, 5], ""trajectory_ranges"": [{""start_state_occurrence_index"": 0, ""end_state_occurrence_index"": 2}, {""start_state_occurrence_index"": 3, ""end_state_occurrence_index"": 5}], ""relation_occurrences"": [{""from_state_occurrence_index"": 0, ""to_state_occurrence_index"": 1}, {""from_state_occurrence_index"": 1, ""to_state_occurrence_index"": 2}, {""from_state_occurrence_index"": 3, ""to_state_occurrence_index"": 4}, {""from_state_occurrence_index"": 4, ""to_state_occurrence_index"": 5}]}","{""permutation_disposition"": ""FUTURE_FORWARD_FIX"", ""permutation_narrative"": ""Major and Prime reached no discriminative chief criterion; the original trajectory is preserved by economy of intervention. In OPEN this is a presumption to preserve, not proof that the permuted realization is contextually inferior."", ""unresolved_profile"": {""total_state_count"": 6, ""unknown_state_count"": 0, ""unknown_state_ratio"": 0.0, ""unknown_state_occurrence_indices"": [], ""unknown_runs"": [], ""fully_unresolved"": false}}",2132.673499872908,3224.780600052327,6.364200031384826,5363.940899958834,False,False
stress-multitrajectory-001,LLM_MDPAR,0,es,en,"El servicio de pagos falló porque agotó el pool de conexiones, de modo que las solicitudes comenzaron a devolver 503. Separadamente, el sistema de métricas dejó de publicar datos porque expiró su certificado, aunque eso no causó el fallo de pagos.","The payment service failed because it exhausted the connection pool, causing requests to start returning 503 errors. Separately, the metrics system stopped publishing data because its certificate expired, although that did not cause the payment failure.","{""residual_uncertainty"": 0.0, ""structural_compatibility"": null, ""structural_brittleness"": null, ""weakest_legibility"": 1.0, ""legibility_spread"": 0.0, ""cognitive_remembrance"": 1.0, ""structural_mark"": {""uncertainty"": ""MAXIMUM"", ""compatibility"": ""NOT_ESTIMABLE"", ""robustness"": ""NOT_ESTIMABLE"", ""legibility"": ""MAXIMUM"", ""short_label"": ""U:MAX|C:NA|R:NA|L:MAX"", ""fully_estimable"": false}, ""structural_basis"": ""PARTIALLY_ESTIMABLE"", ""state_path"": [""WHAT"", ""WHY"", ""WHAT"", ""WHAT"", ""WHY""], ""transition_path"": [""GENERATIVE_LINK"", ""INTERPRETIVE_PROJECTION"", ""GENERATIVE_LINK""], ""unknown_state_ratio"": 0.0}","{""residual_uncertainty"": {""canonical"": 0.0, ""observed"": 0.0, ""comparable"": true, ""absolute_difference"": 0.0}, ""structural_compatibility"": {""canonical"": null, ""observed"": null, ""comparable"": false, ""absolute_difference"": null}, ""structural_brittleness"": {""canonical"": null, ""observed"": null, ""comparable"": false, ""absolute_difference"": null}, ""weakest_legibility"": {""canonical"": 1.0, ""observed"": 1.0, ""comparable"": true, ""absolute_difference"": 0.0}, ""legibility_spread"": {""canonical"": 0.0, ""observed"": 0.0, ""comparable"": true, ""absolute_difference"": 0.0}, ""cognitive_remembrance"": {""canonical"": 0.7142857142857143, ""observed"": 1.0, ""comparable"": true, ""absolute_difference"": 0.2857142857142857}, ""unknown_state_ratio"": {""canonical"": 0.0, ""observed"": 0.0, ""comparable"": true, ""absolute_difference"": 0.0}, ""structural_mark_preserved"": true, ""structural_basis_preserved"": true, ""state_path_preserved"": true, ""transition_path_preserved"": true}","{""state_sequence"": [""WHAT"", ""WHY"", ""WHAT"", ""WHAT"", ""WHY""], ""relation_sequence"": [""WHAT|GENERATIVE_LINK|WHY|EXPLICIT"", ""WHY|INTERPRETIVE_PROJECTION|WHAT|EXPLICIT"", ""WHAT|GENERATIVE_LINK|WHY|EXPLICIT""], ""trajectory_boundaries"": [2, 4], ""trajectory_ranges"": [{""start_state_occurrence_index"": 0, ""end_state_occurrence_index"": 2}, {""start_state_occurrence_index"": 3, ""end_state_occurrence_index"": 4}], ""relation_occurrences"": [{""from_state_occurrence_index"": 0, ""to_state_occurrence_index"": 1}, {""from_state_occurrence_index"": 1, ""to_state_occurrence_index"": 2}, {""from_state_occurrence_index"": 3, ""to_state_occurrence_index"": 4}]}","{""permutation_disposition"": ""FUTURE_FORWARD_FIX"", ""permutation_narrative"": ""Major and Prime reached no discriminative chief criterion; the original trajectory is preserved by economy of intervention. In OPEN this is a presumption to preserve, not proof that the permuted realization is contextually inferior."", ""unresolved_profile"": {""total_state_count"": 5, ""unknown_state_count"": 0, ""unknown_state_ratio"": 0.0, ""unknown_state_occurrence_indices"": [], ""unknown_runs"": [], ""fully_unresolved"": false}}",1296.5269000269473,2564.6571000106633,4.503500182181597,3865.8153999131173,False,False
stress-multitrajectory-001,LLM_MDPAR,1,en,de,"The payment service failed because it exhausted the connection pool, causing requests to start returning 503 errors. Separately, the metrics system stopped publishing data because its certificate expired, although that did not cause the payment failure.","Der Zahlungsdienst fiel aus, weil er den Verbindungspool erschöpft hatte, sodass Anfragen daraufhin 503-Fehler zurückzugeben begannen. Unabhängig davon stellte das Metriksystem die Veröffentlichung von Daten ein, weil sein Zertifikat abgelaufen war, obwohl dies den Ausfall des Zahlungsdienstes nicht verursacht hatte.","{""residual_uncertainty"": 0.0, ""structural_compatibility"": null, ""structural_brittleness"": null, ""weakest_legibility"": 1.0, ""legibility_spread"": 0.0, ""cognitive_remembrance"": 1.0, ""structural_mark"": {""uncertainty"": ""MAXIMUM"", ""compatibility"": ""NOT_ESTIMABLE"", ""robustness"": ""NOT_ESTIMABLE"", ""legibility"": ""MAXIMUM"", ""short_label"": ""U:MAX|C:NA|R:NA|L:MAX"", ""fully_estimable"": false}, ""structural_basis"": ""PARTIALLY_ESTIMABLE"", ""state_path"": [""WHAT"", ""WHY"", ""WHAT"", ""WHAT"", ""WHY""], ""transition_path"": [""GENERATIVE_LINK"", ""INTERPRETIVE_PROJECTION"", ""GENERATIVE_LINK""], ""unknown_state_ratio"": 0.0}","{""residual_uncertainty"": {""canonical"": 0.0, ""observed"": 0.0, ""comparable"": true, ""absolute_difference"": 0.0}, ""structural_compatibility"": {""canonical"": null, ""observed"": null, ""comparable"": false, ""absolute_difference"": null}, ""structural_brittleness"": {""canonical"": null, ""observed"": null, ""comparable"": false, ""absolute_difference"": null}, ""weakest_legibility"": {""canonical"": 1.0, ""observed"": 1.0, ""comparable"": true, ""absolute_difference"": 0.0}, ""legibility_spread"": {""canonical"": 0.0, ""observed"": 0.0, ""comparable"": true, ""absolute_difference"": 0.0}, ""cognitive_remembrance"": {""canonical"": 0.7142857142857143, ""observed"": 1.0, ""comparable"": true, ""absolute_difference"": 0.2857142857142857}, ""unknown_state_ratio"": {""canonical"": 0.0, ""observed"": 0.0, ""comparable"": true, ""absolute_difference"": 0.0}, ""structural_mark_preserved"": true, ""structural_basis_preserved"": true, ""state_path_preserved"": true, ""transition_path_preserved"": true}","{""state_sequence"": [""WHAT"", ""WHY"", ""WHAT"", ""WHAT"", ""WHY""], ""relation_sequence"": [""WHAT|GENERATIVE_LINK|WHY|EXPLICIT"", ""WHY|INTERPRETIVE_PROJECTION|WHAT|EXPLICIT"", ""WHAT|GENERATIVE_LINK|WHY|EXPLICIT""], ""trajectory_boundaries"": [2, 4], ""trajectory_ranges"": [{""start_state_occurrence_index"": 0, ""end_state_occurrence_index"": 2}, {""start_state_occurrence_index"": 3, ""end_state_occurrence_index"": 4}], ""relation_occurrences"": [{""from_state_occurrence_index"": 0, ""to_state_occurrence_index"": 1}, {""from_state_occurrence_index"": 1, ""to_state_occurrence_index"": 2}, {""from_state_occurrence_index"": 3, ""to_state_occurrence_index"": 4}]}","{""permutation_disposition"": ""FUTURE_FORWARD_FIX"", ""permutation_narrative"": ""Major and Prime reached no discriminative chief criterion; the original trajectory is preserved by economy of intervention. In OPEN this is a presumption to preserve, not proof that the permuted realization is contextually inferior."", ""unresolved_profile"": {""total_state_count"": 5, ""unknown_state_count"": 0, ""unknown_state_ratio"": 0.0, ""unknown_state_occurrence_indices"": [], ""unknown_runs"": [], ""fully_unresolved"": false}}",2547.2658001817763,2786.4353999029845,15.347600216045976,5349.193200003356,False,False
stress-multitrajectory-001,LLM_MDPAR,2,de,ja,"Der Zahlungsdienst fiel aus, weil er den Verbindungspool erschöpft hatte, sodass Anfragen daraufhin 503-Fehler zurückzugeben begannen. Unabhängig davon stellte das Metriksystem die Veröffentlichung von Daten ein, weil sein Zertifikat abgelaufen war, obwohl dies den Ausfall des Zahlungsdienstes nicht verursacht hatte.",決済サービスは接続プールを使い果たしたため停止し、その結果、リクエストは503エラーを返し始めた。これとは別に、メトリクスシステムは証明書の有効期限が切れたためデータの公開を停止したが、それが決済サービスの停止を引き起こしたわけではなかった。,"{""residual_uncertainty"": 0.0, ""structural_compatibility"": null, ""structural_brittleness"": null, ""weakest_legibility"": 1.0, ""legibility_spread"": 0.0, ""cognitive_remembrance"": 1.0, ""structural_mark"": {""uncertainty"": ""MAXIMUM"", ""compatibility"": ""NOT_ESTIMABLE"", ""robustness"": ""NOT_ESTIMABLE"", ""legibility"": ""MAXIMUM"", ""short_label"": ""U:MAX|C:NA|R:NA|L:MAX"", ""fully_estimable"": false}, ""structural_basis"": ""PARTIALLY_ESTIMABLE"", ""state_path"": [""WHY"", ""WHAT"", ""WHY"", ""WHAT"", ""WHY"", ""WHAT"", ""WHY""], ""transition_path"": [""INTERPRETIVE_PROJECTION"", ""GENERATIVE_LINK"", ""INTERPRETIVE_PROJECTION"", ""INTERPRETIVE_PROJECTION"", ""GENERATIVE_LINK""], ""unknown_state_ratio"": 0.0}","{""residual_uncertainty"": {""canonical"": 0.0, ""observed"": 0.0, ""comparable"": true, ""absolute_difference"": 0.0}, ""structural_compatibility"": {""canonical"": null, ""observed"": null, ""comparable"": false, ""absolute_difference"": null}, ""structural_brittleness"": {""canonical"": null, ""observed"": null, ""comparable"": false, ""absolute_difference"": null}, ""weakest_legibility"": {""canonical"": 1.0, ""observed"": 1.0, ""comparable"": true, ""absolute_difference"": 0.0}, ""legibility_spread"": {""canonical"": 0.0, ""observed"": 0.0, ""comparable"": true, ""absolute_difference"": 0.0}, ""cognitive_remembrance"": {""canonical"": 0.7142857142857143, ""observed"": 1.0, ""comparable"": true, ""absolute_difference"": 0.2857142857142857}, ""unknown_state_ratio"": {""canonical"": 0.0, ""observed"": 0.0, ""comparable"": true, ""absolute_difference"": 0.0}, ""structural_mark_preserved"": true, ""structural_basis_preserved"": true, ""state_path_preserved"": false, ""transition_path_preserved"": false}","{""state_sequence"": [""WHY"", ""WHAT"", ""WHY"", ""WHAT"", ""WHY"", ""WHAT"", ""WHY""], ""relation_sequence"": [""WHY|INTERPRETIVE_PROJECTION|WHAT|EXPLICIT"", ""WHAT|GENERATIVE_LINK|WHY|EXPLICIT"", ""WHY|INTERPRETIVE_PROJECTION|WHAT|EXPLICIT"", ""WHY|INTERPRETIVE_PROJECTION|WHAT|EXPLICIT"", ""WHAT|GENERATIVE_LINK|WHY|EXPLICIT""], ""trajectory_boundaries"": [3, 6], ""trajectory_ranges"": [{""start_state_occurrence_index"": 0, ""end_state_occurrence_index"": 3}, {""start_state_occurrence_index"": 4, ""end_state_occurrence_index"": 6}], ""relation_occurrences"": [{""from_state_occurrence_index"": 0, ""to_state_occurrence_index"": 1}, {""from_state_occurrence_index"": 1, ""to_state_occurrence_index"": 2}, {""from_state_occurrence_index"": 2, ""to_state_occurrence_index"": 3}, {""from_state_occurrence_index"": 4, ""to_state_occurrence_index"": 5}, {""from_state_occurrence_index"": 5, ""to_state_occurrence_index"": 6}]}","{""permutation_disposition"": ""FUTURE_FORWARD_FIX"", ""permutation_narrative"": ""Major and Prime reached no discriminative chief criterion; the original trajectory is preserved by economy of intervention. In OPEN this is a presumption to preserve, not proof that the permuted realization is contextually inferior."", ""unresolved_profile"": {""total_state_count"": 7, ""unknown_state_count"": 0, ""unknown_state_ratio"": 0.0, ""unknown_state_occurrence_indices"": [], ""unknown_runs"": [], ""fully_unresolved"": false}}",2543.8112998381257,3446.6613000258803,5.517000099644065,5996.116699883714,False,False
stress-multitrajectory-001,LLM_MDPAR,3,ja,tr,決済サービスは接続プールを使い果たしたため停止し、その結果、リクエストは503エラーを返し始めた。これとは別に、メトリクスシステムは証明書の有効期限が切れたためデータの公開を停止したが、それが決済サービスの停止を引き起こしたわけではなかった。,"Ödeme hizmeti, bağlantı havuzunu tükettiği için çöktü; bunun sonucunda istekler 503 hatası döndürmeye başladı. Ayrı olarak, metrik sistemi sertifikasının süresi dolduğu için veri yayımlamayı durdurdu; ancak bu, ödeme hizmetinin çökmesine neden olmadı.","{""residual_uncertainty"": 0.0, ""structural_compatibility"": null, ""structural_brittleness"": null, ""weakest_legibility"": 1.0, ""legibility_spread"": 0.0, ""cognitive_remembrance"": 1.0, ""structural_mark"": {""uncertainty"": ""MAXIMUM"", ""compatibility"": ""NOT_ESTIMABLE"", ""robustness"": ""NOT_ESTIMABLE"", ""legibility"": ""MAXIMUM"", ""short_label"": ""U:MAX|C:NA|R:NA|L:MAX"", ""fully_estimable"": false}, ""structural_basis"": ""PARTIALLY_ESTIMABLE"", ""state_path"": [""WHY"", ""WHAT"", ""WHAT"", ""WHY"", ""WHAT"", ""WHAT""], ""transition_path"": [""INTERPRETIVE_PROJECTION"", ""CHAIN_CONNECTOR"", ""INTERPRETIVE_PROJECTION"", ""CHAIN_CONNECTOR""], ""unknown_state_ratio"": 0.0}","{""residual_uncertainty"": {""canonical"": 0.0, ""observed"": 0.0, ""comparable"": true, ""absolute_difference"": 0.0}, ""structural_compatibility"": {""canonical"": null, ""observed"": null, ""comparable"": false, ""absolute_difference"": null}, ""structural_brittleness"": {""canonical"": null, ""observed"": null, ""comparable"": false, ""absolute_difference"": null}, ""weakest_legibility"": {""canonical"": 1.0, ""observed"": 1.0, ""comparable"": true, ""absolute_difference"": 0.0}, ""legibility_spread"": {""canonical"": 0.0, ""observed"": 0.0, ""comparable"": true, ""absolute_difference"": 0.0}, ""cognitive_remembrance"": {""canonical"": 0.7142857142857143, ""observed"": 1.0, ""comparable"": true, ""absolute_difference"": 0.2857142857142857}, ""unknown_state_ratio"": {""canonical"": 0.0, ""observed"": 0.0, ""comparable"": true, ""absolute_difference"": 0.0}, ""structural_mark_preserved"": true, ""structural_basis_preserved"": true, ""state_path_preserved"": false, ""transition_path_preserved"": false}","{""state_sequence"": [""WHY"", ""WHAT"", ""WHAT"", ""WHY"", ""WHAT"", ""WHAT""], ""relation_sequence"": [""WHY|INTERPRETIVE_PROJECTION|WHAT|EXPLICIT"", ""WHAT|CHAIN_CONNECTOR|WHAT|EXPLICIT"", ""WHY|INTERPRETIVE_PROJECTION|WHAT|EXPLICIT"", ""WHAT|CHAIN_CONNECTOR|WHAT|EXPLICIT""], ""trajectory_boundaries"": [2, 5], ""trajectory_ranges"": [{""start_state_occurrence_index"": 0, ""end_state_occurrence_index"": 2}, {""start_state_occurrence_index"": 3, ""end_state_occurrence_index"": 5}], ""relation_occurrences"": [{""from_state_occurrence_index"": 0, ""to_state_occurrence_index"": 1}, {""from_state_occurrence_index"": 1, ""to_state_occurrence_index"": 2}, {""from_state_occurrence_index"": 3, ""to_state_occurrence_index"": 4}, {""from_state_occurrence_index"": 4, ""to_state_occurrence_index"": 5}]}","{""permutation_disposition"": ""FUTURE_FORWARD_FIX"", ""permutation_narrative"": ""Major and Prime reached no discriminative chief criterion; the original trajectory is preserved by economy of intervention. In OPEN this is a presumption to preserve, not proof that the permuted realization is contextually inferior."", ""unresolved_profile"": {""total_state_count"": 6, ""unknown_state_count"": 0, ""unknown_state_ratio"": 0.0, ""unknown_state_occurrence_indices"": [], ""unknown_runs"": [], ""fully_unresolved"": false}}",2041.9572999235243,4119.287600042298,8.877299958840013,6170.247599948198,False,False
stress-multitrajectory-001,LLM_MDPAR,4,tr,fr,"Ödeme hizmeti, bağlantı havuzunu tükettiği için çöktü; bunun sonucunda istekler 503 hatası döndürmeye başladı. Ayrı olarak, metrik sistemi sertifikasının süresi dolduğu için veri yayımlamayı durdurdu; ancak bu, ödeme hizmetinin çökmesine neden olmadı.","Le service de paiement est tombé en panne parce qu’il avait épuisé le pool de connexions, si bien que les requêtes ont commencé à renvoyer une erreur 503. Par ailleurs, le système de métriques a cessé de publier des données parce que son certificat avait expiré ; toutefois, cela n’a pas causé la panne du service de paiement.","{""residual_uncertainty"": 0.0, ""structural_compatibility"": null, ""structural_brittleness"": null, ""weakest_legibility"": 1.0, ""legibility_spread"": 0.0, ""cognitive_remembrance"": 1.0, ""structural_mark"": {""uncertainty"": ""MAXIMUM"", ""compatibility"": ""NOT_ESTIMABLE"", ""robustness"": ""NOT_ESTIMABLE"", ""legibility"": ""MAXIMUM"", ""short_label"": ""U:MAX|C:NA|R:NA|L:MAX"", ""fully_estimable"": false}, ""structural_basis"": ""PARTIALLY_ESTIMABLE"", ""state_path"": [""WHAT"", ""WHY"", ""WHAT"", ""WHAT"", ""WHY"", ""WHAT""], ""transition_path"": [""GENERATIVE_LINK"", ""INTERPRETIVE_PROJECTION"", ""GENERATIVE_LINK"", ""INTERPRETIVE_PROJECTION""], ""unknown_state_ratio"": 0.0}","{""residual_uncertainty"": {""canonical"": 0.0, ""observed"": 0.0, ""comparable"": true, ""absolute_difference"": 0.0}, ""structural_compatibility"": {""canonical"": null, ""observed"": null, ""comparable"": false, ""absolute_difference"": null}, ""structural_brittleness"": {""canonical"": null, ""observed"": null, ""comparable"": false, ""absolute_difference"": null}, ""weakest_legibility"": {""canonical"": 1.0, ""observed"": 1.0, ""comparable"": true, ""absolute_difference"": 0.0}, ""legibility_spread"": {""canonical"": 0.0, ""observed"": 0.0, ""comparable"": true, ""absolute_difference"": 0.0}, ""cognitive_remembrance"": {""canonical"": 0.7142857142857143, ""observed"": 1.0, ""comparable"": true, ""absolute_difference"": 0.2857142857142857}, ""unknown_state_ratio"": {""canonical"": 0.0, ""observed"": 0.0, ""comparable"": true, ""absolute_difference"": 0.0}, ""structural_mark_preserved"": true, ""structural_basis_preserved"": true, ""state_path_preserved"": false, ""transition_path_preserved"": false}","{""state_sequence"": [""WHAT"", ""WHY"", ""WHAT"", ""WHAT"", ""WHY"", ""WHAT""], ""relation_sequence"": [""WHAT|GENERATIVE_LINK|WHY|EXPLICIT"", ""WHY|INTERPRETIVE_PROJECTION|WHAT|EXPLICIT"", ""WHAT|GENERATIVE_LINK|WHY|EXPLICIT"", ""WHY|INTERPRETIVE_PROJECTION|WHAT|EXPLICIT""], ""trajectory_boundaries"": [2, 5], ""trajectory_ranges"": [{""start_state_occurrence_index"": 0, ""end_state_occurrence_index"": 2}, {""start_state_occurrence_index"": 3, ""end_state_occurrence_index"": 5}], ""relation_occurrences"": [{""from_state_occurrence_index"": 0, ""to_state_occurrence_index"": 1}, {""from_state_occurrence_index"": 1, ""to_state_occurrence_index"": 2}, {""from_state_occurrence_index"": 3, ""to_state_occurrence_index"": 4}, {""from_state_occurrence_index"": 4, ""to_state_occurrence_index"": 5}]}","{""permutation_disposition"": ""FUTURE_FORWARD_FIX"", ""permutation_narrative"": ""Major and Prime reached no discriminative chief criterion; the original trajectory is preserved by economy of intervention. In OPEN this is a presumption to preserve, not proof that the permuted realization is contextually inferior."", ""unresolved_profile"": {""total_state_count"": 6, ""unknown_state_count"": 0, ""unknown_state_ratio"": 0.0, ""unknown_state_occurrence_indices"": [], ""unknown_runs"": [], ""fully_unresolved"": false}}",2294.549799989909,3316.9069001451135,5.132399965077639,5616.700199898332,False,False
stress-multitrajectory-001,LLM_MDPAR,5,fr,es,"Le service de paiement est tombé en panne parce qu’il avait épuisé le pool de connexions, si bien que les requêtes ont commencé à renvoyer une erreur 503. Par ailleurs, le système de métriques a cessé de publier des données parce que son certificat avait expiré ; toutefois, cela n’a pas causé la panne du service de paiement.","El servicio de pagos falló porque agotó el pool de conexiones, de modo que las solicitudes comenzaron a devolver un error 503. Por otra parte, el sistema de métricas dejó de publicar datos porque su certificado había expirado; sin embargo, eso no causó el fallo del servicio de pagos.","{""residual_uncertainty"": 0.0, ""structural_compatibility"": null, ""structural_brittleness"": null, ""weakest_legibility"": 1.0, ""legibility_spread"": 0.0, ""cognitive_remembrance"": 1.0, ""structural_mark"": {""uncertainty"": ""MAXIMUM"", ""compatibility"": ""NOT_ESTIMABLE"", ""robustness"": ""NOT_ESTIMABLE"", ""legibility"": ""MAXIMUM"", ""short_label"": ""U:MAX|C:NA|R:NA|L:MAX"", ""fully_estimable"": false}, ""structural_basis"": ""PARTIALLY_ESTIMABLE"", ""state_path"": [""WHAT"", ""WHY"", ""WHAT"", ""WHAT"", ""WHY"", ""WHAT""], ""transition_path"": [""GENERATIVE_LINK"", ""INTERPRETIVE_PROJECTION"", ""GENERATIVE_LINK"", ""INTERPRETIVE_PROJECTION""], ""unknown_state_ratio"": 0.0}","{""residual_uncertainty"": {""canonical"": 0.0, ""observed"": 0.0, ""comparable"": true, ""absolute_difference"": 0.0}, ""structural_compatibility"": {""canonical"": null, ""observed"": null, ""comparable"": false, ""absolute_difference"": null}, ""structural_brittleness"": {""canonical"": null, ""observed"": null, ""comparable"": false, ""absolute_difference"": null}, ""weakest_legibility"": {""canonical"": 1.0, ""observed"": 1.0, ""comparable"": true, ""absolute_difference"": 0.0}, ""legibility_spread"": {""canonical"": 0.0, ""observed"": 0.0, ""comparable"": true, ""absolute_difference"": 0.0}, ""cognitive_remembrance"": {""canonical"": 0.7142857142857143, ""observed"": 1.0, ""comparable"": true, ""absolute_difference"": 0.2857142857142857}, ""unknown_state_ratio"": {""canonical"": 0.0, ""observed"": 0.0, ""comparable"": true, ""absolute_difference"": 0.0}, ""structural_mark_preserved"": true, ""structural_basis_preserved"": true, ""state_path_preserved"": false, ""transition_path_preserved"": false}","{""state_sequence"": [""WHAT"", ""WHY"", ""WHAT"", ""WHAT"", ""WHY"", ""WHAT""], ""relation_sequence"": [""WHAT|GENERATIVE_LINK|WHY|EXPLICIT"", ""WHY|INTERPRETIVE_PROJECTION|WHAT|EXPLICIT"", ""WHAT|GENERATIVE_LINK|WHY|EXPLICIT"", ""WHY|INTERPRETIVE_PROJECTION|WHAT|EXPLICIT""], ""trajectory_boundaries"": [2, 5], ""trajectory_ranges"": [{""start_state_occurrence_index"": 0, ""end_state_occurrence_index"": 2}, {""start_state_occurrence_index"": 3, ""end_state_occurrence_index"": 5}], ""relation_occurrences"": [{""from_state_occurrence_index"": 0, ""to_state_occurrence_index"": 1}, {""from_state_occurrence_index"": 1, ""to_state_occurrence_index"": 2}, {""from_state_occurrence_index"": 3, ""to_state_occurrence_index"": 4}, {""from_state_occurrence_index"": 4, ""to_state_occurrence_index"": 5}]}","{""permutation_disposition"": ""FUTURE_FORWARD_FIX"", ""permutation_narrative"": ""Major and Prime reached no discriminative chief criterion; the original trajectory is preserved by economy of intervention. In OPEN this is a presumption to preserve, not proof that the permuted realization is contextually inferior."", ""unresolved_profile"": {""total_state_count"": 6, ""unknown_state_count"": 0, ""unknown_state_ratio"": 0.0, ""unknown_state_occurrence_indices"": [], ""unknown_runs"": [], ""fully_unresolved"": false}}",1833.899499848485,3777.7418000623584,4.427900072187185,5616.177899995819,False,False
stress-full-unknown-001,LLM_ONLY,0,und,en,wwofniesnfsoi grtzz qplm 441?? zxxv,wwofniesnfsoi grtzz qplm 441?? zxxv,"{""residual_uncertainty"": 1.0, ""structural_compatibility"": null, ""structural_brittleness"": null, ""weakest_legibility"": null, ""legibility_spread"": null, ""cognitive_remembrance"": null, ""structural_mark"": {""uncertainty"": ""MINIMUM"", ""compatibility"": ""NOT_ESTIMABLE"", ""robustness"": ""NOT_ESTIMABLE"", ""legibility"": ""NOT_ESTIMABLE"", ""short_label"": ""U:MIN|C:NA|R:NA|L:NA"", ""fully_estimable"": false}, ""structural_basis"": ""PARTIALLY_ESTIMABLE"", ""state_path"": [""UNKNOWN""], ""transition_path"": [], ""unknown_state_ratio"": 1.0}","{""residual_uncertainty"": {""canonical"": 1.0, ""observed"": 1.0, ""comparable"": true, ""absolute_difference"": 0.0}, ""structural_compatibility"": {""canonical"": null, ""observed"": null, ""comparable"": false, ""absolute_difference"": null}, ""structural_brittleness"": {""canonical"": null, ""observed"": null, ""comparable"": false, ""absolute_difference"": null}, ""weakest_legibility"": {""canonical"": null, ""observed"": null, ""comparable"": false, ""absolute_difference"": null}, ""legibility_spread"": {""canonical"": null, ""observed"": null, ""comparable"": false, ""absolute_difference"": null}, ""cognitive_remembrance"": {""canonical"": null, ""observed"": null, ""comparable"": false, ""absolute_difference"": null}, ""unknown_state_ratio"": {""canonical"": 1.0, ""observed"": 1.0, ""comparable"": true, ""absolute_difference"": 0.0}, ""structural_mark_preserved"": true, ""structural_basis_preserved"": true, ""state_path_preserved"": true, ""transition_path_preserved"": true}","{""state_sequence"": [""UNKNOWN""], ""relation_sequence"": [], ""trajectory_boundaries"": [], ""trajectory_ranges"": [], ""relation_occurrences"": []}","{""permutation_disposition"": null, ""permutation_narrative"": ""No permutation experiment exists because no positive SCC trajectory was identified."", ""unresolved_profile"": {""total_state_count"": 1, ""unknown_state_count"": 1, ""unknown_state_ratio"": 1.0, ""unknown_state_occurrence_indices"": [0], ""unknown_runs"": [{""start_state_occurrence_index"": 0, ""end_state_occurrence_index"": 0, ""length"": 1}], ""fully_unresolved"": true}}",1232.4441000819206,2019.4620999973267,0.9075000416487455,3252.8925999067724,False,True
stress-full-unknown-001,LLM_ONLY,1,en,de,wwofniesnfsoi grtzz qplm 441?? zxxv,wwofniesnfsoi grtzz qplm 441?? zxxv,"{""residual_uncertainty"": 1.0, ""structural_compatibility"": null, ""structural_brittleness"": null, ""weakest_legibility"": null, ""legibility_spread"": null, ""cognitive_remembrance"": null, ""structural_mark"": {""uncertainty"": ""MINIMUM"", ""compatibility"": ""NOT_ESTIMABLE"", ""robustness"": ""NOT_ESTIMABLE"", ""legibility"": ""NOT_ESTIMABLE"", ""short_label"": ""U:MIN|C:NA|R:NA|L:NA"", ""fully_estimable"": false}, ""structural_basis"": ""PARTIALLY_ESTIMABLE"", ""state_path"": [""UNKNOWN""], ""transition_path"": [], ""unknown_state_ratio"": 1.0}","{""residual_uncertainty"": {""canonical"": 1.0, ""observed"": 1.0, ""comparable"": true, ""absolute_difference"": 0.0}, ""structural_compatibility"": {""canonical"": null, ""observed"": null, ""comparable"": false, ""absolute_difference"": null}, ""structural_brittleness"": {""canonical"": null, ""observed"": null, ""comparable"": false, ""absolute_difference"": null}, ""weakest_legibility"": {""canonical"": null, ""observed"": null, ""comparable"": false, ""absolute_difference"": null}, ""legibility_spread"": {""canonical"": null, ""observed"": null, ""comparable"": false, ""absolute_difference"": null}, ""cognitive_remembrance"": {""canonical"": null, ""observed"": null, ""comparable"": false, ""absolute_difference"": null}, ""unknown_state_ratio"": {""canonical"": 1.0, ""observed"": 1.0, ""comparable"": true, ""absolute_difference"": 0.0}, ""structural_mark_preserved"": true, ""structural_basis_preserved"": true, ""state_path_preserved"": true, ""transition_path_preserved"": true}","{""state_sequence"": [""UNKNOWN""], ""relation_sequence"": [], ""trajectory_boundaries"": [], ""trajectory_ranges"": [], ""relation_occurrences"": []}","{""permutation_disposition"": null, ""permutation_narrative"": ""No permutation experiment exists because no positive SCC trajectory was identified."", ""unresolved_profile"": {""total_state_count"": 1, ""unknown_state_count"": 1, ""unknown_state_ratio"": 1.0, ""unknown_state_occurrence_indices"": [0], ""unknown_runs"": [{""start_state_occurrence_index"": 0, ""end_state_occurrence_index"": 0, ""length"": 1}], ""fully_unresolved"": true}}",1204.5122999697924,1819.3253998178989,0.7870001718401909,3024.695700034499,False,True
stress-full-unknown-001,LLM_ONLY,2,de,ja,wwofniesnfsoi grtzz qplm 441?? zxxv,wwofniesnfsoi grtzz qplm 441?? zxxv,"{""residual_uncertainty"": 1.0, ""structural_compatibility"": null, ""structural_brittleness"": null, ""weakest_legibility"": null, ""legibility_spread"": null, ""cognitive_remembrance"": null, ""structural_mark"": {""uncertainty"": ""MINIMUM"", ""compatibility"": ""NOT_ESTIMABLE"", ""robustness"": ""NOT_ESTIMABLE"", ""legibility"": ""NOT_ESTIMABLE"", ""short_label"": ""U:MIN|C:NA|R:NA|L:NA"", ""fully_estimable"": false}, ""structural_basis"": ""PARTIALLY_ESTIMABLE"", ""state_path"": [""UNKNOWN""], ""transition_path"": [], ""unknown_state_ratio"": 1.0}","{""residual_uncertainty"": {""canonical"": 1.0, ""observed"": 1.0, ""comparable"": true, ""absolute_difference"": 0.0}, ""structural_compatibility"": {""canonical"": null, ""observed"": null, ""comparable"": false, ""absolute_difference"": null}, ""structural_brittleness"": {""canonical"": null, ""observed"": null, ""comparable"": false, ""absolute_difference"": null}, ""weakest_legibility"": {""canonical"": null, ""observed"": null, ""comparable"": false, ""absolute_difference"": null}, ""legibility_spread"": {""canonical"": null, ""observed"": null, ""comparable"": false, ""absolute_difference"": null}, ""cognitive_remembrance"": {""canonical"": null, ""observed"": null, ""comparable"": false, ""absolute_difference"": null}, ""unknown_state_ratio"": {""canonical"": 1.0, ""observed"": 1.0, ""comparable"": true, ""absolute_difference"": 0.0}, ""structural_mark_preserved"": true, ""structural_basis_preserved"": true, ""state_path_preserved"": true, ""transition_path_preserved"": true}","{""state_sequence"": [""UNKNOWN""], ""relation_sequence"": [], ""trajectory_boundaries"": [], ""trajectory_ranges"": [], ""relation_occurrences"": []}","{""permutation_disposition"": null, ""permutation_narrative"": ""No permutation experiment exists because no positive SCC trajectory was identified."", ""unresolved_profile"": {""total_state_count"": 1, ""unknown_state_count"": 1, ""unknown_state_ratio"": 1.0, ""unknown_state_occurrence_indices"": [0], ""unknown_runs"": [{""start_state_occurrence_index"": 0, ""end_state_occurrence_index"": 0, ""length"": 1}], ""fully_unresolved"": true}}",1180.7662001810968,1381.4698997884989,0.9421999566257,2563.249900005758,False,True
stress-full-unknown-001,LLM_ONLY,3,ja,es,wwofniesnfsoi grtzz qplm 441?? zxxv,wwofniesnfsoi grtzz qplm 441?? zxxv,"{""residual_uncertainty"": 1.0, ""structural_compatibility"": null, ""structural_brittleness"": null, ""weakest_legibility"": null, ""legibility_spread"": null, ""cognitive_remembrance"": null, ""structural_mark"": {""uncertainty"": ""MINIMUM"", ""compatibility"": ""NOT_ESTIMABLE"", ""robustness"": ""NOT_ESTIMABLE"", ""legibility"": ""NOT_ESTIMABLE"", ""short_label"": ""U:MIN|C:NA|R:NA|L:NA"", ""fully_estimable"": false}, ""structural_basis"": ""PARTIALLY_ESTIMABLE"", ""state_path"": [""UNKNOWN""], ""transition_path"": [], ""unknown_state_ratio"": 1.0}","{""residual_uncertainty"": {""canonical"": 1.0, ""observed"": 1.0, ""comparable"": true, ""absolute_difference"": 0.0}, ""structural_compatibility"": {""canonical"": null, ""observed"": null, ""comparable"": false, ""absolute_difference"": null}, ""structural_brittleness"": {""canonical"": null, ""observed"": null, ""comparable"": false, ""absolute_difference"": null}, ""weakest_legibility"": {""canonical"": null, ""observed"": null, ""comparable"": false, ""absolute_difference"": null}, ""legibility_spread"": {""canonical"": null, ""observed"": null, ""comparable"": false, ""absolute_difference"": null}, ""cognitive_remembrance"": {""canonical"": null, ""observed"": null, ""comparable"": false, ""absolute_difference"": null}, ""unknown_state_ratio"": {""canonical"": 1.0, ""observed"": 1.0, ""comparable"": true, ""absolute_difference"": 0.0}, ""structural_mark_preserved"": true, ""structural_basis_preserved"": true, ""state_path_preserved"": true, ""transition_path_preserved"": true}","{""state_sequence"": [""UNKNOWN""], ""relation_sequence"": [], ""trajectory_boundaries"": [], ""trajectory_ranges"": [], ""relation_occurrences"": []}","{""permutation_disposition"": null, ""permutation_narrative"": ""No permutation experiment exists because no positive SCC trajectory was identified."", ""unresolved_profile"": {""total_state_count"": 1, ""unknown_state_count"": 1, ""unknown_state_ratio"": 1.0, ""unknown_state_occurrence_indices"": [0], ""unknown_runs"": [{""start_state_occurrence_index"": 0, ""end_state_occurrence_index"": 0, ""length"": 1}], ""fully_unresolved"": true}}",1251.2149000540376,2263.551600044593,0.798200024291873,3515.6340999528766,False,True
stress-full-unknown-001,LLM_MDPAR,0,und,en,wwofniesnfsoi grtzz qplm 441?? zxxv,wwofniesnfsoi grtzz qplm 441?? zxxv,"{""residual_uncertainty"": 1.0, ""structural_compatibility"": null, ""structural_brittleness"": null, ""weakest_legibility"": null, ""legibility_spread"": null, ""cognitive_remembrance"": null, ""structural_mark"": {""uncertainty"": ""MINIMUM"", ""compatibility"": ""NOT_ESTIMABLE"", ""robustness"": ""NOT_ESTIMABLE"", ""legibility"": ""NOT_ESTIMABLE"", ""short_label"": ""U:MIN|C:NA|R:NA|L:NA"", ""fully_estimable"": false}, ""structural_basis"": ""PARTIALLY_ESTIMABLE"", ""state_path"": [""UNKNOWN""], ""transition_path"": [], ""unknown_state_ratio"": 1.0}","{""residual_uncertainty"": {""canonical"": 1.0, ""observed"": 1.0, ""comparable"": true, ""absolute_difference"": 0.0}, ""structural_compatibility"": {""canonical"": null, ""observed"": null, ""comparable"": false, ""absolute_difference"": null}, ""structural_brittleness"": {""canonical"": null, ""observed"": null, ""comparable"": false, ""absolute_difference"": null}, ""weakest_legibility"": {""canonical"": null, ""observed"": null, ""comparable"": false, ""absolute_difference"": null}, ""legibility_spread"": {""canonical"": null, ""observed"": null, ""comparable"": false, ""absolute_difference"": null}, ""cognitive_remembrance"": {""canonical"": null, ""observed"": null, ""comparable"": false, ""absolute_difference"": null}, ""unknown_state_ratio"": {""canonical"": 1.0, ""observed"": 1.0, ""comparable"": true, ""absolute_difference"": 0.0}, ""structural_mark_preserved"": true, ""structural_basis_preserved"": true, ""state_path_preserved"": true, ""transition_path_preserved"": true}","{""state_sequence"": [""UNKNOWN""], ""relation_sequence"": [], ""trajectory_boundaries"": [], ""trajectory_ranges"": [], ""relation_occurrences"": []}","{""permutation_disposition"": null, ""permutation_narrative"": ""No permutation experiment exists because no positive SCC trajectory was identified."", ""unresolved_profile"": {""total_state_count"": 1, ""unknown_state_count"": 1, ""unknown_state_ratio"": 1.0, ""unknown_state_occurrence_indices"": [0], ""unknown_runs"": [{""start_state_occurrence_index"": 0, ""end_state_occurrence_index"": 0, ""length"": 1}], ""fully_unresolved"": true}}",1105.0519000273198,1536.4392998162657,0.8376999758183956,2642.416999908164,False,True
stress-full-unknown-001,LLM_MDPAR,1,en,de,wwofniesnfsoi grtzz qplm 441?? zxxv,wwofniesnfsoi grtzz qplm 441?? zxxv,"{""residual_uncertainty"": 1.0, ""structural_compatibility"": null, ""structural_brittleness"": null, ""weakest_legibility"": null, ""legibility_spread"": null, ""cognitive_remembrance"": null, ""structural_mark"": {""uncertainty"": ""MINIMUM"", ""compatibility"": ""NOT_ESTIMABLE"", ""robustness"": ""NOT_ESTIMABLE"", ""legibility"": ""NOT_ESTIMABLE"", ""short_label"": ""U:MIN|C:NA|R:NA|L:NA"", ""fully_estimable"": false}, ""structural_basis"": ""PARTIALLY_ESTIMABLE"", ""state_path"": [""UNKNOWN""], ""transition_path"": [], ""unknown_state_ratio"": 1.0}","{""residual_uncertainty"": {""canonical"": 1.0, ""observed"": 1.0, ""comparable"": true, ""absolute_difference"": 0.0}, ""structural_compatibility"": {""canonical"": null, ""observed"": null, ""comparable"": false, ""absolute_difference"": null}, ""structural_brittleness"": {""canonical"": null, ""observed"": null, ""comparable"": false, ""absolute_difference"": null}, ""weakest_legibility"": {""canonical"": null, ""observed"": null, ""comparable"": false, ""absolute_difference"": null}, ""legibility_spread"": {""canonical"": null, ""observed"": null, ""comparable"": false, ""absolute_difference"": null}, ""cognitive_remembrance"": {""canonical"": null, ""observed"": null, ""comparable"": false, ""absolute_difference"": null}, ""unknown_state_ratio"": {""canonical"": 1.0, ""observed"": 1.0, ""comparable"": true, ""absolute_difference"": 0.0}, ""structural_mark_preserved"": true, ""structural_basis_preserved"": true, ""state_path_preserved"": true, ""transition_path_preserved"": true}","{""state_sequence"": [""UNKNOWN""], ""relation_sequence"": [], ""trajectory_boundaries"": [], ""trajectory_ranges"": [], ""relation_occurrences"": []}","{""permutation_disposition"": null, ""permutation_narrative"": ""No permutation experiment exists because no positive SCC trajectory was identified."", ""unresolved_profile"": {""total_state_count"": 1, ""unknown_state_count"": 1, ""unknown_state_ratio"": 1.0, ""unknown_state_occurrence_indices"": [0], ""unknown_runs"": [{""start_state_occurrence_index"": 0, ""end_state_occurrence_index"": 0, ""length"": 1}], ""fully_unresolved"": true}}",1118.338700151071,1819.1839999053627,0.7243999280035496,2938.3164001628757,False,True
stress-full-unknown-001,LLM_MDPAR,2,de,ja,wwofniesnfsoi grtzz qplm 441?? zxxv,wwofniesnfsoi grtzz qplm 441?? zxxv,"{""residual_uncertainty"": 1.0, ""structural_compatibility"": null, ""structural_brittleness"": null, ""weakest_legibility"": null, ""legibility_spread"": null, ""cognitive_remembrance"": null, ""structural_mark"": {""uncertainty"": ""MINIMUM"", ""compatibility"": ""NOT_ESTIMABLE"", ""robustness"": ""NOT_ESTIMABLE"", ""legibility"": ""NOT_ESTIMABLE"", ""short_label"": ""U:MIN|C:NA|R:NA|L:NA"", ""fully_estimable"": false}, ""structural_basis"": ""PARTIALLY_ESTIMABLE"", ""state_path"": [""UNKNOWN""], ""transition_path"": [], ""unknown_state_ratio"": 1.0}","{""residual_uncertainty"": {""canonical"": 1.0, ""observed"": 1.0, ""comparable"": true, ""absolute_difference"": 0.0}, ""structural_compatibility"": {""canonical"": null, ""observed"": null, ""comparable"": false, ""absolute_difference"": null}, ""structural_brittleness"": {""canonical"": null, ""observed"": null, ""comparable"": false, ""absolute_difference"": null}, ""weakest_legibility"": {""canonical"": null, ""observed"": null, ""comparable"": false, ""absolute_difference"": null}, ""legibility_spread"": {""canonical"": null, ""observed"": null, ""comparable"": false, ""absolute_difference"": null}, ""cognitive_remembrance"": {""canonical"": null, ""observed"": null, ""comparable"": false, ""absolute_difference"": null}, ""unknown_state_ratio"": {""canonical"": 1.0, ""observed"": 1.0, ""comparable"": true, ""absolute_difference"": 0.0}, ""structural_mark_preserved"": true, ""structural_basis_preserved"": true, ""state_path_preserved"": true, ""transition_path_preserved"": true}","{""state_sequence"": [""UNKNOWN""], ""relation_sequence"": [], ""trajectory_boundaries"": [], ""trajectory_ranges"": [], ""relation_occurrences"": []}","{""permutation_disposition"": null, ""permutation_narrative"": ""No permutation experiment exists because no positive SCC trajectory was identified."", ""unresolved_profile"": {""total_state_count"": 1, ""unknown_state_count"": 1, ""unknown_state_ratio"": 1.0, ""unknown_state_occurrence_indices"": [0], ""unknown_runs"": [{""start_state_occurrence_index"": 0, ""end_state_occurrence_index"": 0, ""length"": 1}], ""fully_unresolved"": true}}",1164.1700000036508,2733.5673000197858,0.9445999749004841,3898.7557999789715,False,True
stress-full-unknown-001,LLM_MDPAR,3,ja,es,wwofniesnfsoi grtzz qplm 441?? zxxv,wwofniesnfsoi grtzz qplm 441?? zxxv,"{""residual_uncertainty"": 1.0, ""structural_compatibility"": null, ""structural_brittleness"": null, ""weakest_legibility"": null, ""legibility_spread"": null, ""cognitive_remembrance"": null, ""structural_mark"": {""uncertainty"": ""MINIMUM"", ""compatibility"": ""NOT_ESTIMABLE"", ""robustness"": ""NOT_ESTIMABLE"", ""legibility"": ""NOT_ESTIMABLE"", ""short_label"": ""U:MIN|C:NA|R:NA|L:NA"", ""fully_estimable"": false}, ""structural_basis"": ""PARTIALLY_ESTIMABLE"", ""state_path"": [""UNKNOWN""], ""transition_path"": [], ""unknown_state_ratio"": 1.0}","{""residual_uncertainty"": {""canonical"": 1.0, ""observed"": 1.0, ""comparable"": true, ""absolute_difference"": 0.0}, ""structural_compatibility"": {""canonical"": null, ""observed"": null, ""comparable"": false, ""absolute_difference"": null}, ""structural_brittleness"": {""canonical"": null, ""observed"": null, ""comparable"": false, ""absolute_difference"": null}, ""weakest_legibility"": {""canonical"": null, ""observed"": null, ""comparable"": false, ""absolute_difference"": null}, ""legibility_spread"": {""canonical"": null, ""observed"": null, ""comparable"": false, ""absolute_difference"": null}, ""cognitive_remembrance"": {""canonical"": null, ""observed"": null, ""comparable"": false, ""absolute_difference"": null}, ""unknown_state_ratio"": {""canonical"": 1.0, ""observed"": 1.0, ""comparable"": true, ""absolute_difference"": 0.0}, ""structural_mark_preserved"": true, ""structural_basis_preserved"": true, ""state_path_preserved"": true, ""transition_path_preserved"": true}","{""state_sequence"": [""UNKNOWN""], ""relation_sequence"": [], ""trajectory_boundaries"": [], ""trajectory_ranges"": [], ""relation_occurrences"": []}","{""permutation_disposition"": null, ""permutation_narrative"": ""No permutation experiment exists because no positive SCC trajectory was identified."", ""unresolved_profile"": {""total_state_count"": 1, ""unknown_state_count"": 1, ""unknown_state_ratio"": 1.0, ""unknown_state_occurrence_indices"": [0], ""unknown_runs"": [{""start_state_occurrence_index"": 0, ""end_state_occurrence_index"": 0, ""length"": 1}], ""fully_unresolved"": true}}",1209.117399994284,1399.4247999507934,0.9105999488383532,2609.5432001166046,False,True
stress-quantifiers-001,LLM_ONLY,0,es,en,"Cada auditor revisó al menos un expediente, pero ningún auditor revisó todos los expedientes y exactamente un expediente fue revisado por todos los auditores.","Each auditor reviewed at least one file, but no auditor reviewed all the files, and exactly one file was reviewed by all the auditors.","{""residual_uncertainty"": 0.0, ""structural_compatibility"": null, ""structural_brittleness"": null, ""weakest_legibility"": 1.0, ""legibility_spread"": 0.0, ""cognitive_remembrance"": 1.0, ""structural_mark"": {""uncertainty"": ""MAXIMUM"", ""compatibility"": ""NOT_ESTIMABLE"", ""robustness"": ""NOT_ESTIMABLE"", ""legibility"": ""MAXIMUM"", ""short_label"": ""U:MAX|C:NA|R:NA|L:MAX"", ""fully_estimable"": false}, ""structural_basis"": ""PARTIALLY_ESTIMABLE"", ""state_path"": [""WHAT"", ""HOW_MUCH"", ""HOW_MUCH"", ""HOW_MUCH""], ""transition_path"": [""CHAIN_CONNECTOR"", ""CHAIN_CONNECTOR"", ""CHAIN_CONNECTOR""], ""unknown_state_ratio"": 0.0}","{""residual_uncertainty"": {""canonical"": 0.0, ""observed"": 0.0, ""comparable"": true, ""absolute_difference"": 0.0}, ""structural_compatibility"": {""canonical"": null, ""observed"": null, ""comparable"": false, ""absolute_difference"": null}, ""structural_brittleness"": {""canonical"": null, ""observed"": null, ""comparable"": false, ""absolute_difference"": null}, ""weakest_legibility"": {""canonical"": 1.0, ""observed"": 1.0, ""comparable"": true, ""absolute_difference"": 0.0}, ""legibility_spread"": {""canonical"": 0.0, ""observed"": 0.0, ""comparable"": true, ""absolute_difference"": 0.0}, ""cognitive_remembrance"": {""canonical"": 0.7142857142857143, ""observed"": 1.0, ""comparable"": true, ""absolute_difference"": 0.2857142857142857}, ""unknown_state_ratio"": {""canonical"": 0.0, ""observed"": 0.0, ""comparable"": true, ""absolute_difference"": 0.0}, ""structural_mark_preserved"": true, ""structural_basis_preserved"": true, ""state_path_preserved"": true, ""transition_path_preserved"": true}","{""state_sequence"": [""WHAT"", ""HOW_MUCH"", ""HOW_MUCH"", ""HOW_MUCH""], ""relation_sequence"": [""WHAT|CHAIN_CONNECTOR|HOW_MUCH|EXPLICIT"", ""HOW_MUCH|CHAIN_CONNECTOR|HOW_MUCH|EXPLICIT"", ""HOW_MUCH|CHAIN_CONNECTOR|HOW_MUCH|EXPLICIT""], ""trajectory_boundaries"": [3], ""trajectory_ranges"": [{""start_state_occurrence_index"": 0, ""end_state_occurrence_index"": 3}], ""relation_occurrences"": [{""from_state_occurrence_index"": 0, ""to_state_occurrence_index"": 1}, {""from_state_occurrence_index"": 1, ""to_state_occurrence_index"": 2}, {""from_state_occurrence_index"": 2, ""to_state_occurrence_index"": 3}]}","{""permutation_disposition"": ""FUTURE_FORWARD_FIX"", ""permutation_narrative"": ""Major and Prime reached no discriminative chief criterion; the original trajectory is preserved by economy of intervention. In OPEN this is a presumption to preserve, not proof that the permuted realization is contextually inferior."", ""unresolved_profile"": {""total_state_count"": 4, ""unknown_state_count"": 0, ""unknown_state_ratio"": 0.0, ""unknown_state_occurrence_indices"": [], ""unknown_runs"": [], ""fully_unresolved"": false}}",1355.457599973306,3026.191199896857,2.01370008289814,4383.760700002313,False,False
stress-quantifiers-001,LLM_ONLY,1,en,de,"Each auditor reviewed at least one file, but no auditor reviewed all the files, and exactly one file was reviewed by all the auditors.","Jeder Prüfer überprüfte mindestens eine Akte, aber kein Prüfer überprüfte alle Akten, und genau eine Akte wurde von allen Prüfern überprüft.","{""residual_uncertainty"": 0.0, ""structural_compatibility"": null, ""structural_brittleness"": null, ""weakest_legibility"": 1.0, ""legibility_spread"": 0.0, ""cognitive_remembrance"": 1.0, ""structural_mark"": {""uncertainty"": ""MAXIMUM"", ""compatibility"": ""NOT_ESTIMABLE"", ""robustness"": ""NOT_ESTIMABLE"", ""legibility"": ""MAXIMUM"", ""short_label"": ""U:MAX|C:NA|R:NA|L:MAX"", ""fully_estimable"": false}, ""structural_basis"": ""PARTIALLY_ESTIMABLE"", ""state_path"": [""WHAT"", ""HOW_MUCH"", ""HOW_MUCH"", ""HOW_MUCH""], ""transition_path"": [""CHAIN_CONNECTOR"", ""CHAIN_CONNECTOR"", ""CHAIN_CONNECTOR""], ""unknown_state_ratio"": 0.0}","{""residual_uncertainty"": {""canonical"": 0.0, ""observed"": 0.0, ""comparable"": true, ""absolute_difference"": 0.0}, ""structural_compatibility"": {""canonical"": null, ""observed"": null, ""comparable"": false, ""absolute_difference"": null}, ""structural_brittleness"": {""canonical"": null, ""observed"": null, ""comparable"": false, ""absolute_difference"": null}, ""weakest_legibility"": {""canonical"": 1.0, ""observed"": 1.0, ""comparable"": true, ""absolute_difference"": 0.0}, ""legibility_spread"": {""canonical"": 0.0, ""observed"": 0.0, ""comparable"": true, ""absolute_difference"": 0.0}, ""cognitive_remembrance"": {""canonical"": 0.7142857142857143, ""observed"": 1.0, ""comparable"": true, ""absolute_difference"": 0.2857142857142857}, ""unknown_state_ratio"": {""canonical"": 0.0, ""observed"": 0.0, ""comparable"": true, ""absolute_difference"": 0.0}, ""structural_mark_preserved"": true, ""structural_basis_preserved"": true, ""state_path_preserved"": true, ""transition_path_preserved"": true}","{""state_sequence"": [""WHAT"", ""HOW_MUCH"", ""HOW_MUCH"", ""HOW_MUCH""], ""relation_sequence"": [""WHAT|CHAIN_CONNECTOR|HOW_MUCH|EXPLICIT"", ""HOW_MUCH|CHAIN_CONNECTOR|HOW_MUCH|EXPLICIT"", ""HOW_MUCH|CHAIN_CONNECTOR|HOW_MUCH|EXPLICIT""], ""trajectory_boundaries"": [3], ""trajectory_ranges"": [{""start_state_occurrence_index"": 0, ""end_state_occurrence_index"": 3}], ""relation_occurrences"": [{""from_state_occurrence_index"": 0, ""to_state_occurrence_index"": 1}, {""from_state_occurrence_index"": 1, ""to_state_occurrence_index"": 2}, {""from_state_occurrence_index"": 2, ""to_state_occurrence_index"": 3}]}","{""permutation_disposition"": ""FUTURE_FORWARD_FIX"", ""permutation_narrative"": ""Major and Prime reached no discriminative chief criterion; the original trajectory is preserved by economy of intervention. In OPEN this is a presumption to preserve, not proof that the permuted realization is contextually inferior."", ""unresolved_profile"": {""total_state_count"": 4, ""unknown_state_count"": 0, ""unknown_state_ratio"": 0.0, ""unknown_state_occurrence_indices"": [], ""unknown_runs"": [], ""fully_unresolved"": false}}",1794.1486998461187,2564.717600122094,2.106900094076991,4361.080500064418,False,False
stress-quantifiers-001,LLM_ONLY,2,de,ja,"Jeder Prüfer überprüfte mindestens eine Akte, aber kein Prüfer überprüfte alle Akten, und genau eine Akte wurde von allen Prüfern überprüft.",各審査員は少なくとも1件の書類を審査したが、すべての書類を審査した審査員はおらず、ちょうど1件の書類が全審査員によって審査された。,"{""residual_uncertainty"": 0.0, ""structural_compatibility"": null, ""structural_brittleness"": null, ""weakest_legibility"": 1.0, ""legibility_spread"": 0.0, ""cognitive_remembrance"": 1.0, ""structural_mark"": {""uncertainty"": ""MAXIMUM"", ""compatibility"": ""NOT_ESTIMABLE"", ""robustness"": ""NOT_ESTIMABLE"", ""legibility"": ""MAXIMUM"", ""short_label"": ""U:MAX|C:NA|R:NA|L:MAX"", ""fully_estimable"": false}, ""structural_basis"": ""PARTIALLY_ESTIMABLE"", ""state_path"": [""WHAT"", ""HOW_MUCH"", ""WHAT"", ""HOW_MUCH"", ""WHAT"", ""HOW_MUCH"", ""HOW_MUCH""], ""transition_path"": [""CHAIN_CONNECTOR"", ""CHAIN_CONNECTOR"", ""CHAIN_CONNECTOR"", ""CHAIN_CONNECTOR"", ""CHAIN_CONNECTOR"", ""CHAIN_CONNECTOR""], ""unknown_state_ratio"": 0.0}","{""residual_uncertainty"": {""canonical"": 0.0, ""observed"": 0.0, ""comparable"": true, ""absolute_difference"": 0.0}, ""structural_compatibility"": {""canonical"": null, ""observed"": null, ""comparable"": false, ""absolute_difference"": null}, ""structural_brittleness"": {""canonical"": null, ""observed"": null, ""comparable"": false, ""absolute_difference"": null}, ""weakest_legibility"": {""canonical"": 1.0, ""observed"": 1.0, ""comparable"": true, ""absolute_difference"": 0.0}, ""legibility_spread"": {""canonical"": 0.0, ""observed"": 0.0, ""comparable"": true, ""absolute_difference"": 0.0}, ""cognitive_remembrance"": {""canonical"": 0.7142857142857143, ""observed"": 1.0, ""comparable"": true, ""absolute_difference"": 0.2857142857142857}, ""unknown_state_ratio"": {""canonical"": 0.0, ""observed"": 0.0, ""comparable"": true, ""absolute_difference"": 0.0}, ""structural_mark_preserved"": true, ""structural_basis_preserved"": true, ""state_path_preserved"": false, ""transition_path_preserved"": false}","{""state_sequence"": [""WHAT"", ""HOW_MUCH"", ""WHAT"", ""HOW_MUCH"", ""WHAT"", ""HOW_MUCH"", ""HOW_MUCH""], ""relation_sequence"": [""WHAT|CHAIN_CONNECTOR|HOW_MUCH|EXPLICIT"", ""HOW_MUCH|CHAIN_CONNECTOR|WHAT|EXPLICIT"", ""WHAT|CHAIN_CONNECTOR|HOW_MUCH|EXPLICIT"", ""HOW_MUCH|CHAIN_CONNECTOR|WHAT|EXPLICIT"", ""WHAT|CHAIN_CONNECTOR|HOW_MUCH|EXPLICIT"", ""HOW_MUCH|CHAIN_CONNECTOR|HOW_MUCH|EXPLICIT""], ""trajectory_boundaries"": [6], ""trajectory_ranges"": [{""start_state_occurrence_index"": 0, ""end_state_occurrence_index"": 6}], ""relation_occurrences"": [{""from_state_occurrence_index"": 0, ""to_state_occurrence_index"": 1}, {""from_state_occurrence_index"": 1, ""to_state_occurrence_index"": 2}, {""from_state_occurrence_index"": 2, ""to_state_occurrence_index"": 3}, {""from_state_occurrence_index"": 3, ""to_state_occurrence_index"": 4}, {""from_state_occurrence_index"": 4, ""to_state_occurrence_index"": 5}, {""from_state_occurrence_index"": 5, ""to_state_occurrence_index"": 6}]}","{""permutation_disposition"": ""FUTURE_FORWARD_FIX"", ""permutation_narrative"": ""Major and Prime reached no discriminative chief criterion; the original trajectory is preserved by economy of intervention. In OPEN this is a presumption to preserve, not proof that the permuted realization is contextually inferior."", ""unresolved_profile"": {""total_state_count"": 7, ""unknown_state_count"": 0, ""unknown_state_ratio"": 0.0, ""unknown_state_occurrence_indices"": [], ""unknown_runs"": [], ""fully_unresolved"": false}}",1888.9103000983596,3724.5245999656618,2.91300006210804,5616.46610009484,False,False
stress-quantifiers-001,LLM_ONLY,3,ja,fi,各審査員は少なくとも1件の書類を審査したが、すべての書類を審査した審査員はおらず、ちょうど1件の書類が全審査員によって審査された。,"Jokainen arvioija arvioi vähintään yhden asiakirjan, mutta yksikään arvioija ei arvioinut kaikkia asiakirjoja, ja täsmälleen yhden asiakirjan arvioivat kaikki arvioijat.","{""residual_uncertainty"": 0.0, ""structural_compatibility"": null, ""structural_brittleness"": null, ""weakest_legibility"": 1.0, ""legibility_spread"": 0.0, ""cognitive_remembrance"": 1.0, ""structural_mark"": {""uncertainty"": ""MAXIMUM"", ""compatibility"": ""NOT_ESTIMABLE"", ""robustness"": ""NOT_ESTIMABLE"", ""legibility"": ""MAXIMUM"", ""short_label"": ""U:MAX|C:NA|R:NA|L:MAX"", ""fully_estimable"": false}, ""structural_basis"": ""PARTIALLY_ESTIMABLE"", ""state_path"": [""WHAT"", ""HOW_MUCH"", ""WHAT"", ""HOW_MUCH"", ""HOW_MUCH"", ""WHAT"", ""HOW_MUCH"", ""HOW_MUCH""], ""transition_path"": [""CHAIN_CONNECTOR"", ""CHAIN_CONNECTOR"", ""CHAIN_CONNECTOR"", ""CHAIN_CONNECTOR"", ""CHAIN_CONNECTOR"", ""CHAIN_CONNECTOR"", ""CHAIN_CONNECTOR""], ""unknown_state_ratio"": 0.0}","{""residual_uncertainty"": {""canonical"": 0.0, ""observed"": 0.0, ""comparable"": true, ""absolute_difference"": 0.0}, ""structural_compatibility"": {""canonical"": null, ""observed"": null, ""comparable"": false, ""absolute_difference"": null}, ""structural_brittleness"": {""canonical"": null, ""observed"": null, ""comparable"": false, ""absolute_difference"": null}, ""weakest_legibility"": {""canonical"": 1.0, ""observed"": 1.0, ""comparable"": true, ""absolute_difference"": 0.0}, ""legibility_spread"": {""canonical"": 0.0, ""observed"": 0.0, ""comparable"": true, ""absolute_difference"": 0.0}, ""cognitive_remembrance"": {""canonical"": 0.7142857142857143, ""observed"": 1.0, ""comparable"": true, ""absolute_difference"": 0.2857142857142857}, ""unknown_state_ratio"": {""canonical"": 0.0, ""observed"": 0.0, ""comparable"": true, ""absolute_difference"": 0.0}, ""structural_mark_preserved"": true, ""structural_basis_preserved"": true, ""state_path_preserved"": false, ""transition_path_preserved"": false}","{""state_sequence"": [""WHAT"", ""HOW_MUCH"", ""WHAT"", ""HOW_MUCH"", ""HOW_MUCH"", ""WHAT"", ""HOW_MUCH"", ""HOW_MUCH""], ""relation_sequence"": [""WHAT|CHAIN_CONNECTOR|HOW_MUCH|EXPLICIT"", ""HOW_MUCH|CHAIN_CONNECTOR|WHAT|EXPLICIT"", ""WHAT|CHAIN_CONNECTOR|HOW_MUCH|EXPLICIT"", ""HOW_MUCH|CHAIN_CONNECTOR|HOW_MUCH|EXPLICIT"", ""HOW_MUCH|CHAIN_CONNECTOR|WHAT|EXPLICIT"", ""WHAT|CHAIN_CONNECTOR|HOW_MUCH|EXPLICIT"", ""HOW_MUCH|CHAIN_CONNECTOR|HOW_MUCH|EXPLICIT""], ""trajectory_boundaries"": [7], ""trajectory_ranges"": [{""start_state_occurrence_index"": 0, ""end_state_occurrence_index"": 7}], ""relation_occurrences"": [{""from_state_occurrence_index"": 0, ""to_state_occurrence_index"": 1}, {""from_state_occurrence_index"": 1, ""to_state_occurrence_index"": 2}, {""from_state_occurrence_index"": 2, ""to_state_occurrence_index"": 3}, {""from_state_occurrence_index"": 3, ""to_state_occurrence_index"": 4}, {""from_state_occurrence_index"": 4, ""to_state_occurrence_index"": 5}, {""from_state_occurrence_index"": 5, ""to_state_occurrence_index"": 6}, {""from_state_occurrence_index"": 6, ""to_state_occurrence_index"": 7}]}","{""permutation_disposition"": ""FUTURE_FORWARD_FIX"", ""permutation_narrative"": ""Major and Prime reached no discriminative chief criterion; the original trajectory is preserved by economy of intervention. In OPEN this is a presumption to preserve, not proof that the permuted realization is contextually inferior."", ""unresolved_profile"": {""total_state_count"": 8, ""unknown_state_count"": 0, ""unknown_state_ratio"": 0.0, ""unknown_state_occurrence_indices"": [], ""unknown_runs"": [], ""fully_unresolved"": false}}",2273.118499899283,5475.698899943382,2.7322000823915005,7751.646999968216,False,False
stress-quantifiers-001,LLM_ONLY,4,fi,fr,"Jokainen arvioija arvioi vähintään yhden asiakirjan, mutta yksikään arvioija ei arvioinut kaikkia asiakirjoja, ja täsmälleen yhden asiakirjan arvioivat kaikki arvioijat.","Chaque évaluateur évalue au moins un document, mais aucun évaluateur n’a évalué tous les documents, et exactement un document a été évalué par tous les évaluateurs.","{""residual_uncertainty"": 0.0, ""structural_compatibility"": null, ""structural_brittleness"": null, ""weakest_legibility"": 1.0, ""legibility_spread"": 0.0, ""cognitive_remembrance"": 1.0, ""structural_mark"": {""uncertainty"": ""MAXIMUM"", ""compatibility"": ""NOT_ESTIMABLE"", ""robustness"": ""NOT_ESTIMABLE"", ""legibility"": ""MAXIMUM"", ""short_label"": ""U:MAX|C:NA|R:NA|L:MAX"", ""fully_estimable"": false}, ""structural_basis"": ""PARTIALLY_ESTIMABLE"", ""state_path"": [""WHAT"", ""HOW_MUCH"", ""HOW_MUCH"", ""HOW_MUCH""], ""transition_path"": [""CHAIN_CONNECTOR"", ""CHAIN_CONNECTOR"", ""CHAIN_CONNECTOR""], ""unknown_state_ratio"": 0.0}","{""residual_uncertainty"": {""canonical"": 0.0, ""observed"": 0.0, ""comparable"": true, ""absolute_difference"": 0.0}, ""structural_compatibility"": {""canonical"": null, ""observed"": null, ""comparable"": false, ""absolute_difference"": null}, ""structural_brittleness"": {""canonical"": null, ""observed"": null, ""comparable"": false, ""absolute_difference"": null}, ""weakest_legibility"": {""canonical"": 1.0, ""observed"": 1.0, ""comparable"": true, ""absolute_difference"": 0.0}, ""legibility_spread"": {""canonical"": 0.0, ""observed"": 0.0, ""comparable"": true, ""absolute_difference"": 0.0}, ""cognitive_remembrance"": {""canonical"": 0.7142857142857143, ""observed"": 1.0, ""comparable"": true, ""absolute_difference"": 0.2857142857142857}, ""unknown_state_ratio"": {""canonical"": 0.0, ""observed"": 0.0, ""comparable"": true, ""absolute_difference"": 0.0}, ""structural_mark_preserved"": true, ""structural_basis_preserved"": true, ""state_path_preserved"": true, ""transition_path_preserved"": true}","{""state_sequence"": [""WHAT"", ""HOW_MUCH"", ""HOW_MUCH"", ""HOW_MUCH""], ""relation_sequence"": [""WHAT|CHAIN_CONNECTOR|HOW_MUCH|EXPLICIT"", ""HOW_MUCH|CHAIN_CONNECTOR|HOW_MUCH|EXPLICIT"", ""HOW_MUCH|CHAIN_CONNECTOR|HOW_MUCH|EXPLICIT""], ""trajectory_boundaries"": [3], ""trajectory_ranges"": [{""start_state_occurrence_index"": 0, ""end_state_occurrence_index"": 3}], ""relation_occurrences"": [{""from_state_occurrence_index"": 0, ""to_state_occurrence_index"": 1}, {""from_state_occurrence_index"": 1, ""to_state_occurrence_index"": 2}, {""from_state_occurrence_index"": 2, ""to_state_occurrence_index"": 3}]}","{""permutation_disposition"": ""FUTURE_FORWARD_FIX"", ""permutation_narrative"": ""Major and Prime reached no discriminative chief criterion; the original trajectory is preserved by economy of intervention. In OPEN this is a presumption to preserve, not proof that the permuted realization is contextually inferior."", ""unresolved_profile"": {""total_state_count"": 4, ""unknown_state_count"": 0, ""unknown_state_ratio"": 0.0, ""unknown_state_occurrence_indices"": [], ""unknown_runs"": [], ""fully_unresolved"": false}}",1600.6277999840677,3070.179499918595,2.412400208413601,4673.298199893907,False,False
stress-quantifiers-001,LLM_ONLY,5,fr,es,"Chaque évaluateur évalue au moins un document, mais aucun évaluateur n’a évalué tous les documents, et exactement un document a été évalué par tous les évaluateurs.","Cada evaluador evalúa al menos un documento, pero ningún evaluador ha evaluado todos los documentos, y exactamente un documento ha sido evaluado por todos los evaluadores.","{""residual_uncertainty"": 0.0, ""structural_compatibility"": null, ""structural_brittleness"": null, ""weakest_legibility"": 1.0, ""legibility_spread"": 0.0, ""cognitive_remembrance"": 1.0, ""structural_mark"": {""uncertainty"": ""MAXIMUM"", ""compatibility"": ""NOT_ESTIMABLE"", ""robustness"": ""NOT_ESTIMABLE"", ""legibility"": ""MAXIMUM"", ""short_label"": ""U:MAX|C:NA|R:NA|L:MAX"", ""fully_estimable"": false}, ""structural_basis"": ""PARTIALLY_ESTIMABLE"", ""state_path"": [""WHAT"", ""HOW_MUCH"", ""WHAT"", ""HOW_MUCH"", ""HOW_MUCH"", ""WHAT"", ""HOW_MUCH"", ""HOW_MUCH""], ""transition_path"": [""CHAIN_CONNECTOR"", ""CHAIN_CONNECTOR"", ""CHAIN_CONNECTOR"", ""CHAIN_CONNECTOR"", ""CHAIN_CONNECTOR"", ""CHAIN_CONNECTOR"", ""CHAIN_CONNECTOR""], ""unknown_state_ratio"": 0.0}","{""residual_uncertainty"": {""canonical"": 0.0, ""observed"": 0.0, ""comparable"": true, ""absolute_difference"": 0.0}, ""structural_compatibility"": {""canonical"": null, ""observed"": null, ""comparable"": false, ""absolute_difference"": null}, ""structural_brittleness"": {""canonical"": null, ""observed"": null, ""comparable"": false, ""absolute_difference"": null}, ""weakest_legibility"": {""canonical"": 1.0, ""observed"": 1.0, ""comparable"": true, ""absolute_difference"": 0.0}, ""legibility_spread"": {""canonical"": 0.0, ""observed"": 0.0, ""comparable"": true, ""absolute_difference"": 0.0}, ""cognitive_remembrance"": {""canonical"": 0.7142857142857143, ""observed"": 1.0, ""comparable"": true, ""absolute_difference"": 0.2857142857142857}, ""unknown_state_ratio"": {""canonical"": 0.0, ""observed"": 0.0, ""comparable"": true, ""absolute_difference"": 0.0}, ""structural_mark_preserved"": true, ""structural_basis_preserved"": true, ""state_path_preserved"": false, ""transition_path_preserved"": false}","{""state_sequence"": [""WHAT"", ""HOW_MUCH"", ""WHAT"", ""HOW_MUCH"", ""HOW_MUCH"", ""WHAT"", ""HOW_MUCH"", ""HOW_MUCH""], ""relation_sequence"": [""WHAT|CHAIN_CONNECTOR|HOW_MUCH|EXPLICIT"", ""HOW_MUCH|CHAIN_CONNECTOR|WHAT|EXPLICIT"", ""WHAT|CHAIN_CONNECTOR|HOW_MUCH|EXPLICIT"", ""HOW_MUCH|CHAIN_CONNECTOR|HOW_MUCH|EXPLICIT"", ""HOW_MUCH|CHAIN_CONNECTOR|WHAT|EXPLICIT"", ""WHAT|CHAIN_CONNECTOR|HOW_MUCH|EXPLICIT"", ""HOW_MUCH|CHAIN_CONNECTOR|HOW_MUCH|EXPLICIT""], ""trajectory_boundaries"": [7], ""trajectory_ranges"": [{""start_state_occurrence_index"": 0, ""end_state_occurrence_index"": 7}], ""relation_occurrences"": [{""from_state_occurrence_index"": 0, ""to_state_occurrence_index"": 1}, {""from_state_occurrence_index"": 1, ""to_state_occurrence_index"": 2}, {""from_state_occurrence_index"": 2, ""to_state_occurrence_index"": 3}, {""from_state_occurrence_index"": 3, ""to_state_occurrence_index"": 4}, {""from_state_occurrence_index"": 4, ""to_state_occurrence_index"": 5}, {""from_state_occurrence_index"": 5, ""to_state_occurrence_index"": 6}, {""from_state_occurrence_index"": 6, ""to_state_occurrence_index"": 7}]}","{""permutation_disposition"": ""FUTURE_FORWARD_FIX"", ""permutation_narrative"": ""Major and Prime reached no discriminative chief criterion; the original trajectory is preserved by economy of intervention. In OPEN this is a presumption to preserve, not proof that the permuted realization is contextually inferior."", ""unresolved_profile"": {""total_state_count"": 8, ""unknown_state_count"": 0, ""unknown_state_ratio"": 0.0, ""unknown_state_occurrence_indices"": [], ""unknown_runs"": [], ""fully_unresolved"": false}}",1873.7238999456167,3627.2195999044925,2.6238998398184776,5503.655199892819,False,False
stress-quantifiers-001,LLM_MDPAR,0,es,en,"Cada auditor revisó al menos un expediente, pero ningún auditor revisó todos los expedientes y exactamente un expediente fue revisado por todos los auditores.","Every auditor reviewed at least one file, but no auditor reviewed all the files, and exactly one file was reviewed by all the auditors.","{""residual_uncertainty"": 0.0, ""structural_compatibility"": null, ""structural_brittleness"": null, ""weakest_legibility"": 1.0, ""legibility_spread"": 0.0, ""cognitive_remembrance"": 1.0, ""structural_mark"": {""uncertainty"": ""MAXIMUM"", ""compatibility"": ""NOT_ESTIMABLE"", ""robustness"": ""NOT_ESTIMABLE"", ""legibility"": ""MAXIMUM"", ""short_label"": ""U:MAX|C:NA|R:NA|L:MAX"", ""fully_estimable"": false}, ""structural_basis"": ""PARTIALLY_ESTIMABLE"", ""state_path"": [""WHAT"", ""HOW_MUCH"", ""HOW_MUCH"", ""HOW_MUCH""], ""transition_path"": [""CHAIN_CONNECTOR"", ""CHAIN_CONNECTOR"", ""CHAIN_CONNECTOR""], ""unknown_state_ratio"": 0.0}","{""residual_uncertainty"": {""canonical"": 0.0, ""observed"": 0.0, ""comparable"": true, ""absolute_difference"": 0.0}, ""structural_compatibility"": {""canonical"": null, ""observed"": null, ""comparable"": false, ""absolute_difference"": null}, ""structural_brittleness"": {""canonical"": null, ""observed"": null, ""comparable"": false, ""absolute_difference"": null}, ""weakest_legibility"": {""canonical"": 1.0, ""observed"": 1.0, ""comparable"": true, ""absolute_difference"": 0.0}, ""legibility_spread"": {""canonical"": 0.0, ""observed"": 0.0, ""comparable"": true, ""absolute_difference"": 0.0}, ""cognitive_remembrance"": {""canonical"": 0.7142857142857143, ""observed"": 1.0, ""comparable"": true, ""absolute_difference"": 0.2857142857142857}, ""unknown_state_ratio"": {""canonical"": 0.0, ""observed"": 0.0, ""comparable"": true, ""absolute_difference"": 0.0}, ""structural_mark_preserved"": true, ""structural_basis_preserved"": true, ""state_path_preserved"": true, ""transition_path_preserved"": true}","{""state_sequence"": [""WHAT"", ""HOW_MUCH"", ""HOW_MUCH"", ""HOW_MUCH""], ""relation_sequence"": [""WHAT|CHAIN_CONNECTOR|HOW_MUCH|EXPLICIT"", ""HOW_MUCH|CHAIN_CONNECTOR|HOW_MUCH|EXPLICIT"", ""HOW_MUCH|CHAIN_CONNECTOR|HOW_MUCH|EXPLICIT""], ""trajectory_boundaries"": [3], ""trajectory_ranges"": [{""start_state_occurrence_index"": 0, ""end_state_occurrence_index"": 3}], ""relation_occurrences"": [{""from_state_occurrence_index"": 0, ""to_state_occurrence_index"": 1}, {""from_state_occurrence_index"": 1, ""to_state_occurrence_index"": 2}, {""from_state_occurrence_index"": 2, ""to_state_occurrence_index"": 3}]}","{""permutation_disposition"": ""FUTURE_FORWARD_FIX"", ""permutation_narrative"": ""Major and Prime reached no discriminative chief criterion; the original trajectory is preserved by economy of intervention. In OPEN this is a presumption to preserve, not proof that the permuted realization is contextually inferior."", ""unresolved_profile"": {""total_state_count"": 4, ""unknown_state_count"": 0, ""unknown_state_ratio"": 0.0, ""unknown_state_occurrence_indices"": [], ""unknown_runs"": [], ""fully_unresolved"": false}}",1420.8654998801649,2542.604099959135,1.8861000426113605,3965.4439000878483,False,False
stress-quantifiers-001,LLM_MDPAR,1,en,de,"Every auditor reviewed at least one file, but no auditor reviewed all the files, and exactly one file was reviewed by all the auditors.","Jeder Prüfer überprüfte mindestens eine Akte, aber kein Prüfer überprüfte alle Akten, und genau eine Akte wurde von allen Prüfern überprüft.","{""residual_uncertainty"": 0.0, ""structural_compatibility"": null, ""structural_brittleness"": null, ""weakest_legibility"": 1.0, ""legibility_spread"": 0.0, ""cognitive_remembrance"": 1.0, ""structural_mark"": {""uncertainty"": ""MAXIMUM"", ""compatibility"": ""NOT_ESTIMABLE"", ""robustness"": ""NOT_ESTIMABLE"", ""legibility"": ""MAXIMUM"", ""short_label"": ""U:MAX|C:NA|R:NA|L:MAX"", ""fully_estimable"": false}, ""structural_basis"": ""PARTIALLY_ESTIMABLE"", ""state_path"": [""WHAT"", ""HOW_MUCH"", ""HOW_MUCH"", ""HOW_MUCH""], ""transition_path"": [""CHAIN_CONNECTOR"", ""CHAIN_CONNECTOR"", ""CHAIN_CONNECTOR""], ""unknown_state_ratio"": 0.0}","{""residual_uncertainty"": {""canonical"": 0.0, ""observed"": 0.0, ""comparable"": true, ""absolute_difference"": 0.0}, ""structural_compatibility"": {""canonical"": null, ""observed"": null, ""comparable"": false, ""absolute_difference"": null}, ""structural_brittleness"": {""canonical"": null, ""observed"": null, ""comparable"": false, ""absolute_difference"": null}, ""weakest_legibility"": {""canonical"": 1.0, ""observed"": 1.0, ""comparable"": true, ""absolute_difference"": 0.0}, ""legibility_spread"": {""canonical"": 0.0, ""observed"": 0.0, ""comparable"": true, ""absolute_difference"": 0.0}, ""cognitive_remembrance"": {""canonical"": 0.7142857142857143, ""observed"": 1.0, ""comparable"": true, ""absolute_difference"": 0.2857142857142857}, ""unknown_state_ratio"": {""canonical"": 0.0, ""observed"": 0.0, ""comparable"": true, ""absolute_difference"": 0.0}, ""structural_mark_preserved"": true, ""structural_basis_preserved"": true, ""state_path_preserved"": true, ""transition_path_preserved"": true}","{""state_sequence"": [""WHAT"", ""HOW_MUCH"", ""HOW_MUCH"", ""HOW_MUCH""], ""relation_sequence"": [""WHAT|CHAIN_CONNECTOR|HOW_MUCH|EXPLICIT"", ""HOW_MUCH|CHAIN_CONNECTOR|HOW_MUCH|EXPLICIT"", ""HOW_MUCH|CHAIN_CONNECTOR|HOW_MUCH|EXPLICIT""], ""trajectory_boundaries"": [3], ""trajectory_ranges"": [{""start_state_occurrence_index"": 0, ""end_state_occurrence_index"": 3}], ""relation_occurrences"": [{""from_state_occurrence_index"": 0, ""to_state_occurrence_index"": 1}, {""from_state_occurrence_index"": 1, ""to_state_occurrence_index"": 2}, {""from_state_occurrence_index"": 2, ""to_state_occurrence_index"": 3}]}","{""permutation_disposition"": ""FUTURE_FORWARD_FIX"", ""permutation_narrative"": ""Major and Prime reached no discriminative chief criterion; the original trajectory is preserved by economy of intervention. In OPEN this is a presumption to preserve, not proof that the permuted realization is contextually inferior."", ""unresolved_profile"": {""total_state_count"": 4, ""unknown_state_count"": 0, ""unknown_state_ratio"": 0.0, ""unknown_state_occurrence_indices"": [], ""unknown_runs"": [], ""fully_unresolved"": false}}",1524.1298999171704,2857.2146999649704,2.0346001256257296,4383.4576001390815,False,False
stress-quantifiers-001,LLM_MDPAR,2,de,ja,"Jeder Prüfer überprüfte mindestens eine Akte, aber kein Prüfer überprüfte alle Akten, und genau eine Akte wurde von allen Prüfern überprüft.",各監査人は少なくとも1件の書類を調べたが、すべての書類を調べた監査人は一人もおらず、ちょうど1件の書類がすべての監査人によって調べられた。,"{""residual_uncertainty"": 0.0, ""structural_compatibility"": null, ""structural_brittleness"": null, ""weakest_legibility"": 1.0, ""legibility_spread"": 0.0, ""cognitive_remembrance"": 1.0, ""structural_mark"": {""uncertainty"": ""MAXIMUM"", ""compatibility"": ""NOT_ESTIMABLE"", ""robustness"": ""NOT_ESTIMABLE"", ""legibility"": ""MAXIMUM"", ""short_label"": ""U:MAX|C:NA|R:NA|L:MAX"", ""fully_estimable"": false}, ""structural_basis"": ""PARTIALLY_ESTIMABLE"", ""state_path"": [""WHAT"", ""HOW_MUCH"", ""HOW_MUCH"", ""HOW_MUCH"", ""HOW_MUCH""], ""transition_path"": [""CHAIN_CONNECTOR"", ""CHAIN_CONNECTOR"", ""CHAIN_CONNECTOR"", ""CHAIN_CONNECTOR""], ""unknown_state_ratio"": 0.0}","{""residual_uncertainty"": {""canonical"": 0.0, ""observed"": 0.0, ""comparable"": true, ""absolute_difference"": 0.0}, ""structural_compatibility"": {""canonical"": null, ""observed"": null, ""comparable"": false, ""absolute_difference"": null}, ""structural_brittleness"": {""canonical"": null, ""observed"": null, ""comparable"": false, ""absolute_difference"": null}, ""weakest_legibility"": {""canonical"": 1.0, ""observed"": 1.0, ""comparable"": true, ""absolute_difference"": 0.0}, ""legibility_spread"": {""canonical"": 0.0, ""observed"": 0.0, ""comparable"": true, ""absolute_difference"": 0.0}, ""cognitive_remembrance"": {""canonical"": 0.7142857142857143, ""observed"": 1.0, ""comparable"": true, ""absolute_difference"": 0.2857142857142857}, ""unknown_state_ratio"": {""canonical"": 0.0, ""observed"": 0.0, ""comparable"": true, ""absolute_difference"": 0.0}, ""structural_mark_preserved"": true, ""structural_basis_preserved"": true, ""state_path_preserved"": false, ""transition_path_preserved"": false}","{""state_sequence"": [""WHAT"", ""HOW_MUCH"", ""HOW_MUCH"", ""HOW_MUCH"", ""HOW_MUCH""], ""relation_sequence"": [""WHAT|CHAIN_CONNECTOR|HOW_MUCH|EXPLICIT"", ""HOW_MUCH|CHAIN_CONNECTOR|HOW_MUCH|EXPLICIT"", ""HOW_MUCH|CHAIN_CONNECTOR|HOW_MUCH|EXPLICIT"", ""HOW_MUCH|CHAIN_CONNECTOR|HOW_MUCH|EXPLICIT""], ""trajectory_boundaries"": [4], ""trajectory_ranges"": [{""start_state_occurrence_index"": 0, ""end_state_occurrence_index"": 4}], ""relation_occurrences"": [{""from_state_occurrence_index"": 0, ""to_state_occurrence_index"": 1}, {""from_state_occurrence_index"": 1, ""to_state_occurrence_index"": 2}, {""from_state_occurrence_index"": 2, ""to_state_occurrence_index"": 3}, {""from_state_occurrence_index"": 3, ""to_state_occurrence_index"": 4}]}","{""permutation_disposition"": ""FUTURE_FORWARD_FIX"", ""permutation_narrative"": ""Major and Prime reached no discriminative chief criterion; the original trajectory is preserved by economy of intervention. In OPEN this is a presumption to preserve, not proof that the permuted realization is contextually inferior."", ""unresolved_profile"": {""total_state_count"": 5, ""unknown_state_count"": 0, ""unknown_state_ratio"": 0.0, ""unknown_state_occurrence_indices"": [], ""unknown_runs"": [], ""fully_unresolved"": false}}",2262.7590000629425,3639.091799966991,2.6599999982863665,5904.626100091264,False,False
stress-quantifiers-001,LLM_MDPAR,3,ja,fi,各監査人は少なくとも1件の書類を調べたが、すべての書類を調べた監査人は一人もおらず、ちょうど1件の書類がすべての監査人によって調べられた。,"Jokainen tilintarkastaja tarkasti vähintään yhden asiakirjan, mutta yksikään tilintarkastaja ei tarkastanut kaikkia asiakirjoja, ja täsmälleen yhden asiakirjan tarkastivat kaikki tilintarkastajat.","{""residual_uncertainty"": 0.0, ""structural_compatibility"": null, ""structural_brittleness"": null, ""weakest_legibility"": 1.0, ""legibility_spread"": 0.0, ""cognitive_remembrance"": 1.0, ""structural_mark"": {""uncertainty"": ""MAXIMUM"", ""compatibility"": ""NOT_ESTIMABLE"", ""robustness"": ""NOT_ESTIMABLE"", ""legibility"": ""MAXIMUM"", ""short_label"": ""U:MAX|C:NA|R:NA|L:MAX"", ""fully_estimable"": false}, ""structural_basis"": ""PARTIALLY_ESTIMABLE"", ""state_path"": [""WHAT"", ""HOW_MUCH"", ""HOW_MUCH"", ""HOW_MUCH""], ""transition_path"": [""CHAIN_CONNECTOR"", ""CHAIN_CONNECTOR"", ""CHAIN_CONNECTOR""], ""unknown_state_ratio"": 0.0}","{""residual_uncertainty"": {""canonical"": 0.0, ""observed"": 0.0, ""comparable"": true, ""absolute_difference"": 0.0}, ""structural_compatibility"": {""canonical"": null, ""observed"": null, ""comparable"": false, ""absolute_difference"": null}, ""structural_brittleness"": {""canonical"": null, ""observed"": null, ""comparable"": false, ""absolute_difference"": null}, ""weakest_legibility"": {""canonical"": 1.0, ""observed"": 1.0, ""comparable"": true, ""absolute_difference"": 0.0}, ""legibility_spread"": {""canonical"": 0.0, ""observed"": 0.0, ""comparable"": true, ""absolute_difference"": 0.0}, ""cognitive_remembrance"": {""canonical"": 0.7142857142857143, ""observed"": 1.0, ""comparable"": true, ""absolute_difference"": 0.2857142857142857}, ""unknown_state_ratio"": {""canonical"": 0.0, ""observed"": 0.0, ""comparable"": true, ""absolute_difference"": 0.0}, ""structural_mark_preserved"": true, ""structural_basis_preserved"": true, ""state_path_preserved"": true, ""transition_path_preserved"": true}","{""state_sequence"": [""WHAT"", ""HOW_MUCH"", ""HOW_MUCH"", ""HOW_MUCH""], ""relation_sequence"": [""WHAT|CHAIN_CONNECTOR|HOW_MUCH|EXPLICIT"", ""HOW_MUCH|CHAIN_CONNECTOR|HOW_MUCH|EXPLICIT"", ""HOW_MUCH|CHAIN_CONNECTOR|HOW_MUCH|EXPLICIT""], ""trajectory_boundaries"": [3], ""trajectory_ranges"": [{""start_state_occurrence_index"": 0, ""end_state_occurrence_index"": 3}], ""relation_occurrences"": [{""from_state_occurrence_index"": 0, ""to_state_occurrence_index"": 1}, {""from_state_occurrence_index"": 1, ""to_state_occurrence_index"": 2}, {""from_state_occurrence_index"": 2, ""to_state_occurrence_index"": 3}]}","{""permutation_disposition"": ""FUTURE_FORWARD_FIX"", ""permutation_narrative"": ""Major and Prime reached no discriminative chief criterion; the original trajectory is preserved by economy of intervention. In OPEN this is a presumption to preserve, not proof that the permuted realization is contextually inferior."", ""unresolved_profile"": {""total_state_count"": 4, ""unknown_state_count"": 0, ""unknown_state_ratio"": 0.0, ""unknown_state_occurrence_indices"": [], ""unknown_runs"": [], ""fully_unresolved"": false}}",2299.0335000213236,3517.8863999899477,1.94059987552464,5818.941500037909,False,False
stress-quantifiers-001,LLM_MDPAR,4,fi,fr,"Jokainen tilintarkastaja tarkasti vähintään yhden asiakirjan, mutta yksikään tilintarkastaja ei tarkastanut kaikkia asiakirjoja, ja täsmälleen yhden asiakirjan tarkastivat kaikki tilintarkastajat.","Chaque auditeur a examiné au moins un dossier, mais aucun auditeur n’a examiné tous les dossiers, et exactement un dossier a été examiné par tous les auditeurs.","{""residual_uncertainty"": 0.0, ""structural_compatibility"": null, ""structural_brittleness"": null, ""weakest_legibility"": 1.0, ""legibility_spread"": 0.0, ""cognitive_remembrance"": 1.0, ""structural_mark"": {""uncertainty"": ""MAXIMUM"", ""compatibility"": ""NOT_ESTIMABLE"", ""robustness"": ""NOT_ESTIMABLE"", ""legibility"": ""MAXIMUM"", ""short_label"": ""U:MAX|C:NA|R:NA|L:MAX"", ""fully_estimable"": false}, ""structural_basis"": ""PARTIALLY_ESTIMABLE"", ""state_path"": [""WHAT"", ""HOW_MUCH"", ""HOW_MUCH"", ""HOW_MUCH"", ""HOW_MUCH""], ""transition_path"": [""CHAIN_CONNECTOR"", ""CHAIN_CONNECTOR"", ""CHAIN_CONNECTOR"", ""CHAIN_CONNECTOR""], ""unknown_state_ratio"": 0.0}","{""residual_uncertainty"": {""canonical"": 0.0, ""observed"": 0.0, ""comparable"": true, ""absolute_difference"": 0.0}, ""structural_compatibility"": {""canonical"": null, ""observed"": null, ""comparable"": false, ""absolute_difference"": null}, ""structural_brittleness"": {""canonical"": null, ""observed"": null, ""comparable"": false, ""absolute_difference"": null}, ""weakest_legibility"": {""canonical"": 1.0, ""observed"": 1.0, ""comparable"": true, ""absolute_difference"": 0.0}, ""legibility_spread"": {""canonical"": 0.0, ""observed"": 0.0, ""comparable"": true, ""absolute_difference"": 0.0}, ""cognitive_remembrance"": {""canonical"": 0.7142857142857143, ""observed"": 1.0, ""comparable"": true, ""absolute_difference"": 0.2857142857142857}, ""unknown_state_ratio"": {""canonical"": 0.0, ""observed"": 0.0, ""comparable"": true, ""absolute_difference"": 0.0}, ""structural_mark_preserved"": true, ""structural_basis_preserved"": true, ""state_path_preserved"": false, ""transition_path_preserved"": false}","{""state_sequence"": [""WHAT"", ""HOW_MUCH"", ""HOW_MUCH"", ""HOW_MUCH"", ""HOW_MUCH""], ""relation_sequence"": [""WHAT|CHAIN_CONNECTOR|HOW_MUCH|EXPLICIT"", ""HOW_MUCH|CHAIN_CONNECTOR|HOW_MUCH|EXPLICIT"", ""HOW_MUCH|CHAIN_CONNECTOR|HOW_MUCH|EXPLICIT"", ""HOW_MUCH|CHAIN_CONNECTOR|HOW_MUCH|EXPLICIT""], ""trajectory_boundaries"": [4], ""trajectory_ranges"": [{""start_state_occurrence_index"": 0, ""end_state_occurrence_index"": 4}], ""relation_occurrences"": [{""from_state_occurrence_index"": 0, ""to_state_occurrence_index"": 1}, {""from_state_occurrence_index"": 1, ""to_state_occurrence_index"": 2}, {""from_state_occurrence_index"": 2, ""to_state_occurrence_index"": 3}, {""from_state_occurrence_index"": 3, ""to_state_occurrence_index"": 4}]}","{""permutation_disposition"": ""FUTURE_FORWARD_FIX"", ""permutation_narrative"": ""Major and Prime reached no discriminative chief criterion; the original trajectory is preserved by economy of intervention. In OPEN this is a presumption to preserve, not proof that the permuted realization is contextually inferior."", ""unresolved_profile"": {""total_state_count"": 5, ""unknown_state_count"": 0, ""unknown_state_ratio"": 0.0, ""unknown_state_occurrence_indices"": [], ""unknown_runs"": [], ""fully_unresolved"": false}}",1773.9680998492986,3396.251500118524,2.1854001097381115,5172.489600023255,False,False
stress-quantifiers-001,LLM_MDPAR,5,fr,es,"Chaque auditeur a examiné au moins un dossier, mais aucun auditeur n’a examiné tous les dossiers, et exactement un dossier a été examiné par tous les auditeurs.","Cada auditor revisó al menos un expediente, pero ningún auditor revisó todos los expedientes y exactamente un expediente fue revisado por todos los auditores.","{""residual_uncertainty"": 0.0, ""structural_compatibility"": null, ""structural_brittleness"": null, ""weakest_legibility"": 1.0, ""legibility_spread"": 0.0, ""cognitive_remembrance"": 1.0, ""structural_mark"": {""uncertainty"": ""MAXIMUM"", ""compatibility"": ""NOT_ESTIMABLE"", ""robustness"": ""NOT_ESTIMABLE"", ""legibility"": ""MAXIMUM"", ""short_label"": ""U:MAX|C:NA|R:NA|L:MAX"", ""fully_estimable"": false}, ""structural_basis"": ""PARTIALLY_ESTIMABLE"", ""state_path"": [""WHAT"", ""HOW_MUCH"", ""WHAT"", ""HOW_MUCH"", ""HOW_MUCH"", ""WHAT"", ""HOW_MUCH"", ""HOW_MUCH""], ""transition_path"": [""CHAIN_CONNECTOR"", ""CHAIN_CONNECTOR"", ""CHAIN_CONNECTOR"", ""CHAIN_CONNECTOR"", ""CHAIN_CONNECTOR"", ""CHAIN_CONNECTOR"", ""CHAIN_CONNECTOR""], ""unknown_state_ratio"": 0.0}","{""residual_uncertainty"": {""canonical"": 0.0, ""observed"": 0.0, ""comparable"": true, ""absolute_difference"": 0.0}, ""structural_compatibility"": {""canonical"": null, ""observed"": null, ""comparable"": false, ""absolute_difference"": null}, ""structural_brittleness"": {""canonical"": null, ""observed"": null, ""comparable"": false, ""absolute_difference"": null}, ""weakest_legibility"": {""canonical"": 1.0, ""observed"": 1.0, ""comparable"": true, ""absolute_difference"": 0.0}, ""legibility_spread"": {""canonical"": 0.0, ""observed"": 0.0, ""comparable"": true, ""absolute_difference"": 0.0}, ""cognitive_remembrance"": {""canonical"": 0.7142857142857143, ""observed"": 1.0, ""comparable"": true, ""absolute_difference"": 0.2857142857142857}, ""unknown_state_ratio"": {""canonical"": 0.0, ""observed"": 0.0, ""comparable"": true, ""absolute_difference"": 0.0}, ""structural_mark_preserved"": true, ""structural_basis_preserved"": true, ""state_path_preserved"": false, ""transition_path_preserved"": false}","{""state_sequence"": [""WHAT"", ""HOW_MUCH"", ""WHAT"", ""HOW_MUCH"", ""HOW_MUCH"", ""WHAT"", ""HOW_MUCH"", ""HOW_MUCH""], ""relation_sequence"": [""WHAT|CHAIN_CONNECTOR|HOW_MUCH|EXPLICIT"", ""HOW_MUCH|CHAIN_CONNECTOR|WHAT|EXPLICIT"", ""WHAT|CHAIN_CONNECTOR|HOW_MUCH|EXPLICIT"", ""HOW_MUCH|CHAIN_CONNECTOR|HOW_MUCH|EXPLICIT"", ""HOW_MUCH|CHAIN_CONNECTOR|WHAT|EXPLICIT"", ""WHAT|CHAIN_CONNECTOR|HOW_MUCH|EXPLICIT"", ""HOW_MUCH|CHAIN_CONNECTOR|HOW_MUCH|EXPLICIT""], ""trajectory_boundaries"": [7], ""trajectory_ranges"": [{""start_state_occurrence_index"": 0, ""end_state_occurrence_index"": 7}], ""relation_occurrences"": [{""from_state_occurrence_index"": 0, ""to_state_occurrence_index"": 1}, {""from_state_occurrence_index"": 1, ""to_state_occurrence_index"": 2}, {""from_state_occurrence_index"": 2, ""to_state_occurrence_index"": 3}, {""from_state_occurrence_index"": 3, ""to_state_occurrence_index"": 4}, {""from_state_occurrence_index"": 4, ""to_state_occurrence_index"": 5}, {""from_state_occurrence_index"": 5, ""to_state_occurrence_index"": 6}, {""from_state_occurrence_index"": 6, ""to_state_occurrence_index"": 7}]}","{""permutation_disposition"": ""FUTURE_FORWARD_FIX"", ""permutation_narrative"": ""Major and Prime reached no discriminative chief criterion; the original trajectory is preserved by economy of intervention. In OPEN this is a presumption to preserve, not proof that the permuted realization is contextually inferior."", ""unresolved_profile"": {""total_state_count"": 8, ""unknown_state_count"": 0, ""unknown_state_ratio"": 0.0, ""unknown_state_occurrence_indices"": [], ""unknown_runs"": [], ""fully_unresolved"": false}}",1821.975199971348,4786.197499837726,2.2891999687999487,6610.554399900138,False,False
stress-same-pair-oscillation-001,LLM_ONLY,0,es,en,"Aunque la ausencia de una firma no demuestra que el documento sea falso, sí impide concluir que sea auténtico mientras no aparezca otra prueba independiente.","Although the absence of a signature does not prove that the document is false, it does prevent concluding that it is authentic unless and until other independent evidence emerges.","{""residual_uncertainty"": 0.0, ""structural_compatibility"": null, ""structural_brittleness"": null, ""weakest_legibility"": 1.0, ""legibility_spread"": 0.0, ""cognitive_remembrance"": 1.0, ""structural_mark"": {""uncertainty"": ""MAXIMUM"", ""compatibility"": ""NOT_ESTIMABLE"", ""robustness"": ""NOT_ESTIMABLE"", ""legibility"": ""MAXIMUM"", ""short_label"": ""U:MAX|C:NA|R:NA|L:MAX"", ""fully_estimable"": false}, ""structural_basis"": ""PARTIALLY_ESTIMABLE"", ""state_path"": [""WHY"", ""WHAT"", ""WHEN""], ""transition_path"": [""INTERPRETIVE_PROJECTION"", ""CHAIN_CONNECTOR""], ""unknown_state_ratio"": 0.0}","{""residual_uncertainty"": {""canonical"": 0.0, ""observed"": 0.0, ""comparable"": true, ""absolute_difference"": 0.0}, ""structural_compatibility"": {""canonical"": null, ""observed"": null, ""comparable"": false, ""absolute_difference"": null}, ""structural_brittleness"": {""canonical"": null, ""observed"": null, ""comparable"": false, ""absolute_difference"": null}, ""weakest_legibility"": {""canonical"": 1.0, ""observed"": 1.0, ""comparable"": true, ""absolute_difference"": 0.0}, ""legibility_spread"": {""canonical"": 0.0, ""observed"": 0.0, ""comparable"": true, ""absolute_difference"": 0.0}, ""cognitive_remembrance"": {""canonical"": 1.0, ""observed"": 1.0, ""comparable"": true, ""absolute_difference"": 0.0}, ""unknown_state_ratio"": {""canonical"": 0.0, ""observed"": 0.0, ""comparable"": true, ""absolute_difference"": 0.0}, ""structural_mark_preserved"": true, ""structural_basis_preserved"": true, ""state_path_preserved"": false, ""transition_path_preserved"": false}","{""state_sequence"": [""WHY"", ""WHAT"", ""WHEN""], ""relation_sequence"": [""WHY|INTERPRETIVE_PROJECTION|WHAT|EXPLICIT"", ""WHAT|CHAIN_CONNECTOR|WHEN|EXPLICIT""], ""trajectory_boundaries"": [2], ""trajectory_ranges"": [{""start_state_occurrence_index"": 0, ""end_state_occurrence_index"": 2}], ""relation_occurrences"": [{""from_state_occurrence_index"": 0, ""to_state_occurrence_index"": 1}, {""from_state_occurrence_index"": 1, ""to_state_occurrence_index"": 2}]}","{""permutation_disposition"": ""FUTURE_FORWARD_FIX"", ""permutation_narrative"": ""Major and Prime reached no discriminative chief criterion; the original trajectory is preserved by economy of intervention. In OPEN this is a presumption to preserve, not proof that the permuted realization is contextually inferior."", ""unresolved_profile"": {""total_state_count"": 3, ""unknown_state_count"": 0, ""unknown_state_ratio"": 0.0, ""unknown_state_occurrence_indices"": [], ""unknown_runs"": [], ""fully_unresolved"": false}}",1582.3862999677658,2473.4803000465035,2.9732000548392534,4058.950699865818,False,False
stress-same-pair-oscillation-001,LLM_ONLY,1,en,es,"Although the absence of a signature does not prove that the document is false, it does prevent concluding that it is authentic unless and until other independent evidence emerges.","Aunque la ausencia de una firma no demuestra que el documento sea falso, sí impide concluir que sea auténtico a menos que, y hasta que, surjan otras pruebas independientes.","{""residual_uncertainty"": 0.0, ""structural_compatibility"": null, ""structural_brittleness"": null, ""weakest_legibility"": 1.0, ""legibility_spread"": 0.0, ""cognitive_remembrance"": 1.0, ""structural_mark"": {""uncertainty"": ""MAXIMUM"", ""compatibility"": ""NOT_ESTIMABLE"", ""robustness"": ""NOT_ESTIMABLE"", ""legibility"": ""MAXIMUM"", ""short_label"": ""U:MAX|C:NA|R:NA|L:MAX"", ""fully_estimable"": false}, ""structural_basis"": ""PARTIALLY_ESTIMABLE"", ""state_path"": [""WHY"", ""WHAT"", ""WHY""], ""transition_path"": [""INTERPRETIVE_PROJECTION"", ""GENERATIVE_LINK""], ""unknown_state_ratio"": 0.0}","{""residual_uncertainty"": {""canonical"": 0.0, ""observed"": 0.0, ""comparable"": true, ""absolute_difference"": 0.0}, ""structural_compatibility"": {""canonical"": null, ""observed"": null, ""comparable"": false, ""absolute_difference"": null}, ""structural_brittleness"": {""canonical"": null, ""observed"": null, ""comparable"": false, ""absolute_difference"": null}, ""weakest_legibility"": {""canonical"": 1.0, ""observed"": 1.0, ""comparable"": true, ""absolute_difference"": 0.0}, ""legibility_spread"": {""canonical"": 0.0, ""observed"": 0.0, ""comparable"": true, ""absolute_difference"": 0.0}, ""cognitive_remembrance"": {""canonical"": 1.0, ""observed"": 1.0, ""comparable"": true, ""absolute_difference"": 0.0}, ""unknown_state_ratio"": {""canonical"": 0.0, ""observed"": 0.0, ""comparable"": true, ""absolute_difference"": 0.0}, ""structural_mark_preserved"": true, ""structural_basis_preserved"": true, ""state_path_preserved"": false, ""transition_path_preserved"": false}","{""state_sequence"": [""WHY"", ""WHAT"", ""WHY""], ""relation_sequence"": [""WHY|INTERPRETIVE_PROJECTION|WHAT|EXPLICIT"", ""WHAT|GENERATIVE_LINK|WHY|EXPLICIT""], ""trajectory_boundaries"": [2], ""trajectory_ranges"": [{""start_state_occurrence_index"": 0, ""end_state_occurrence_index"": 2}], ""relation_occurrences"": [{""from_state_occurrence_index"": 0, ""to_state_occurrence_index"": 1}, {""from_state_occurrence_index"": 1, ""to_state_occurrence_index"": 2}]}","{""permutation_disposition"": ""FUTURE_FORWARD_FIX"", ""permutation_narrative"": ""Major and Prime reached no discriminative chief criterion; the original trajectory is preserved by economy of intervention. In OPEN this is a presumption to preserve, not proof that the permuted realization is contextually inferior."", ""unresolved_profile"": {""total_state_count"": 3, ""unknown_state_count"": 0, ""unknown_state_ratio"": 0.0, ""unknown_state_occurrence_indices"": [], ""unknown_runs"": [], ""fully_unresolved"": false}}",1711.1460999585688,2459.151499904692,2.953099785372615,4173.340399982408,False,False
stress-same-pair-oscillation-001,LLM_ONLY,2,es,en,"Aunque la ausencia de una firma no demuestra que el documento sea falso, sí impide concluir que sea auténtico a menos que, y hasta que, surjan otras pruebas independientes.","Although the absence of a signature does not prove that the document is false, it does preclude concluding that it is authentic unless and until other independent evidence emerges.","{""residual_uncertainty"": 0.0, ""structural_compatibility"": null, ""structural_brittleness"": null, ""weakest_legibility"": 1.0, ""legibility_spread"": 0.0, ""cognitive_remembrance"": 1.0, ""structural_mark"": {""uncertainty"": ""MAXIMUM"", ""compatibility"": ""NOT_ESTIMABLE"", ""robustness"": ""NOT_ESTIMABLE"", ""legibility"": ""MAXIMUM"", ""short_label"": ""U:MAX|C:NA|R:NA|L:MAX"", ""fully_estimable"": false}, ""structural_basis"": ""PARTIALLY_ESTIMABLE"", ""state_path"": [""WHY"", ""WHAT"", ""WHEN""], ""transition_path"": [""INTERPRETIVE_PROJECTION"", ""CHAIN_CONNECTOR""], ""unknown_state_ratio"": 0.0}","{""residual_uncertainty"": {""canonical"": 0.0, ""observed"": 0.0, ""comparable"": true, ""absolute_difference"": 0.0}, ""structural_compatibility"": {""canonical"": null, ""observed"": null, ""comparable"": false, ""absolute_difference"": null}, ""structural_brittleness"": {""canonical"": null, ""observed"": null, ""comparable"": false, ""absolute_difference"": null}, ""weakest_legibility"": {""canonical"": 1.0, ""observed"": 1.0, ""comparable"": true, ""absolute_difference"": 0.0}, ""legibility_spread"": {""canonical"": 0.0, ""observed"": 0.0, ""comparable"": true, ""absolute_difference"": 0.0}, ""cognitive_remembrance"": {""canonical"": 1.0, ""observed"": 1.0, ""comparable"": true, ""absolute_difference"": 0.0}, ""unknown_state_ratio"": {""canonical"": 0.0, ""observed"": 0.0, ""comparable"": true, ""absolute_difference"": 0.0}, ""structural_mark_preserved"": true, ""structural_basis_preserved"": true, ""state_path_preserved"": false, ""transition_path_preserved"": false}","{""state_sequence"": [""WHY"", ""WHAT"", ""WHEN""], ""relation_sequence"": [""WHY|INTERPRETIVE_PROJECTION|WHAT|EXPLICIT"", ""WHAT|CHAIN_CONNECTOR|WHEN|EXPLICIT""], ""trajectory_boundaries"": [2], ""trajectory_ranges"": [{""start_state_occurrence_index"": 0, ""end_state_occurrence_index"": 2}], ""relation_occurrences"": [{""from_state_occurrence_index"": 0, ""to_state_occurrence_index"": 1}, {""from_state_occurrence_index"": 1, ""to_state_occurrence_index"": 2}]}","{""permutation_disposition"": ""FUTURE_FORWARD_FIX"", ""permutation_narrative"": ""Major and Prime reached no discriminative chief criterion; the original trajectory is preserved by economy of intervention. In OPEN this is a presumption to preserve, not proof that the permuted realization is contextually inferior."", ""unresolved_profile"": {""total_state_count"": 3, ""unknown_state_count"": 0, ""unknown_state_ratio"": 0.0, ""unknown_state_occurrence_indices"": [], ""unknown_runs"": [], ""fully_unresolved"": false}}",1641.277499962598,3008.0961999483407,2.884899964556098,4652.35049999319,False,False
stress-same-pair-oscillation-001,LLM_ONLY,3,en,es,"Although the absence of a signature does not prove that the document is false, it does preclude concluding that it is authentic unless and until other independent evidence emerges.","Aunque la ausencia de una firma no demuestra que el documento sea falso, sí impide concluir que sea auténtico a menos que, y hasta que, surjan otras pruebas independientes.","{""residual_uncertainty"": 0.0, ""structural_compatibility"": null, ""structural_brittleness"": null, ""weakest_legibility"": 1.0, ""legibility_spread"": 0.0, ""cognitive_remembrance"": 1.0, ""structural_mark"": {""uncertainty"": ""MAXIMUM"", ""compatibility"": ""NOT_ESTIMABLE"", ""robustness"": ""NOT_ESTIMABLE"", ""legibility"": ""MAXIMUM"", ""short_label"": ""U:MAX|C:NA|R:NA|L:MAX"", ""fully_estimable"": false}, ""structural_basis"": ""PARTIALLY_ESTIMABLE"", ""state_path"": [""WHAT"", ""WHY"", ""WHEN""], ""transition_path"": [""GENERATIVE_LINK"", ""CHAIN_CONNECTOR""], ""unknown_state_ratio"": 0.0}","{""residual_uncertainty"": {""canonical"": 0.0, ""observed"": 0.0, ""comparable"": true, ""absolute_difference"": 0.0}, ""structural_compatibility"": {""canonical"": null, ""observed"": null, ""comparable"": false, ""absolute_difference"": null}, ""structural_brittleness"": {""canonical"": null, ""observed"": null, ""comparable"": false, ""absolute_difference"": null}, ""weakest_legibility"": {""canonical"": 1.0, ""observed"": 1.0, ""comparable"": true, ""absolute_difference"": 0.0}, ""legibility_spread"": {""canonical"": 0.0, ""observed"": 0.0, ""comparable"": true, ""absolute_difference"": 0.0}, ""cognitive_remembrance"": {""canonical"": 1.0, ""observed"": 1.0, ""comparable"": true, ""absolute_difference"": 0.0}, ""unknown_state_ratio"": {""canonical"": 0.0, ""observed"": 0.0, ""comparable"": true, ""absolute_difference"": 0.0}, ""structural_mark_preserved"": true, ""structural_basis_preserved"": true, ""state_path_preserved"": false, ""transition_path_preserved"": false}","{""state_sequence"": [""WHAT"", ""WHY"", ""WHEN""], ""relation_sequence"": [""WHAT|GENERATIVE_LINK|WHY|EXPLICIT"", ""WHY|CHAIN_CONNECTOR|WHEN|EXPLICIT""], ""trajectory_boundaries"": [2], ""trajectory_ranges"": [{""start_state_occurrence_index"": 0, ""end_state_occurrence_index"": 2}], ""relation_occurrences"": [{""from_state_occurrence_index"": 0, ""to_state_occurrence_index"": 1}, {""from_state_occurrence_index"": 1, ""to_state_occurrence_index"": 2}]}","{""permutation_disposition"": ""FUTURE_FORWARD_FIX"", ""permutation_narrative"": ""Major and Prime reached no discriminative chief criterion; the original trajectory is preserved by economy of intervention. In OPEN this is a presumption to preserve, not proof that the permuted realization is contextually inferior."", ""unresolved_profile"": {""total_state_count"": 3, ""unknown_state_count"": 0, ""unknown_state_ratio"": 0.0, ""unknown_state_occurrence_indices"": [], ""unknown_runs"": [], ""fully_unresolved"": false}}",1772.3476998507977,4063.123800093308,14.359500026330352,5849.957700120285,False,False
stress-same-pair-oscillation-001,LLM_ONLY,4,es,en,"Aunque la ausencia de una firma no demuestra que el documento sea falso, sí impide concluir que sea auténtico a menos que, y hasta que, surjan otras pruebas independientes.","Although the absence of a signature does not prove that the document is false, it does preclude concluding that it is authentic unless and until other independent evidence emerges.","{""residual_uncertainty"": 0.0, ""structural_compatibility"": null, ""structural_brittleness"": null, ""weakest_legibility"": 1.0, ""legibility_spread"": 0.0, ""cognitive_remembrance"": 1.0, ""structural_mark"": {""uncertainty"": ""MAXIMUM"", ""compatibility"": ""NOT_ESTIMABLE"", ""robustness"": ""NOT_ESTIMABLE"", ""legibility"": ""MAXIMUM"", ""short_label"": ""U:MAX|C:NA|R:NA|L:MAX"", ""fully_estimable"": false}, ""structural_basis"": ""PARTIALLY_ESTIMABLE"", ""state_path"": [""WHY"", ""WHAT"", ""WHEN""], ""transition_path"": [""INTERPRETIVE_PROJECTION"", ""CHAIN_CONNECTOR""], ""unknown_state_ratio"": 0.0}","{""residual_uncertainty"": {""canonical"": 0.0, ""observed"": 0.0, ""comparable"": true, ""absolute_difference"": 0.0}, ""structural_compatibility"": {""canonical"": null, ""observed"": null, ""comparable"": false, ""absolute_difference"": null}, ""structural_brittleness"": {""canonical"": null, ""observed"": null, ""comparable"": false, ""absolute_difference"": null}, ""weakest_legibility"": {""canonical"": 1.0, ""observed"": 1.0, ""comparable"": true, ""absolute_difference"": 0.0}, ""legibility_spread"": {""canonical"": 0.0, ""observed"": 0.0, ""comparable"": true, ""absolute_difference"": 0.0}, ""cognitive_remembrance"": {""canonical"": 1.0, ""observed"": 1.0, ""comparable"": true, ""absolute_difference"": 0.0}, ""unknown_state_ratio"": {""canonical"": 0.0, ""observed"": 0.0, ""comparable"": true, ""absolute_difference"": 0.0}, ""structural_mark_preserved"": true, ""structural_basis_preserved"": true, ""state_path_preserved"": false, ""transition_path_preserved"": false}","{""state_sequence"": [""WHY"", ""WHAT"", ""WHEN""], ""relation_sequence"": [""WHY|INTERPRETIVE_PROJECTION|WHAT|EXPLICIT"", ""WHAT|CHAIN_CONNECTOR|WHEN|EXPLICIT""], ""trajectory_boundaries"": [2], ""trajectory_ranges"": [{""start_state_occurrence_index"": 0, ""end_state_occurrence_index"": 2}], ""relation_occurrences"": [{""from_state_occurrence_index"": 0, ""to_state_occurrence_index"": 1}, {""from_state_occurrence_index"": 1, ""to_state_occurrence_index"": 2}]}","{""permutation_disposition"": ""FUTURE_FORWARD_FIX"", ""permutation_narrative"": ""Major and Prime reached no discriminative chief criterion; the original trajectory is preserved by economy of intervention. In OPEN this is a presumption to preserve, not proof that the permuted realization is contextually inferior."", ""unresolved_profile"": {""total_state_count"": 3, ""unknown_state_count"": 0, ""unknown_state_ratio"": 0.0, ""unknown_state_occurrence_indices"": [], ""unknown_runs"": [], ""fully_unresolved"": false}}",1239.0348000917584,2611.107099801302,3.1544999219477177,3853.3851001411676,False,False
stress-same-pair-oscillation-001,LLM_ONLY,5,en,es,"Although the absence of a signature does not prove that the document is false, it does preclude concluding that it is authentic unless and until other independent evidence emerges.","Aunque la ausencia de una firma no demuestra que el documento sea falso, sí impide concluir que sea auténtico a menos que, y hasta que, surjan otras pruebas independientes.","{""residual_uncertainty"": 0.0, ""structural_compatibility"": null, ""structural_brittleness"": null, ""weakest_legibility"": 1.0, ""legibility_spread"": 0.0, ""cognitive_remembrance"": 1.0, ""structural_mark"": {""uncertainty"": ""MAXIMUM"", ""compatibility"": ""NOT_ESTIMABLE"", ""robustness"": ""NOT_ESTIMABLE"", ""legibility"": ""MAXIMUM"", ""short_label"": ""U:MAX|C:NA|R:NA|L:MAX"", ""fully_estimable"": false}, ""structural_basis"": ""PARTIALLY_ESTIMABLE"", ""state_path"": [""WHY"", ""WHAT"", ""WHEN""], ""transition_path"": [""INTERPRETIVE_PROJECTION"", ""CHAIN_CONNECTOR""], ""unknown_state_ratio"": 0.0}","{""residual_uncertainty"": {""canonical"": 0.0, ""observed"": 0.0, ""comparable"": true, ""absolute_difference"": 0.0}, ""structural_compatibility"": {""canonical"": null, ""observed"": null, ""comparable"": false, ""absolute_difference"": null}, ""structural_brittleness"": {""canonical"": null, ""observed"": null, ""comparable"": false, ""absolute_difference"": null}, ""weakest_legibility"": {""canonical"": 1.0, ""observed"": 1.0, ""comparable"": true, ""absolute_difference"": 0.0}, ""legibility_spread"": {""canonical"": 0.0, ""observed"": 0.0, ""comparable"": true, ""absolute_difference"": 0.0}, ""cognitive_remembrance"": {""canonical"": 1.0, ""observed"": 1.0, ""comparable"": true, ""absolute_difference"": 0.0}, ""unknown_state_ratio"": {""canonical"": 0.0, ""observed"": 0.0, ""comparable"": true, ""absolute_difference"": 0.0}, ""structural_mark_preserved"": true, ""structural_basis_preserved"": true, ""state_path_preserved"": false, ""transition_path_preserved"": false}","{""state_sequence"": [""WHY"", ""WHAT"", ""WHEN""], ""relation_sequence"": [""WHY|INTERPRETIVE_PROJECTION|WHAT|EXPLICIT"", ""WHAT|CHAIN_CONNECTOR|WHEN|EXPLICIT""], ""trajectory_boundaries"": [2], ""trajectory_ranges"": [{""start_state_occurrence_index"": 0, ""end_state_occurrence_index"": 2}], ""relation_occurrences"": [{""from_state_occurrence_index"": 0, ""to_state_occurrence_index"": 1}, {""from_state_occurrence_index"": 1, ""to_state_occurrence_index"": 2}]}","{""permutation_disposition"": ""FUTURE_FORWARD_FIX"", ""permutation_narrative"": ""Major and Prime reached no discriminative chief criterion; the original trajectory is preserved by economy of intervention. In OPEN this is a presumption to preserve, not proof that the permuted realization is contextually inferior."", ""unresolved_profile"": {""total_state_count"": 3, ""unknown_state_count"": 0, ""unknown_state_ratio"": 0.0, ""unknown_state_occurrence_indices"": [], ""unknown_runs"": [], ""fully_unresolved"": false}}",1514.574500033632,2817.4525999929756,3.0783999245613813,4335.187699878588,False,False
stress-same-pair-oscillation-001,LLM_ONLY,6,es,en,"Aunque la ausencia de una firma no demuestra que el documento sea falso, sí impide concluir que sea auténtico a menos que, y hasta que, surjan otras pruebas independientes.","Although the absence of a signature does not prove that the document is false, it does preclude concluding that it is authentic unless and until other independent evidence emerges.","{""residual_uncertainty"": 0.0, ""structural_compatibility"": null, ""structural_brittleness"": null, ""weakest_legibility"": 1.0, ""legibility_spread"": 0.0, ""cognitive_remembrance"": 1.0, ""structural_mark"": {""uncertainty"": ""MAXIMUM"", ""compatibility"": ""NOT_ESTIMABLE"", ""robustness"": ""NOT_ESTIMABLE"", ""legibility"": ""MAXIMUM"", ""short_label"": ""U:MAX|C:NA|R:NA|L:MAX"", ""fully_estimable"": false}, ""structural_basis"": ""PARTIALLY_ESTIMABLE"", ""state_path"": [""WHY"", ""WHAT"", ""WHEN""], ""transition_path"": [""INTERPRETIVE_PROJECTION"", ""CHAIN_CONNECTOR""], ""unknown_state_ratio"": 0.0}","{""residual_uncertainty"": {""canonical"": 0.0, ""observed"": 0.0, ""comparable"": true, ""absolute_difference"": 0.0}, ""structural_compatibility"": {""canonical"": null, ""observed"": null, ""comparable"": false, ""absolute_difference"": null}, ""structural_brittleness"": {""canonical"": null, ""observed"": null, ""comparable"": false, ""absolute_difference"": null}, ""weakest_legibility"": {""canonical"": 1.0, ""observed"": 1.0, ""comparable"": true, ""absolute_difference"": 0.0}, ""legibility_spread"": {""canonical"": 0.0, ""observed"": 0.0, ""comparable"": true, ""absolute_difference"": 0.0}, ""cognitive_remembrance"": {""canonical"": 1.0, ""observed"": 1.0, ""comparable"": true, ""absolute_difference"": 0.0}, ""unknown_state_ratio"": {""canonical"": 0.0, ""observed"": 0.0, ""comparable"": true, ""absolute_difference"": 0.0}, ""structural_mark_preserved"": true, ""structural_basis_preserved"": true, ""state_path_preserved"": false, ""transition_path_preserved"": false}","{""state_sequence"": [""WHY"", ""WHAT"", ""WHEN""], ""relation_sequence"": [""WHY|INTERPRETIVE_PROJECTION|WHAT|EXPLICIT"", ""WHAT|CHAIN_CONNECTOR|WHEN|EXPLICIT""], ""trajectory_boundaries"": [2], ""trajectory_ranges"": [{""start_state_occurrence_index"": 0, ""end_state_occurrence_index"": 2}], ""relation_occurrences"": [{""from_state_occurrence_index"": 0, ""to_state_occurrence_index"": 1}, {""from_state_occurrence_index"": 1, ""to_state_occurrence_index"": 2}]}","{""permutation_disposition"": ""FUTURE_FORWARD_FIX"", ""permutation_narrative"": ""Major and Prime reached no discriminative chief criterion; the original trajectory is preserved by economy of intervention. In OPEN this is a presumption to preserve, not proof that the permuted realization is contextually inferior."", ""unresolved_profile"": {""total_state_count"": 3, ""unknown_state_count"": 0, ""unknown_state_ratio"": 0.0, ""unknown_state_occurrence_indices"": [], ""unknown_runs"": [], ""fully_unresolved"": false}}",1403.3945999108255,2538.91080012545,2.5797998532652855,3944.983000168577,False,False
stress-same-pair-oscillation-001,LLM_ONLY,7,en,es,"Although the absence of a signature does not prove that the document is false, it does preclude concluding that it is authentic unless and until other independent evidence emerges.","Aunque la ausencia de una firma no demuestra que el documento sea falso, sí impide concluir que sea auténtico a menos que, y hasta que, surjan otras pruebas independientes.","{""residual_uncertainty"": 0.0, ""structural_compatibility"": null, ""structural_brittleness"": null, ""weakest_legibility"": 1.0, ""legibility_spread"": 0.0, ""cognitive_remembrance"": 1.0, ""structural_mark"": {""uncertainty"": ""MAXIMUM"", ""compatibility"": ""NOT_ESTIMABLE"", ""robustness"": ""NOT_ESTIMABLE"", ""legibility"": ""MAXIMUM"", ""short_label"": ""U:MAX|C:NA|R:NA|L:MAX"", ""fully_estimable"": false}, ""structural_basis"": ""PARTIALLY_ESTIMABLE"", ""state_path"": [""WHY"", ""WHAT"", ""WHEN""], ""transition_path"": [""INTERPRETIVE_PROJECTION"", ""CHAIN_CONNECTOR""], ""unknown_state_ratio"": 0.0}","{""residual_uncertainty"": {""canonical"": 0.0, ""observed"": 0.0, ""comparable"": true, ""absolute_difference"": 0.0}, ""structural_compatibility"": {""canonical"": null, ""observed"": null, ""comparable"": false, ""absolute_difference"": null}, ""structural_brittleness"": {""canonical"": null, ""observed"": null, ""comparable"": false, ""absolute_difference"": null}, ""weakest_legibility"": {""canonical"": 1.0, ""observed"": 1.0, ""comparable"": true, ""absolute_difference"": 0.0}, ""legibility_spread"": {""canonical"": 0.0, ""observed"": 0.0, ""comparable"": true, ""absolute_difference"": 0.0}, ""cognitive_remembrance"": {""canonical"": 1.0, ""observed"": 1.0, ""comparable"": true, ""absolute_difference"": 0.0}, ""unknown_state_ratio"": {""canonical"": 0.0, ""observed"": 0.0, ""comparable"": true, ""absolute_difference"": 0.0}, ""structural_mark_preserved"": true, ""structural_basis_preserved"": true, ""state_path_preserved"": false, ""transition_path_preserved"": false}","{""state_sequence"": [""WHY"", ""WHAT"", ""WHEN""], ""relation_sequence"": [""WHY|INTERPRETIVE_PROJECTION|WHAT|EXPLICIT"", ""WHAT|CHAIN_CONNECTOR|WHEN|EXPLICIT""], ""trajectory_boundaries"": [2], ""trajectory_ranges"": [{""start_state_occurrence_index"": 0, ""end_state_occurrence_index"": 2}], ""relation_occurrences"": [{""from_state_occurrence_index"": 0, ""to_state_occurrence_index"": 1}, {""from_state_occurrence_index"": 1, ""to_state_occurrence_index"": 2}]}","{""permutation_disposition"": ""FUTURE_FORWARD_FIX"", ""permutation_narrative"": ""Major and Prime reached no discriminative chief criterion; the original trajectory is preserved by economy of intervention. In OPEN this is a presumption to preserve, not proof that the permuted realization is contextually inferior."", ""unresolved_profile"": {""total_state_count"": 3, ""unknown_state_count"": 0, ""unknown_state_ratio"": 0.0, ""unknown_state_occurrence_indices"": [], ""unknown_runs"": [], ""fully_unresolved"": false}}",1729.952699970454,2696.275500115007,3.280899953097105,4429.591299965978,False,False
stress-same-pair-oscillation-001,LLM_MDPAR,0,es,en,"Aunque la ausencia de una firma no demuestra que el documento sea falso, sí impide concluir que sea auténtico mientras no aparezca otra prueba independiente.","Although the absence of a signature does not prove that the document is false, it does prevent concluding that it is authentic until other independent evidence appears.","{""residual_uncertainty"": 0.0, ""structural_compatibility"": null, ""structural_brittleness"": null, ""weakest_legibility"": 1.0, ""legibility_spread"": 0.0, ""cognitive_remembrance"": 1.0, ""structural_mark"": {""uncertainty"": ""MAXIMUM"", ""compatibility"": ""NOT_ESTIMABLE"", ""robustness"": ""NOT_ESTIMABLE"", ""legibility"": ""MAXIMUM"", ""short_label"": ""U:MAX|C:NA|R:NA|L:MAX"", ""fully_estimable"": false}, ""structural_basis"": ""PARTIALLY_ESTIMABLE"", ""state_path"": [""WHAT"", ""WHAT"", ""WHY""], ""transition_path"": [""CHAIN_CONNECTOR"", ""GENERATIVE_LINK""], ""unknown_state_ratio"": 0.0}","{""residual_uncertainty"": {""canonical"": 0.0, ""observed"": 0.0, ""comparable"": true, ""absolute_difference"": 0.0}, ""structural_compatibility"": {""canonical"": null, ""observed"": null, ""comparable"": false, ""absolute_difference"": null}, ""structural_brittleness"": {""canonical"": null, ""observed"": null, ""comparable"": false, ""absolute_difference"": null}, ""weakest_legibility"": {""canonical"": 1.0, ""observed"": 1.0, ""comparable"": true, ""absolute_difference"": 0.0}, ""legibility_spread"": {""canonical"": 0.0, ""observed"": 0.0, ""comparable"": true, ""absolute_difference"": 0.0}, ""cognitive_remembrance"": {""canonical"": 1.0, ""observed"": 1.0, ""comparable"": true, ""absolute_difference"": 0.0}, ""unknown_state_ratio"": {""canonical"": 0.0, ""observed"": 0.0, ""comparable"": true, ""absolute_difference"": 0.0}, ""structural_mark_preserved"": true, ""structural_basis_preserved"": true, ""state_path_preserved"": false, ""transition_path_preserved"": false}","{""state_sequence"": [""WHAT"", ""WHAT"", ""WHY""], ""relation_sequence"": [""WHAT|CHAIN_CONNECTOR|WHAT|EXPLICIT"", ""WHAT|GENERATIVE_LINK|WHY|EXPLICIT""], ""trajectory_boundaries"": [2], ""trajectory_ranges"": [{""start_state_occurrence_index"": 0, ""end_state_occurrence_index"": 2}], ""relation_occurrences"": [{""from_state_occurrence_index"": 0, ""to_state_occurrence_index"": 1}, {""from_state_occurrence_index"": 1, ""to_state_occurrence_index"": 2}]}","{""permutation_disposition"": ""FUTURE_FORWARD_FIX"", ""permutation_narrative"": ""Major and Prime reached no discriminative chief criterion; the original trajectory is preserved by economy of intervention. In OPEN this is a presumption to preserve, not proof that the permuted realization is contextually inferior."", ""unresolved_profile"": {""total_state_count"": 3, ""unknown_state_count"": 0, ""unknown_state_ratio"": 0.0, ""unknown_state_occurrence_indices"": [], ""unknown_runs"": [], ""fully_unresolved"": false}}",1722.033299971372,2528.8645999971777,3.291799919679761,4254.312800010666,False,False
stress-same-pair-oscillation-001,LLM_MDPAR,1,en,es,"Although the absence of a signature does not prove that the document is false, it does prevent concluding that it is authentic until other independent evidence appears.","Aunque la ausencia de una firma no demuestra que el documento sea falso, sí impide concluir que sea auténtico mientras no aparezca otra prueba independiente.","{""residual_uncertainty"": 0.0, ""structural_compatibility"": null, ""structural_brittleness"": null, ""weakest_legibility"": 1.0, ""legibility_spread"": 0.0, ""cognitive_remembrance"": 1.0, ""structural_mark"": {""uncertainty"": ""MAXIMUM"", ""compatibility"": ""NOT_ESTIMABLE"", ""robustness"": ""NOT_ESTIMABLE"", ""legibility"": ""MAXIMUM"", ""short_label"": ""U:MAX|C:NA|R:NA|L:MAX"", ""fully_estimable"": false}, ""structural_basis"": ""PARTIALLY_ESTIMABLE"", ""state_path"": [""WHAT"", ""WHAT""], ""transition_path"": [""CHAIN_CONNECTOR""], ""unknown_state_ratio"": 0.0}","{""residual_uncertainty"": {""canonical"": 0.0, ""observed"": 0.0, ""comparable"": true, ""absolute_difference"": 0.0}, ""structural_compatibility"": {""canonical"": null, ""observed"": null, ""comparable"": false, ""absolute_difference"": null}, ""structural_brittleness"": {""canonical"": null, ""observed"": null, ""comparable"": false, ""absolute_difference"": null}, ""weakest_legibility"": {""canonical"": 1.0, ""observed"": 1.0, ""comparable"": true, ""absolute_difference"": 0.0}, ""legibility_spread"": {""canonical"": 0.0, ""observed"": 0.0, ""comparable"": true, ""absolute_difference"": 0.0}, ""cognitive_remembrance"": {""canonical"": 1.0, ""observed"": 1.0, ""comparable"": true, ""absolute_difference"": 0.0}, ""unknown_state_ratio"": {""canonical"": 0.0, ""observed"": 0.0, ""comparable"": true, ""absolute_difference"": 0.0}, ""structural_mark_preserved"": true, ""structural_basis_preserved"": true, ""state_path_preserved"": false, ""transition_path_preserved"": false}","{""state_sequence"": [""WHAT"", ""WHAT""], ""relation_sequence"": [""WHAT|CHAIN_CONNECTOR|WHAT|EXPLICIT""], ""trajectory_boundaries"": [1], ""trajectory_ranges"": [{""start_state_occurrence_index"": 0, ""end_state_occurrence_index"": 1}], ""relation_occurrences"": [{""from_state_occurrence_index"": 0, ""to_state_occurrence_index"": 1}]}","{""permutation_disposition"": ""FUTURE_FORWARD_FIX"", ""permutation_narrative"": ""Major and Prime reached no discriminative chief criterion; the original trajectory is preserved by economy of intervention. In OPEN this is a presumption to preserve, not proof that the permuted realization is contextually inferior."", ""unresolved_profile"": {""total_state_count"": 2, ""unknown_state_count"": 0, ""unknown_state_ratio"": 0.0, ""unknown_state_occurrence_indices"": [], ""unknown_runs"": [], ""fully_unresolved"": false}}",1521.7790000606328,2708.23059999384,2.149200066924095,4232.255500042811,False,False
stress-same-pair-oscillation-001,LLM_MDPAR,2,es,en,"Aunque la ausencia de una firma no demuestra que el documento sea falso, sí impide concluir que sea auténtico mientras no aparezca otra prueba independiente.","Although the absence of a signature does not prove that the document is false, it does prevent concluding that it is authentic unless and until other independent evidence emerges.","{""residual_uncertainty"": 0.0, ""structural_compatibility"": null, ""structural_brittleness"": null, ""weakest_legibility"": 1.0, ""legibility_spread"": 0.0, ""cognitive_remembrance"": 1.0, ""structural_mark"": {""uncertainty"": ""MAXIMUM"", ""compatibility"": ""NOT_ESTIMABLE"", ""robustness"": ""NOT_ESTIMABLE"", ""legibility"": ""MAXIMUM"", ""short_label"": ""U:MAX|C:NA|R:NA|L:MAX"", ""fully_estimable"": false}, ""structural_basis"": ""PARTIALLY_ESTIMABLE"", ""state_path"": [""WHY"", ""WHAT"", ""WHEN""], ""transition_path"": [""INTERPRETIVE_PROJECTION"", ""CHAIN_CONNECTOR""], ""unknown_state_ratio"": 0.0}","{""residual_uncertainty"": {""canonical"": 0.0, ""observed"": 0.0, ""comparable"": true, ""absolute_difference"": 0.0}, ""structural_compatibility"": {""canonical"": null, ""observed"": null, ""comparable"": false, ""absolute_difference"": null}, ""structural_brittleness"": {""canonical"": null, ""observed"": null, ""comparable"": false, ""absolute_difference"": null}, ""weakest_legibility"": {""canonical"": 1.0, ""observed"": 1.0, ""comparable"": true, ""absolute_difference"": 0.0}, ""legibility_spread"": {""canonical"": 0.0, ""observed"": 0.0, ""comparable"": true, ""absolute_difference"": 0.0}, ""cognitive_remembrance"": {""canonical"": 1.0, ""observed"": 1.0, ""comparable"": true, ""absolute_difference"": 0.0}, ""unknown_state_ratio"": {""canonical"": 0.0, ""observed"": 0.0, ""comparable"": true, ""absolute_difference"": 0.0}, ""structural_mark_preserved"": true, ""structural_basis_preserved"": true, ""state_path_preserved"": false, ""transition_path_preserved"": false}","{""state_sequence"": [""WHY"", ""WHAT"", ""WHEN""], ""relation_sequence"": [""WHY|INTERPRETIVE_PROJECTION|WHAT|EXPLICIT"", ""WHAT|CHAIN_CONNECTOR|WHEN|EXPLICIT""], ""trajectory_boundaries"": [2], ""trajectory_ranges"": [{""start_state_occurrence_index"": 0, ""end_state_occurrence_index"": 2}], ""relation_occurrences"": [{""from_state_occurrence_index"": 0, ""to_state_occurrence_index"": 1}, {""from_state_occurrence_index"": 1, ""to_state_occurrence_index"": 2}]}","{""permutation_disposition"": ""FUTURE_FORWARD_FIX"", ""permutation_narrative"": ""Major and Prime reached no discriminative chief criterion; the original trajectory is preserved by economy of intervention. In OPEN this is a presumption to preserve, not proof that the permuted realization is contextually inferior."", ""unresolved_profile"": {""total_state_count"": 3, ""unknown_state_count"": 0, ""unknown_state_ratio"": 0.0, ""unknown_state_occurrence_indices"": [], ""unknown_runs"": [], ""fully_unresolved"": false}}",1539.1602001618594,2481.8369999993593,2.7811999898403883,4023.863699985668,False,False
stress-same-pair-oscillation-001,LLM_MDPAR,3,en,es,"Although the absence of a signature does not prove that the document is false, it does prevent concluding that it is authentic unless and until other independent evidence emerges.","Aunque la ausencia de una firma no demuestra que el documento sea falso, sí impide concluir que sea auténtico mientras no aparezca otra prueba independiente.","{""residual_uncertainty"": 0.0, ""structural_compatibility"": null, ""structural_brittleness"": null, ""weakest_legibility"": 1.0, ""legibility_spread"": 0.0, ""cognitive_remembrance"": 1.0, ""structural_mark"": {""uncertainty"": ""MAXIMUM"", ""compatibility"": ""NOT_ESTIMABLE"", ""robustness"": ""NOT_ESTIMABLE"", ""legibility"": ""MAXIMUM"", ""short_label"": ""U:MAX|C:NA|R:NA|L:MAX"", ""fully_estimable"": false}, ""structural_basis"": ""PARTIALLY_ESTIMABLE"", ""state_path"": [""WHAT"", ""WHAT"", ""WHY"", ""WHEN""], ""transition_path"": [""CHAIN_CONNECTOR"", ""GENERATIVE_LINK"", ""CHAIN_CONNECTOR""], ""unknown_state_ratio"": 0.0}","{""residual_uncertainty"": {""canonical"": 0.0, ""observed"": 0.0, ""comparable"": true, ""absolute_difference"": 0.0}, ""structural_compatibility"": {""canonical"": null, ""observed"": null, ""comparable"": false, ""absolute_difference"": null}, ""structural_brittleness"": {""canonical"": null, ""observed"": null, ""comparable"": false, ""absolute_difference"": null}, ""weakest_legibility"": {""canonical"": 1.0, ""observed"": 1.0, ""comparable"": true, ""absolute_difference"": 0.0}, ""legibility_spread"": {""canonical"": 0.0, ""observed"": 0.0, ""comparable"": true, ""absolute_difference"": 0.0}, ""cognitive_remembrance"": {""canonical"": 1.0, ""observed"": 1.0, ""comparable"": true, ""absolute_difference"": 0.0}, ""unknown_state_ratio"": {""canonical"": 0.0, ""observed"": 0.0, ""comparable"": true, ""absolute_difference"": 0.0}, ""structural_mark_preserved"": true, ""structural_basis_preserved"": true, ""state_path_preserved"": false, ""transition_path_preserved"": false}","{""state_sequence"": [""WHAT"", ""WHAT"", ""WHY"", ""WHEN""], ""relation_sequence"": [""WHAT|CHAIN_CONNECTOR|WHAT|EXPLICIT"", ""WHAT|GENERATIVE_LINK|WHY|EXPLICIT"", ""WHY|CHAIN_CONNECTOR|WHEN|EXPLICIT""], ""trajectory_boundaries"": [3], ""trajectory_ranges"": [{""start_state_occurrence_index"": 0, ""end_state_occurrence_index"": 3}], ""relation_occurrences"": [{""from_state_occurrence_index"": 0, ""to_state_occurrence_index"": 1}, {""from_state_occurrence_index"": 1, ""to_state_occurrence_index"": 2}, {""from_state_occurrence_index"": 2, ""to_state_occurrence_index"": 3}]}","{""permutation_disposition"": ""FUTURE_FORWARD_FIX"", ""permutation_narrative"": ""Major and Prime reached no discriminative chief criterion; the original trajectory is preserved by economy of intervention. In OPEN this is a presumption to preserve, not proof that the permuted realization is contextually inferior."", ""unresolved_profile"": {""total_state_count"": 4, ""unknown_state_count"": 0, ""unknown_state_ratio"": 0.0, ""unknown_state_occurrence_indices"": [], ""unknown_runs"": [], ""fully_unresolved"": false}}",1342.713600024581,2863.8369999825954,3.78539995290339,4210.447299992666,False,False
stress-same-pair-oscillation-001,LLM_MDPAR,4,es,en,"Aunque la ausencia de una firma no demuestra que el documento sea falso, sí impide concluir que sea auténtico mientras no aparezca otra prueba independiente.","Although the absence of a signature does not prove that the document is false, it does prevent concluding that it is authentic unless and until other independent evidence emerges.","{""residual_uncertainty"": 0.0, ""structural_compatibility"": null, ""structural_brittleness"": null, ""weakest_legibility"": 1.0, ""legibility_spread"": 0.0, ""cognitive_remembrance"": 1.0, ""structural_mark"": {""uncertainty"": ""MAXIMUM"", ""compatibility"": ""NOT_ESTIMABLE"", ""robustness"": ""NOT_ESTIMABLE"", ""legibility"": ""MAXIMUM"", ""short_label"": ""U:MAX|C:NA|R:NA|L:MAX"", ""fully_estimable"": false}, ""structural_basis"": ""PARTIALLY_ESTIMABLE"", ""state_path"": [""WHY"", ""WHAT"", ""WHEN""], ""transition_path"": [""INTERPRETIVE_PROJECTION"", ""CHAIN_CONNECTOR""], ""unknown_state_ratio"": 0.0}","{""residual_uncertainty"": {""canonical"": 0.0, ""observed"": 0.0, ""comparable"": true, ""absolute_difference"": 0.0}, ""structural_compatibility"": {""canonical"": null, ""observed"": null, ""comparable"": false, ""absolute_difference"": null}, ""structural_brittleness"": {""canonical"": null, ""observed"": null, ""comparable"": false, ""absolute_difference"": null}, ""weakest_legibility"": {""canonical"": 1.0, ""observed"": 1.0, ""comparable"": true, ""absolute_difference"": 0.0}, ""legibility_spread"": {""canonical"": 0.0, ""observed"": 0.0, ""comparable"": true, ""absolute_difference"": 0.0}, ""cognitive_remembrance"": {""canonical"": 1.0, ""observed"": 1.0, ""comparable"": true, ""absolute_difference"": 0.0}, ""unknown_state_ratio"": {""canonical"": 0.0, ""observed"": 0.0, ""comparable"": true, ""absolute_difference"": 0.0}, ""structural_mark_preserved"": true, ""structural_basis_preserved"": true, ""state_path_preserved"": false, ""transition_path_preserved"": false}","{""state_sequence"": [""WHY"", ""WHAT"", ""WHEN""], ""relation_sequence"": [""WHY|INTERPRETIVE_PROJECTION|WHAT|EXPLICIT"", ""WHAT|CHAIN_CONNECTOR|WHEN|EXPLICIT""], ""trajectory_boundaries"": [2], ""trajectory_ranges"": [{""start_state_occurrence_index"": 0, ""end_state_occurrence_index"": 2}], ""relation_occurrences"": [{""from_state_occurrence_index"": 0, ""to_state_occurrence_index"": 1}, {""from_state_occurrence_index"": 1, ""to_state_occurrence_index"": 2}]}","{""permutation_disposition"": ""FUTURE_FORWARD_FIX"", ""permutation_narrative"": ""Major and Prime reached no discriminative chief criterion; the original trajectory is preserved by economy of intervention. In OPEN this is a presumption to preserve, not proof that the permuted realization is contextually inferior."", ""unresolved_profile"": {""total_state_count"": 3, ""unknown_state_count"": 0, ""unknown_state_ratio"": 0.0, ""unknown_state_occurrence_indices"": [], ""unknown_runs"": [], ""fully_unresolved"": false}}",1292.0478000305593,2368.799600051716,2.769199898466468,3663.717799820006,False,False
stress-same-pair-oscillation-001,LLM_MDPAR,5,en,es,"Although the absence of a signature does not prove that the document is false, it does prevent concluding that it is authentic unless and until other independent evidence emerges.","Aunque la ausencia de una firma no demuestra que el documento sea falso, sí impide concluir que sea auténtico mientras no aparezca otra prueba independiente.","{""residual_uncertainty"": 0.0, ""structural_compatibility"": null, ""structural_brittleness"": null, ""weakest_legibility"": 1.0, ""legibility_spread"": 0.0, ""cognitive_remembrance"": 1.0, ""structural_mark"": {""uncertainty"": ""MAXIMUM"", ""compatibility"": ""NOT_ESTIMABLE"", ""robustness"": ""NOT_ESTIMABLE"", ""legibility"": ""MAXIMUM"", ""short_label"": ""U:MAX|C:NA|R:NA|L:MAX"", ""fully_estimable"": false}, ""structural_basis"": ""PARTIALLY_ESTIMABLE"", ""state_path"": [""WHY"", ""WHAT"", ""WHEN""], ""transition_path"": [""INTERPRETIVE_PROJECTION"", ""CHAIN_CONNECTOR""], ""unknown_state_ratio"": 0.0}","{""residual_uncertainty"": {""canonical"": 0.0, ""observed"": 0.0, ""comparable"": true, ""absolute_difference"": 0.0}, ""structural_compatibility"": {""canonical"": null, ""observed"": null, ""comparable"": false, ""absolute_difference"": null}, ""structural_brittleness"": {""canonical"": null, ""observed"": null, ""comparable"": false, ""absolute_difference"": null}, ""weakest_legibility"": {""canonical"": 1.0, ""observed"": 1.0, ""comparable"": true, ""absolute_difference"": 0.0}, ""legibility_spread"": {""canonical"": 0.0, ""observed"": 0.0, ""comparable"": true, ""absolute_difference"": 0.0}, ""cognitive_remembrance"": {""canonical"": 1.0, ""observed"": 1.0, ""comparable"": true, ""absolute_difference"": 0.0}, ""unknown_state_ratio"": {""canonical"": 0.0, ""observed"": 0.0, ""comparable"": true, ""absolute_difference"": 0.0}, ""structural_mark_preserved"": true, ""structural_basis_preserved"": true, ""state_path_preserved"": false, ""transition_path_preserved"": false}","{""state_sequence"": [""WHY"", ""WHAT"", ""WHEN""], ""relation_sequence"": [""WHY|INTERPRETIVE_PROJECTION|WHAT|EXPLICIT"", ""WHAT|CHAIN_CONNECTOR|WHEN|EXPLICIT""], ""trajectory_boundaries"": [2], ""trajectory_ranges"": [{""start_state_occurrence_index"": 0, ""end_state_occurrence_index"": 2}], ""relation_occurrences"": [{""from_state_occurrence_index"": 0, ""to_state_occurrence_index"": 1}, {""from_state_occurrence_index"": 1, ""to_state_occurrence_index"": 2}]}","{""permutation_disposition"": ""FUTURE_FORWARD_FIX"", ""permutation_narrative"": ""Major and Prime reached no discriminative chief criterion; the original trajectory is preserved by economy of intervention. In OPEN this is a presumption to preserve, not proof that the permuted realization is contextually inferior."", ""unresolved_profile"": {""total_state_count"": 3, ""unknown_state_count"": 0, ""unknown_state_ratio"": 0.0, ""unknown_state_occurrence_indices"": [], ""unknown_runs"": [], ""fully_unresolved"": false}}",1340.091799851507,2682.171600172296,2.667799824848771,4025.0179001595825,False,False
stress-long-chain-001,LLM_ONLY,0,es,en,"La comisión aceptará la propuesta solo si el informe técnico es favorable y si ninguna auditoría detecta una contradicción material. Un informe favorable, por sí solo, no garantiza la aceptación; y una contradicción menor no basta para rechazarla.","The committee will accept the proposal only if the technical report is favorable and no audit detects a material contradiction. A favorable report, by itself, does not guarantee acceptance; and a minor contradiction is not enough to reject it.","{""residual_uncertainty"": 0.0, ""structural_compatibility"": null, ""structural_brittleness"": null, ""weakest_legibility"": 1.0, ""legibility_spread"": 0.0, ""cognitive_remembrance"": 1.0, ""structural_mark"": {""uncertainty"": ""MAXIMUM"", ""compatibility"": ""NOT_ESTIMABLE"", ""robustness"": ""NOT_ESTIMABLE"", ""legibility"": ""MAXIMUM"", ""short_label"": ""U:MAX|C:NA|R:NA|L:MAX"", ""fully_estimable"": false}, ""structural_basis"": ""PARTIALLY_ESTIMABLE"", ""state_path"": [""WHAT"", ""WHY"", ""WHY"", ""WHY""], ""transition_path"": [""GENERATIVE_LINK"", ""CHAIN_CONNECTOR"", ""CHAIN_CONNECTOR""], ""unknown_state_ratio"": 0.0}","{""residual_uncertainty"": {""canonical"": 0.0, ""observed"": 0.0, ""comparable"": true, ""absolute_difference"": 0.0}, ""structural_compatibility"": {""canonical"": null, ""observed"": null, ""comparable"": false, ""absolute_difference"": null}, ""structural_brittleness"": {""canonical"": null, ""observed"": null, ""comparable"": false, ""absolute_difference"": null}, ""weakest_legibility"": {""canonical"": 1.0, ""observed"": 1.0, ""comparable"": true, ""absolute_difference"": 0.0}, ""legibility_spread"": {""canonical"": 0.0, ""observed"": 0.0, ""comparable"": true, ""absolute_difference"": 0.0}, ""cognitive_remembrance"": {""canonical"": 1.0, ""observed"": 1.0, ""comparable"": true, ""absolute_difference"": 0.0}, ""unknown_state_ratio"": {""canonical"": 0.0, ""observed"": 0.0, ""comparable"": true, ""absolute_difference"": 0.0}, ""structural_mark_preserved"": true, ""structural_basis_preserved"": true, ""state_path_preserved"": true, ""transition_path_preserved"": true}","{""state_sequence"": [""WHAT"", ""WHY"", ""WHY"", ""WHY""], ""relation_sequence"": [""WHAT|GENERATIVE_LINK|WHY|EXPLICIT"", ""WHY|CHAIN_CONNECTOR|WHY|EXPLICIT"", ""WHY|CHAIN_CONNECTOR|WHY|EXPLICIT""], ""trajectory_boundaries"": [3], ""trajectory_ranges"": [{""start_state_occurrence_index"": 0, ""end_state_occurrence_index"": 3}], ""relation_occurrences"": [{""from_state_occurrence_index"": 0, ""to_state_occurrence_index"": 1}, {""from_state_occurrence_index"": 1, ""to_state_occurrence_index"": 2}, {""from_state_occurrence_index"": 2, ""to_state_occurrence_index"": 3}]}","{""permutation_disposition"": ""FUTURE_FORWARD_FIX"", ""permutation_narrative"": ""Major and Prime reached no discriminative chief criterion; the original trajectory is preserved by economy of intervention. In OPEN this is a presumption to preserve, not proof that the permuted realization is contextually inferior."", ""unresolved_profile"": {""total_state_count"": 4, ""unknown_state_count"": 0, ""unknown_state_ratio"": 0.0, ""unknown_state_occurrence_indices"": [], ""unknown_runs"": [], ""fully_unresolved"": false}}",1591.7404000647366,3318.944599945098,2.924500033259392,4913.695600116625,False,True
stress-long-chain-001,LLM_ONLY,1,en,de,"The committee will accept the proposal only if the technical report is favorable and no audit detects a material contradiction. A favorable report, by itself, does not guarantee acceptance; and a minor contradiction is not enough to reject it.","Der Ausschuss wird den Vorschlag nur dann annehmen, wenn der technische Bericht positiv ausfällt und keine Prüfung einen wesentlichen Widerspruch feststellt. Ein positiver Bericht allein garantiert keine Annahme; und ein geringfügiger Widerspruch reicht nicht aus, um den Vorschlag abzulehnen.","{""residual_uncertainty"": 0.0, ""structural_compatibility"": null, ""structural_brittleness"": null, ""weakest_legibility"": 1.0, ""legibility_spread"": 0.0, ""cognitive_remembrance"": 1.0, ""structural_mark"": {""uncertainty"": ""MAXIMUM"", ""compatibility"": ""NOT_ESTIMABLE"", ""robustness"": ""NOT_ESTIMABLE"", ""legibility"": ""MAXIMUM"", ""short_label"": ""U:MAX|C:NA|R:NA|L:MAX"", ""fully_estimable"": false}, ""structural_basis"": ""PARTIALLY_ESTIMABLE"", ""state_path"": [""WHAT"", ""WHY"", ""WHY"", ""WHY""], ""transition_path"": [""GENERATIVE_LINK"", ""CHAIN_CONNECTOR"", ""CHAIN_CONNECTOR""], ""unknown_state_ratio"": 0.0}","{""residual_uncertainty"": {""canonical"": 0.0, ""observed"": 0.0, ""comparable"": true, ""absolute_difference"": 0.0}, ""structural_compatibility"": {""canonical"": null, ""observed"": null, ""comparable"": false, ""absolute_difference"": null}, ""structural_brittleness"": {""canonical"": null, ""observed"": null, ""comparable"": false, ""absolute_difference"": null}, ""weakest_legibility"": {""canonical"": 1.0, ""observed"": 1.0, ""comparable"": true, ""absolute_difference"": 0.0}, ""legibility_spread"": {""canonical"": 0.0, ""observed"": 0.0, ""comparable"": true, ""absolute_difference"": 0.0}, ""cognitive_remembrance"": {""canonical"": 1.0, ""observed"": 1.0, ""comparable"": true, ""absolute_difference"": 0.0}, ""unknown_state_ratio"": {""canonical"": 0.0, ""observed"": 0.0, ""comparable"": true, ""absolute_difference"": 0.0}, ""structural_mark_preserved"": true, ""structural_basis_preserved"": true, ""state_path_preserved"": true, ""transition_path_preserved"": true}","{""state_sequence"": [""WHAT"", ""WHY"", ""WHY"", ""WHY""], ""relation_sequence"": [""WHAT|GENERATIVE_LINK|WHY|EXPLICIT"", ""WHY|CHAIN_CONNECTOR|WHY|EXPLICIT"", ""WHY|CHAIN_CONNECTOR|WHY|EXPLICIT""], ""trajectory_boundaries"": [3], ""trajectory_ranges"": [{""start_state_occurrence_index"": 0, ""end_state_occurrence_index"": 3}], ""relation_occurrences"": [{""from_state_occurrence_index"": 0, ""to_state_occurrence_index"": 1}, {""from_state_occurrence_index"": 1, ""to_state_occurrence_index"": 2}, {""from_state_occurrence_index"": 2, ""to_state_occurrence_index"": 3}]}","{""permutation_disposition"": ""FUTURE_FORWARD_FIX"", ""permutation_narrative"": ""Major and Prime reached no discriminative chief criterion; the original trajectory is preserved by economy of intervention. In OPEN this is a presumption to preserve, not proof that the permuted realization is contextually inferior."", ""unresolved_profile"": {""total_state_count"": 4, ""unknown_state_count"": 0, ""unknown_state_ratio"": 0.0, ""unknown_state_occurrence_indices"": [], ""unknown_runs"": [], ""fully_unresolved"": false}}",2331.1761000659317,3311.6301000118256,3.3094999380409718,5646.207799902186,False,True
stress-long-chain-001,LLM_MDPAR,0,es,en,"La comisión aceptará la propuesta solo si el informe técnico es favorable y si ninguna auditoría detecta una contradicción material. Un informe favorable, por sí solo, no garantiza la aceptación; y una contradicción menor no basta para rechazarla.","The commission will accept the proposal only if the technical report is favorable and no audit detects a material contradiction. A favorable report alone does not guarantee acceptance, and a minor contradiction is not sufficient to reject it.","{""residual_uncertainty"": 0.0, ""structural_compatibility"": null, ""structural_brittleness"": null, ""weakest_legibility"": 1.0, ""legibility_spread"": 0.0, ""cognitive_remembrance"": 1.0, ""structural_mark"": {""uncertainty"": ""MAXIMUM"", ""compatibility"": ""NOT_ESTIMABLE"", ""robustness"": ""NOT_ESTIMABLE"", ""legibility"": ""MAXIMUM"", ""short_label"": ""U:MAX|C:NA|R:NA|L:MAX"", ""fully_estimable"": false}, ""structural_basis"": ""PARTIALLY_ESTIMABLE"", ""state_path"": [""WHAT"", ""WHY"", ""WHAT"", ""WHY""], ""transition_path"": [""GENERATIVE_LINK"", ""INTERPRETIVE_PROJECTION"", ""GENERATIVE_LINK""], ""unknown_state_ratio"": 0.0}","{""residual_uncertainty"": {""canonical"": 0.0, ""observed"": 0.0, ""comparable"": true, ""absolute_difference"": 0.0}, ""structural_compatibility"": {""canonical"": null, ""observed"": null, ""comparable"": false, ""absolute_difference"": null}, ""structural_brittleness"": {""canonical"": null, ""observed"": null, ""comparable"": false, ""absolute_difference"": null}, ""weakest_legibility"": {""canonical"": 1.0, ""observed"": 1.0, ""comparable"": true, ""absolute_difference"": 0.0}, ""legibility_spread"": {""canonical"": 0.0, ""observed"": 0.0, ""comparable"": true, ""absolute_difference"": 0.0}, ""cognitive_remembrance"": {""canonical"": 1.0, ""observed"": 1.0, ""comparable"": true, ""absolute_difference"": 0.0}, ""unknown_state_ratio"": {""canonical"": 0.0, ""observed"": 0.0, ""comparable"": true, ""absolute_difference"": 0.0}, ""structural_mark_preserved"": true, ""structural_basis_preserved"": true, ""state_path_preserved"": false, ""transition_path_preserved"": false}","{""state_sequence"": [""WHAT"", ""WHY"", ""WHAT"", ""WHY""], ""relation_sequence"": [""WHAT|GENERATIVE_LINK|WHY|EXPLICIT"", ""WHY|INTERPRETIVE_PROJECTION|WHAT|IMPLICIT"", ""WHAT|GENERATIVE_LINK|WHY|EXPLICIT""], ""trajectory_boundaries"": [3], ""trajectory_ranges"": [{""start_state_occurrence_index"": 0, ""end_state_occurrence_index"": 3}], ""relation_occurrences"": [{""from_state_occurrence_index"": 0, ""to_state_occurrence_index"": 1}, {""from_state_occurrence_index"": 1, ""to_state_occurrence_index"": 2}, {""from_state_occurrence_index"": 2, ""to_state_occurrence_index"": 3}]}","{""permutation_disposition"": ""FUTURE_FORWARD_FIX"", ""permutation_narrative"": ""Major and Prime reached no discriminative chief criterion; the original trajectory is preserved by economy of intervention. In OPEN this is a presumption to preserve, not proof that the permuted realization is contextually inferior."", ""unresolved_profile"": {""total_state_count"": 4, ""unknown_state_count"": 0, ""unknown_state_ratio"": 0.0, ""unknown_state_occurrence_indices"": [], ""unknown_runs"": [], ""fully_unresolved"": false}}",5322.249100077897,2612.5812001992017,2.5943999644368887,7937.522300053388,False,False
stress-long-chain-001,LLM_MDPAR,1,en,de,"The commission will accept the proposal only if the technical report is favorable and no audit detects a material contradiction. A favorable report alone does not guarantee acceptance, and a minor contradiction is not sufficient to reject it.","Die Kommission wird den Vorschlag nur annehmen, wenn der technische Bericht positiv ausfällt und keine Prüfung einen wesentlichen Widerspruch feststellt. Ein positiver Bericht allein garantiert die Annahme nicht, und ein geringfügiger Widerspruch reicht nicht aus, um den Vorschlag abzulehnen.","{""residual_uncertainty"": 0.0, ""structural_compatibility"": null, ""structural_brittleness"": null, ""weakest_legibility"": 1.0, ""legibility_spread"": 0.0, ""cognitive_remembrance"": 1.0, ""structural_mark"": {""uncertainty"": ""MAXIMUM"", ""compatibility"": ""NOT_ESTIMABLE"", ""robustness"": ""NOT_ESTIMABLE"", ""legibility"": ""MAXIMUM"", ""short_label"": ""U:MAX|C:NA|R:NA|L:MAX"", ""fully_estimable"": false}, ""structural_basis"": ""PARTIALLY_ESTIMABLE"", ""state_path"": [""WHAT"", ""WHY"", ""WHY"", ""WHY""], ""transition_path"": [""GENERATIVE_LINK"", ""CHAIN_CONNECTOR"", ""CHAIN_CONNECTOR""], ""unknown_state_ratio"": 0.0}","{""residual_uncertainty"": {""canonical"": 0.0, ""observed"": 0.0, ""comparable"": true, ""absolute_difference"": 0.0}, ""structural_compatibility"": {""canonical"": null, ""observed"": null, ""comparable"": false, ""absolute_difference"": null}, ""structural_brittleness"": {""canonical"": null, ""observed"": null, ""comparable"": false, ""absolute_difference"": null}, ""weakest_legibility"": {""canonical"": 1.0, ""observed"": 1.0, ""comparable"": true, ""absolute_difference"": 0.0}, ""legibility_spread"": {""canonical"": 0.0, ""observed"": 0.0, ""comparable"": true, ""absolute_difference"": 0.0}, ""cognitive_remembrance"": {""canonical"": 1.0, ""observed"": 1.0, ""comparable"": true, ""absolute_difference"": 0.0}, ""unknown_state_ratio"": {""canonical"": 0.0, ""observed"": 0.0, ""comparable"": true, ""absolute_difference"": 0.0}, ""structural_mark_preserved"": true, ""structural_basis_preserved"": true, ""state_path_preserved"": true, ""transition_path_preserved"": true}","{""state_sequence"": [""WHAT"", ""WHY"", ""WHY"", ""WHY""], ""relation_sequence"": [""WHAT|GENERATIVE_LINK|WHY|EXPLICIT"", ""WHY|CHAIN_CONNECTOR|WHY|EXPLICIT"", ""WHY|CHAIN_CONNECTOR|WHY|EXPLICIT""], ""trajectory_boundaries"": [3], ""trajectory_ranges"": [{""start_state_occurrence_index"": 0, ""end_state_occurrence_index"": 3}], ""relation_occurrences"": [{""from_state_occurrence_index"": 0, ""to_state_occurrence_index"": 1}, {""from_state_occurrence_index"": 1, ""to_state_occurrence_index"": 2}, {""from_state_occurrence_index"": 2, ""to_state_occurrence_index"": 3}]}","{""permutation_disposition"": ""FUTURE_FORWARD_FIX"", ""permutation_narrative"": ""Major and Prime reached no discriminative chief criterion; the original trajectory is preserved by economy of intervention. In OPEN this is a presumption to preserve, not proof that the permuted realization is contextually inferior."", ""unresolved_profile"": {""total_state_count"": 4, ""unknown_state_count"": 0, ""unknown_state_ratio"": 0.0, ""unknown_state_occurrence_indices"": [], ""unknown_runs"": [], ""fully_unresolved"": false}}",2244.2252999171615,2992.7824998740107,3.7199000362306833,5240.822300082073,False,True
