case_id,system,hop_index,source_language,target_language,input_text,output_text,engine_reading,engine_drift,fingerprint,mdpar_metadata,translation_latency_ms,identification_latency_ms,mdpar_latency_ms,total_hop_latency_ms,fully_estimable_exact,observed_structure_preserved
stress-negation-scope-001,LLM_ONLY,0,es,en,"No es cierto que todos los técnicos que no reiniciaron el servidor ignoraran la alerta; algunos la vieron, pero decidieron no actuar porque el reinicio podía destruir evidencia.","It is not true that all the technicians who did not restart the server ignored the alert; some saw it, but decided not to act because restarting could destroy evidence.","{""residual_uncertainty"": 0.0, ""structural_compatibility"": null, ""structural_brittleness"": null, ""weakest_legibility"": 1.0, ""legibility_spread"": 0.0, ""cognitive_remembrance"": 1.0, ""structural_mark"": {""uncertainty"": ""MAXIMUM"", ""compatibility"": ""NOT_ESTIMABLE"", ""robustness"": ""NOT_ESTIMABLE"", ""legibility"": ""MAXIMUM"", ""short_label"": ""U:MAX|C:NA|R:NA|L:MAX"", ""fully_estimable"": false}, ""structural_basis"": ""PARTIALLY_ESTIMABLE"", ""state_path"": [""HOW_MUCH"", ""WHICH"", ""WHAT"", ""HOW_MUCH"", ""WHAT"", ""WHAT"", ""WHY""], ""transition_path"": [""CHAIN_CONNECTOR"", ""CHAIN_CONNECTOR"", ""CHAIN_CONNECTOR"", ""CHAIN_CONNECTOR"", ""CHAIN_CONNECTOR"", ""GENERATIVE_LINK""], ""unknown_state_ratio"": 0.0}","{""residual_uncertainty"": {""canonical"": 0.0, ""observed"": 0.0, ""comparable"": true, ""absolute_difference"": 0.0}, ""structural_compatibility"": {""canonical"": null, ""observed"": null, ""comparable"": false, ""absolute_difference"": null}, ""structural_brittleness"": {""canonical"": null, ""observed"": null, ""comparable"": false, ""absolute_difference"": null}, ""weakest_legibility"": {""canonical"": 1.0, ""observed"": 1.0, ""comparable"": true, ""absolute_difference"": 0.0}, ""legibility_spread"": {""canonical"": 0.0, ""observed"": 0.0, ""comparable"": true, ""absolute_difference"": 0.0}, ""cognitive_remembrance"": {""canonical"": null, ""observed"": 1.0, ""comparable"": false, ""absolute_difference"": null}, ""unknown_state_ratio"": {""canonical"": 0.0, ""observed"": 0.0, ""comparable"": true, ""absolute_difference"": 0.0}, ""structural_mark_preserved"": true, ""structural_basis_preserved"": true, ""state_path_preserved"": true, ""transition_path_preserved"": true}","{""state_sequence"": [""HOW_MUCH"", ""WHICH"", ""WHAT"", ""HOW_MUCH"", ""WHAT"", ""WHAT"", ""WHY""], ""relation_sequence"": [""HOW_MUCH|CHAIN_CONNECTOR|WHICH|EXPLICIT"", ""WHICH|CHAIN_CONNECTOR|WHAT|EXPLICIT"", ""WHAT|CHAIN_CONNECTOR|HOW_MUCH|IMPLICIT"", ""HOW_MUCH|CHAIN_CONNECTOR|WHAT|EXPLICIT"", ""WHAT|CHAIN_CONNECTOR|WHAT|EXPLICIT"", ""WHAT|GENERATIVE_LINK|WHY|EXPLICIT""], ""trajectory_boundaries"": [6], ""trajectory_ranges"": [{""start_state_occurrence_index"": 0, ""end_state_occurrence_index"": 6}], ""relation_occurrences"": [{""from_state_occurrence_index"": 0, ""to_state_occurrence_index"": 1}, {""from_state_occurrence_index"": 1, ""to_state_occurrence_index"": 2}, {""from_state_occurrence_index"": 2, ""to_state_occurrence_index"": 3}, {""from_state_occurrence_index"": 3, ""to_state_occurrence_index"": 4}, {""from_state_occurrence_index"": 4, ""to_state_occurrence_index"": 5}, {""from_state_occurrence_index"": 5, ""to_state_occurrence_index"": 6}]}","{""permutation_disposition"": ""FUTURE_FORWARD_FIX"", ""permutation_narrative"": ""Major and Prime reached no discriminative chief criterion; the original trajectory is preserved by economy of intervention. In OPEN this is a presumption to preserve, not proof that the permuted realization is contextually inferior."", ""unresolved_profile"": {""total_state_count"": 7, ""unknown_state_count"": 0, ""unknown_state_ratio"": 0.0, ""unknown_state_occurrence_indices"": [], ""unknown_runs"": [], ""fully_unresolved"": false}}",2042.766199912876,57594.426200026646,10.280200047418475,59647.61580014601,False,False
stress-negation-scope-001,LLM_ONLY,1,en,de,"It is not true that all the technicians who did not restart the server ignored the alert; some saw it, but decided not to act because restarting could destroy evidence.","Es ist nicht wahr, dass alle Techniker, die den Server nicht neu gestartet haben, die Warnung ignoriert haben; einige haben sie gesehen, aber beschlossen, nicht zu handeln, weil ein Neustart Beweismittel vernichten könnte.","{""residual_uncertainty"": 0.0, ""structural_compatibility"": null, ""structural_brittleness"": null, ""weakest_legibility"": 1.0, ""legibility_spread"": 0.0, ""cognitive_remembrance"": 1.0, ""structural_mark"": {""uncertainty"": ""MAXIMUM"", ""compatibility"": ""NOT_ESTIMABLE"", ""robustness"": ""NOT_ESTIMABLE"", ""legibility"": ""MAXIMUM"", ""short_label"": ""U:MAX|C:NA|R:NA|L:MAX"", ""fully_estimable"": false}, ""structural_basis"": ""PARTIALLY_ESTIMABLE"", ""state_path"": [""HOW_MUCH"", ""WHAT"", ""HOW_MUCH"", ""WHAT"", ""WHAT"", ""WHY""], ""transition_path"": [""CHAIN_CONNECTOR"", ""CHAIN_CONNECTOR"", ""CHAIN_CONNECTOR"", ""CHAIN_CONNECTOR"", ""GENERATIVE_LINK""], ""unknown_state_ratio"": 0.0}","{""residual_uncertainty"": {""canonical"": 0.0, ""observed"": 0.0, ""comparable"": true, ""absolute_difference"": 0.0}, ""structural_compatibility"": {""canonical"": null, ""observed"": null, ""comparable"": false, ""absolute_difference"": null}, ""structural_brittleness"": {""canonical"": null, ""observed"": null, ""comparable"": false, ""absolute_difference"": null}, ""weakest_legibility"": {""canonical"": 1.0, ""observed"": 1.0, ""comparable"": true, ""absolute_difference"": 0.0}, ""legibility_spread"": {""canonical"": 0.0, ""observed"": 0.0, ""comparable"": true, ""absolute_difference"": 0.0}, ""cognitive_remembrance"": {""canonical"": null, ""observed"": 1.0, ""comparable"": false, ""absolute_difference"": null}, ""unknown_state_ratio"": {""canonical"": 0.0, ""observed"": 0.0, ""comparable"": true, ""absolute_difference"": 0.0}, ""structural_mark_preserved"": true, ""structural_basis_preserved"": true, ""state_path_preserved"": false, ""transition_path_preserved"": false}","{""state_sequence"": [""HOW_MUCH"", ""WHAT"", ""HOW_MUCH"", ""WHAT"", ""WHAT"", ""WHY""], ""relation_sequence"": [""HOW_MUCH|CHAIN_CONNECTOR|WHAT|EXPLICIT"", ""WHAT|CHAIN_CONNECTOR|HOW_MUCH|IMPLICIT"", ""HOW_MUCH|CHAIN_CONNECTOR|WHAT|EXPLICIT"", ""WHAT|CHAIN_CONNECTOR|WHAT|EXPLICIT"", ""WHAT|GENERATIVE_LINK|WHY|EXPLICIT""], ""trajectory_boundaries"": [5], ""trajectory_ranges"": [{""start_state_occurrence_index"": 0, ""end_state_occurrence_index"": 5}], ""relation_occurrences"": [{""from_state_occurrence_index"": 0, ""to_state_occurrence_index"": 1}, {""from_state_occurrence_index"": 1, ""to_state_occurrence_index"": 2}, {""from_state_occurrence_index"": 2, ""to_state_occurrence_index"": 3}, {""from_state_occurrence_index"": 3, ""to_state_occurrence_index"": 4}, {""from_state_occurrence_index"": 4, ""to_state_occurrence_index"": 5}]}","{""permutation_disposition"": ""FUTURE_FORWARD_FIX"", ""permutation_narrative"": ""Major and Prime reached no discriminative chief criterion; the original trajectory is preserved by economy of intervention. In OPEN this is a presumption to preserve, not proof that the permuted realization is contextually inferior."", ""unresolved_profile"": {""total_state_count"": 6, ""unknown_state_count"": 0, ""unknown_state_ratio"": 0.0, ""unknown_state_occurrence_indices"": [], ""unknown_runs"": [], ""fully_unresolved"": false}}",1623.1280998326838,63805.88279990479,6.43340009264648,65435.56349980645,False,False
stress-negation-scope-001,LLM_ONLY,2,de,ja,"Es ist nicht wahr, dass alle Techniker, die den Server nicht neu gestartet haben, die Warnung ignoriert haben; einige haben sie gesehen, aber beschlossen, nicht zu handeln, weil ein Neustart Beweismittel vernichten könnte.",サーバーを再起動しなかった技術者全員が警告を無視したというのは事実ではない。警告を見た者もいたが、再起動すると証拠が失われる可能性があるため、対応しないことに決めた。,"{""residual_uncertainty"": 0.0, ""structural_compatibility"": null, ""structural_brittleness"": null, ""weakest_legibility"": 1.0, ""legibility_spread"": 0.0, ""cognitive_remembrance"": 1.0, ""structural_mark"": {""uncertainty"": ""MAXIMUM"", ""compatibility"": ""NOT_ESTIMABLE"", ""robustness"": ""NOT_ESTIMABLE"", ""legibility"": ""MAXIMUM"", ""short_label"": ""U:MAX|C:NA|R:NA|L:MAX"", ""fully_estimable"": false}, ""structural_basis"": ""PARTIALLY_ESTIMABLE"", ""state_path"": [""HOW_MUCH"", ""HOW_MUCH"", ""WHY"", ""WHAT""], ""transition_path"": [""CHAIN_CONNECTOR"", ""CHAIN_CONNECTOR"", ""INTERPRETIVE_PROJECTION""], ""unknown_state_ratio"": 0.0}","{""residual_uncertainty"": {""canonical"": 0.0, ""observed"": 0.0, ""comparable"": true, ""absolute_difference"": 0.0}, ""structural_compatibility"": {""canonical"": null, ""observed"": null, ""comparable"": false, ""absolute_difference"": null}, ""structural_brittleness"": {""canonical"": null, ""observed"": null, ""comparable"": false, ""absolute_difference"": null}, ""weakest_legibility"": {""canonical"": 1.0, ""observed"": 1.0, ""comparable"": true, ""absolute_difference"": 0.0}, ""legibility_spread"": {""canonical"": 0.0, ""observed"": 0.0, ""comparable"": true, ""absolute_difference"": 0.0}, ""cognitive_remembrance"": {""canonical"": null, ""observed"": 1.0, ""comparable"": false, ""absolute_difference"": null}, ""unknown_state_ratio"": {""canonical"": 0.0, ""observed"": 0.0, ""comparable"": true, ""absolute_difference"": 0.0}, ""structural_mark_preserved"": true, ""structural_basis_preserved"": true, ""state_path_preserved"": false, ""transition_path_preserved"": false}","{""state_sequence"": [""HOW_MUCH"", ""HOW_MUCH"", ""WHY"", ""WHAT""], ""relation_sequence"": [""HOW_MUCH|CHAIN_CONNECTOR|HOW_MUCH|IMPLICIT"", ""HOW_MUCH|CHAIN_CONNECTOR|WHY|EXPLICIT"", ""WHY|INTERPRETIVE_PROJECTION|WHAT|EXPLICIT""], ""trajectory_boundaries"": [3], ""trajectory_ranges"": [{""start_state_occurrence_index"": 0, ""end_state_occurrence_index"": 3}], ""relation_occurrences"": [{""from_state_occurrence_index"": 0, ""to_state_occurrence_index"": 1}, {""from_state_occurrence_index"": 1, ""to_state_occurrence_index"": 2}, {""from_state_occurrence_index"": 2, ""to_state_occurrence_index"": 3}]}","{""permutation_disposition"": ""FUTURE_FORWARD_FIX"", ""permutation_narrative"": ""Major and Prime reached no discriminative chief criterion; the original trajectory is preserved by economy of intervention. In OPEN this is a presumption to preserve, not proof that the permuted realization is contextually inferior."", ""unresolved_profile"": {""total_state_count"": 4, ""unknown_state_count"": 0, ""unknown_state_ratio"": 0.0, ""unknown_state_occurrence_indices"": [], ""unknown_runs"": [], ""fully_unresolved"": false}}",1834.8898999392986,75477.81260008924,8.593000005930662,77321.40880008228,False,False
stress-negation-scope-001,LLM_ONLY,3,ja,tr,サーバーを再起動しなかった技術者全員が警告を無視したというのは事実ではない。警告を見た者もいたが、再起動すると証拠が失われる可能性があるため、対応しないことに決めた。,"Sunucuyu yeniden başlatmayan teknisyenlerin hepsinin uyarıyı görmezden geldiği doğru değildir. Bazıları uyarıyı görmüştü, ancak yeniden başlatmanın kanıtların kaybolmasına yol açabileceği için müdahale etmemeye karar verdiler.","{""residual_uncertainty"": 0.0, ""structural_compatibility"": null, ""structural_brittleness"": null, ""weakest_legibility"": 1.0, ""legibility_spread"": 0.0, ""cognitive_remembrance"": 1.0, ""structural_mark"": {""uncertainty"": ""MAXIMUM"", ""compatibility"": ""NOT_ESTIMABLE"", ""robustness"": ""NOT_ESTIMABLE"", ""legibility"": ""MAXIMUM"", ""short_label"": ""U:MAX|C:NA|R:NA|L:MAX"", ""fully_estimable"": false}, ""structural_basis"": ""PARTIALLY_ESTIMABLE"", ""state_path"": [""WHICH"", ""HOW_MUCH"", ""WHAT"", ""HOW_MUCH"", ""WHAT"", ""WHY"", ""WHAT""], ""transition_path"": [""CHAIN_CONNECTOR"", ""CHAIN_CONNECTOR"", ""CHAIN_CONNECTOR"", ""CHAIN_CONNECTOR"", ""GENERATIVE_LINK"", ""INTERPRETIVE_PROJECTION""], ""unknown_state_ratio"": 0.0}","{""residual_uncertainty"": {""canonical"": 0.0, ""observed"": 0.0, ""comparable"": true, ""absolute_difference"": 0.0}, ""structural_compatibility"": {""canonical"": null, ""observed"": null, ""comparable"": false, ""absolute_difference"": null}, ""structural_brittleness"": {""canonical"": null, ""observed"": null, ""comparable"": false, ""absolute_difference"": null}, ""weakest_legibility"": {""canonical"": 1.0, ""observed"": 1.0, ""comparable"": true, ""absolute_difference"": 0.0}, ""legibility_spread"": {""canonical"": 0.0, ""observed"": 0.0, ""comparable"": true, ""absolute_difference"": 0.0}, ""cognitive_remembrance"": {""canonical"": null, ""observed"": 1.0, ""comparable"": false, ""absolute_difference"": null}, ""unknown_state_ratio"": {""canonical"": 0.0, ""observed"": 0.0, ""comparable"": true, ""absolute_difference"": 0.0}, ""structural_mark_preserved"": true, ""structural_basis_preserved"": true, ""state_path_preserved"": false, ""transition_path_preserved"": false}","{""state_sequence"": [""WHICH"", ""HOW_MUCH"", ""WHAT"", ""HOW_MUCH"", ""WHAT"", ""WHY"", ""WHAT""], ""relation_sequence"": [""WHICH|CHAIN_CONNECTOR|HOW_MUCH|IMPLICIT"", ""HOW_MUCH|CHAIN_CONNECTOR|WHAT|IMPLICIT"", ""WHAT|CHAIN_CONNECTOR|HOW_MUCH|IMPLICIT"", ""HOW_MUCH|CHAIN_CONNECTOR|WHAT|IMPLICIT"", ""WHAT|GENERATIVE_LINK|WHY|EXPLICIT"", ""WHY|INTERPRETIVE_PROJECTION|WHAT|EXPLICIT""], ""trajectory_boundaries"": [6], ""trajectory_ranges"": [{""start_state_occurrence_index"": 0, ""end_state_occurrence_index"": 6}], ""relation_occurrences"": [{""from_state_occurrence_index"": 0, ""to_state_occurrence_index"": 1}, {""from_state_occurrence_index"": 1, ""to_state_occurrence_index"": 2}, {""from_state_occurrence_index"": 2, ""to_state_occurrence_index"": 3}, {""from_state_occurrence_index"": 3, ""to_state_occurrence_index"": 4}, {""from_state_occurrence_index"": 4, ""to_state_occurrence_index"": 5}, {""from_state_occurrence_index"": 5, ""to_state_occurrence_index"": 6}]}","{""permutation_disposition"": ""FUTURE_FORWARD_FIX"", ""permutation_narrative"": ""Major and Prime reached no discriminative chief criterion; the original trajectory is preserved by economy of intervention. In OPEN this is a presumption to preserve, not proof that the permuted realization is contextually inferior."", ""unresolved_profile"": {""total_state_count"": 7, ""unknown_state_count"": 0, ""unknown_state_ratio"": 0.0, ""unknown_state_occurrence_indices"": [], ""unknown_runs"": [], ""fully_unresolved"": false}}",3123.0105999857187,68336.32780006155,7.451699813827872,71466.91299998201,False,False
stress-negation-scope-001,LLM_ONLY,4,tr,fr,"Sunucuyu yeniden başlatmayan teknisyenlerin hepsinin uyarıyı görmezden geldiği doğru değildir. Bazıları uyarıyı görmüştü, ancak yeniden başlatmanın kanıtların kaybolmasına yol açabileceği için müdahale etmemeye karar verdiler.","Il n’est pas vrai que tous les techniciens qui n’ont pas redémarré le serveur aient ignoré l’avertissement. Certains d’entre eux avaient vu l’avertissement, mais ont décidé de ne pas intervenir parce que le redémarrage pouvait entraîner la disparition des preuves.","{""residual_uncertainty"": 0.0, ""structural_compatibility"": null, ""structural_brittleness"": null, ""weakest_legibility"": 1.0, ""legibility_spread"": 0.0, ""cognitive_remembrance"": 1.0, ""structural_mark"": {""uncertainty"": ""MAXIMUM"", ""compatibility"": ""NOT_ESTIMABLE"", ""robustness"": ""NOT_ESTIMABLE"", ""legibility"": ""MAXIMUM"", ""short_label"": ""U:MAX|C:NA|R:NA|L:MAX"", ""fully_estimable"": false}, ""structural_basis"": ""PARTIALLY_ESTIMABLE"", ""state_path"": [""HOW_MUCH"", ""WHICH"", ""WHAT"", ""HOW_MUCH"", ""WHAT"", ""WHAT"", ""WHY""], ""transition_path"": [""CHAIN_CONNECTOR"", ""CHAIN_CONNECTOR"", ""CHAIN_CONNECTOR"", ""CHAIN_CONNECTOR"", ""CHAIN_CONNECTOR"", ""GENERATIVE_LINK""], ""unknown_state_ratio"": 0.0}","{""residual_uncertainty"": {""canonical"": 0.0, ""observed"": 0.0, ""comparable"": true, ""absolute_difference"": 0.0}, ""structural_compatibility"": {""canonical"": null, ""observed"": null, ""comparable"": false, ""absolute_difference"": null}, ""structural_brittleness"": {""canonical"": null, ""observed"": null, ""comparable"": false, ""absolute_difference"": null}, ""weakest_legibility"": {""canonical"": 1.0, ""observed"": 1.0, ""comparable"": true, ""absolute_difference"": 0.0}, ""legibility_spread"": {""canonical"": 0.0, ""observed"": 0.0, ""comparable"": true, ""absolute_difference"": 0.0}, ""cognitive_remembrance"": {""canonical"": null, ""observed"": 1.0, ""comparable"": false, ""absolute_difference"": null}, ""unknown_state_ratio"": {""canonical"": 0.0, ""observed"": 0.0, ""comparable"": true, ""absolute_difference"": 0.0}, ""structural_mark_preserved"": true, ""structural_basis_preserved"": true, ""state_path_preserved"": true, ""transition_path_preserved"": true}","{""state_sequence"": [""HOW_MUCH"", ""WHICH"", ""WHAT"", ""HOW_MUCH"", ""WHAT"", ""WHAT"", ""WHY""], ""relation_sequence"": [""HOW_MUCH|CHAIN_CONNECTOR|WHICH|EXPLICIT"", ""WHICH|CHAIN_CONNECTOR|WHAT|IMPLICIT"", ""WHAT|CHAIN_CONNECTOR|HOW_MUCH|IMPLICIT"", ""HOW_MUCH|CHAIN_CONNECTOR|WHAT|IMPLICIT"", ""WHAT|CHAIN_CONNECTOR|WHAT|EXPLICIT"", ""WHAT|GENERATIVE_LINK|WHY|EXPLICIT""], ""trajectory_boundaries"": [6], ""trajectory_ranges"": [{""start_state_occurrence_index"": 0, ""end_state_occurrence_index"": 6}], ""relation_occurrences"": [{""from_state_occurrence_index"": 0, ""to_state_occurrence_index"": 1}, {""from_state_occurrence_index"": 1, ""to_state_occurrence_index"": 2}, {""from_state_occurrence_index"": 2, ""to_state_occurrence_index"": 3}, {""from_state_occurrence_index"": 3, ""to_state_occurrence_index"": 4}, {""from_state_occurrence_index"": 4, ""to_state_occurrence_index"": 5}, {""from_state_occurrence_index"": 5, ""to_state_occurrence_index"": 6}]}","{""permutation_disposition"": ""FUTURE_FORWARD_FIX"", ""permutation_narrative"": ""Major and Prime reached no discriminative chief criterion; the original trajectory is preserved by economy of intervention. In OPEN this is a presumption to preserve, not proof that the permuted realization is contextually inferior."", ""unresolved_profile"": {""total_state_count"": 7, ""unknown_state_count"": 0, ""unknown_state_ratio"": 0.0, ""unknown_state_occurrence_indices"": [], ""unknown_runs"": [], ""fully_unresolved"": false}}",3519.1368998494,112380.39349997416,6.8286999594420195,115906.46770014428,False,False
stress-negation-scope-001,LLM_ONLY,5,fr,es,"Il n’est pas vrai que tous les techniciens qui n’ont pas redémarré le serveur aient ignoré l’avertissement. Certains d’entre eux avaient vu l’avertissement, mais ont décidé de ne pas intervenir parce que le redémarrage pouvait entraîner la disparition des preuves.","No es cierto que todos los técnicos que no reiniciaron el servidor ignoraran la advertencia. Algunos de ellos habían visto la advertencia, pero decidieron no intervenir porque el reinicio podía provocar la desaparición de las pruebas.","{""residual_uncertainty"": 0.0, ""structural_compatibility"": null, ""structural_brittleness"": null, ""weakest_legibility"": 1.0, ""legibility_spread"": 0.0, ""cognitive_remembrance"": 1.0, ""structural_mark"": {""uncertainty"": ""MAXIMUM"", ""compatibility"": ""NOT_ESTIMABLE"", ""robustness"": ""NOT_ESTIMABLE"", ""legibility"": ""MAXIMUM"", ""short_label"": ""U:MAX|C:NA|R:NA|L:MAX"", ""fully_estimable"": false}, ""structural_basis"": ""PARTIALLY_ESTIMABLE"", ""state_path"": [""HOW_MUCH"", ""WHICH"", ""WHAT"", ""HOW_MUCH"", ""WHAT"", ""WHAT"", ""WHY""], ""transition_path"": [""CHAIN_CONNECTOR"", ""CHAIN_CONNECTOR"", ""CHAIN_CONNECTOR"", ""CHAIN_CONNECTOR"", ""CHAIN_CONNECTOR"", ""GENERATIVE_LINK""], ""unknown_state_ratio"": 0.0}","{""residual_uncertainty"": {""canonical"": 0.0, ""observed"": 0.0, ""comparable"": true, ""absolute_difference"": 0.0}, ""structural_compatibility"": {""canonical"": null, ""observed"": null, ""comparable"": false, ""absolute_difference"": null}, ""structural_brittleness"": {""canonical"": null, ""observed"": null, ""comparable"": false, ""absolute_difference"": null}, ""weakest_legibility"": {""canonical"": 1.0, ""observed"": 1.0, ""comparable"": true, ""absolute_difference"": 0.0}, ""legibility_spread"": {""canonical"": 0.0, ""observed"": 0.0, ""comparable"": true, ""absolute_difference"": 0.0}, ""cognitive_remembrance"": {""canonical"": null, ""observed"": 1.0, ""comparable"": false, ""absolute_difference"": null}, ""unknown_state_ratio"": {""canonical"": 0.0, ""observed"": 0.0, ""comparable"": true, ""absolute_difference"": 0.0}, ""structural_mark_preserved"": true, ""structural_basis_preserved"": true, ""state_path_preserved"": true, ""transition_path_preserved"": true}","{""state_sequence"": [""HOW_MUCH"", ""WHICH"", ""WHAT"", ""HOW_MUCH"", ""WHAT"", ""WHAT"", ""WHY""], ""relation_sequence"": [""HOW_MUCH|CHAIN_CONNECTOR|WHICH|EXPLICIT"", ""WHICH|CHAIN_CONNECTOR|WHAT|EXPLICIT"", ""WHAT|CHAIN_CONNECTOR|HOW_MUCH|IMPLICIT"", ""HOW_MUCH|CHAIN_CONNECTOR|WHAT|EXPLICIT"", ""WHAT|CHAIN_CONNECTOR|WHAT|EXPLICIT"", ""WHAT|GENERATIVE_LINK|WHY|EXPLICIT""], ""trajectory_boundaries"": [6], ""trajectory_ranges"": [{""start_state_occurrence_index"": 0, ""end_state_occurrence_index"": 6}], ""relation_occurrences"": [{""from_state_occurrence_index"": 0, ""to_state_occurrence_index"": 1}, {""from_state_occurrence_index"": 1, ""to_state_occurrence_index"": 2}, {""from_state_occurrence_index"": 2, ""to_state_occurrence_index"": 3}, {""from_state_occurrence_index"": 3, ""to_state_occurrence_index"": 4}, {""from_state_occurrence_index"": 4, ""to_state_occurrence_index"": 5}, {""from_state_occurrence_index"": 5, ""to_state_occurrence_index"": 6}]}","{""permutation_disposition"": ""FUTURE_FORWARD_FIX"", ""permutation_narrative"": ""Major and Prime reached no discriminative chief criterion; the original trajectory is preserved by economy of intervention. In OPEN this is a presumption to preserve, not proof that the permuted realization is contextually inferior."", ""unresolved_profile"": {""total_state_count"": 7, ""unknown_state_count"": 0, ""unknown_state_ratio"": 0.0, ""unknown_state_occurrence_indices"": [], ""unknown_runs"": [], ""fully_unresolved"": false}}",1327.7206998318434,69036.21440008283,6.9726998917758465,70371.02720001712,False,False
stress-negation-scope-001,LLM_MDPAR,0,es,en,"No es cierto que todos los técnicos que no reiniciaron el servidor ignoraran la alerta; algunos la vieron, pero decidieron no actuar porque el reinicio podía destruir evidencia.","It is not true that all the technicians who did not restart the server ignored the alert; some saw it, but decided not to act because restarting could destroy evidence.","{""residual_uncertainty"": 0.0, ""structural_compatibility"": null, ""structural_brittleness"": null, ""weakest_legibility"": 1.0, ""legibility_spread"": 0.0, ""cognitive_remembrance"": 1.0, ""structural_mark"": {""uncertainty"": ""MAXIMUM"", ""compatibility"": ""NOT_ESTIMABLE"", ""robustness"": ""NOT_ESTIMABLE"", ""legibility"": ""MAXIMUM"", ""short_label"": ""U:MAX|C:NA|R:NA|L:MAX"", ""fully_estimable"": false}, ""structural_basis"": ""PARTIALLY_ESTIMABLE"", ""state_path"": [""HOW_MUCH"", ""WHICH"", ""WHAT"", ""HOW_MUCH"", ""WHAT"", ""WHAT"", ""WHY""], ""transition_path"": [""CHAIN_CONNECTOR"", ""CHAIN_CONNECTOR"", ""CHAIN_CONNECTOR"", ""CHAIN_CONNECTOR"", ""CHAIN_CONNECTOR"", ""GENERATIVE_LINK""], ""unknown_state_ratio"": 0.0}","{""residual_uncertainty"": {""canonical"": 0.0, ""observed"": 0.0, ""comparable"": true, ""absolute_difference"": 0.0}, ""structural_compatibility"": {""canonical"": null, ""observed"": null, ""comparable"": false, ""absolute_difference"": null}, ""structural_brittleness"": {""canonical"": null, ""observed"": null, ""comparable"": false, ""absolute_difference"": null}, ""weakest_legibility"": {""canonical"": 1.0, ""observed"": 1.0, ""comparable"": true, ""absolute_difference"": 0.0}, ""legibility_spread"": {""canonical"": 0.0, ""observed"": 0.0, ""comparable"": true, ""absolute_difference"": 0.0}, ""cognitive_remembrance"": {""canonical"": null, ""observed"": 1.0, ""comparable"": false, ""absolute_difference"": null}, ""unknown_state_ratio"": {""canonical"": 0.0, ""observed"": 0.0, ""comparable"": true, ""absolute_difference"": 0.0}, ""structural_mark_preserved"": true, ""structural_basis_preserved"": true, ""state_path_preserved"": true, ""transition_path_preserved"": true}","{""state_sequence"": [""HOW_MUCH"", ""WHICH"", ""WHAT"", ""HOW_MUCH"", ""WHAT"", ""WHAT"", ""WHY""], ""relation_sequence"": [""HOW_MUCH|CHAIN_CONNECTOR|WHICH|EXPLICIT"", ""WHICH|CHAIN_CONNECTOR|WHAT|EXPLICIT"", ""WHAT|CHAIN_CONNECTOR|HOW_MUCH|IMPLICIT"", ""HOW_MUCH|CHAIN_CONNECTOR|WHAT|EXPLICIT"", ""WHAT|CHAIN_CONNECTOR|WHAT|EXPLICIT"", ""WHAT|GENERATIVE_LINK|WHY|EXPLICIT""], ""trajectory_boundaries"": [6], ""trajectory_ranges"": [{""start_state_occurrence_index"": 0, ""end_state_occurrence_index"": 6}], ""relation_occurrences"": [{""from_state_occurrence_index"": 0, ""to_state_occurrence_index"": 1}, {""from_state_occurrence_index"": 1, ""to_state_occurrence_index"": 2}, {""from_state_occurrence_index"": 2, ""to_state_occurrence_index"": 3}, {""from_state_occurrence_index"": 3, ""to_state_occurrence_index"": 4}, {""from_state_occurrence_index"": 4, ""to_state_occurrence_index"": 5}, {""from_state_occurrence_index"": 5, ""to_state_occurrence_index"": 6}]}","{""permutation_disposition"": ""FUTURE_FORWARD_FIX"", ""permutation_narrative"": ""Major and Prime reached no discriminative chief criterion; the original trajectory is preserved by economy of intervention. In OPEN this is a presumption to preserve, not proof that the permuted realization is contextually inferior."", ""unresolved_profile"": {""total_state_count"": 7, ""unknown_state_count"": 0, ""unknown_state_ratio"": 0.0, ""unknown_state_occurrence_indices"": [], ""unknown_runs"": [], ""fully_unresolved"": false}}",1132.4416999705136,46835.37979982793,5.870599998161197,47973.85299997404,False,False
stress-negation-scope-001,LLM_MDPAR,1,en,de,"It is not true that all the technicians who did not restart the server ignored the alert; some saw it, but decided not to act because restarting could destroy evidence.","Es stimmt nicht, dass alle Techniker, die den Server nicht neu gestartet hatten, die Warnung ignorierten; einige sahen sie, entschieden sich aber, nicht zu handeln, weil ein Neustart Beweismittel vernichten könnte.","{""residual_uncertainty"": 0.0, ""structural_compatibility"": null, ""structural_brittleness"": null, ""weakest_legibility"": 1.0, ""legibility_spread"": 0.0, ""cognitive_remembrance"": 1.0, ""structural_mark"": {""uncertainty"": ""MAXIMUM"", ""compatibility"": ""NOT_ESTIMABLE"", ""robustness"": ""NOT_ESTIMABLE"", ""legibility"": ""MAXIMUM"", ""short_label"": ""U:MAX|C:NA|R:NA|L:MAX"", ""fully_estimable"": false}, ""structural_basis"": ""PARTIALLY_ESTIMABLE"", ""state_path"": [""HOW_MUCH"", ""WHICH"", ""WHAT"", ""HOW_MUCH"", ""WHAT"", ""WHAT"", ""WHY""], ""transition_path"": [""CHAIN_CONNECTOR"", ""CHAIN_CONNECTOR"", ""CHAIN_CONNECTOR"", ""CHAIN_CONNECTOR"", ""CHAIN_CONNECTOR"", ""GENERATIVE_LINK""], ""unknown_state_ratio"": 0.0}","{""residual_uncertainty"": {""canonical"": 0.0, ""observed"": 0.0, ""comparable"": true, ""absolute_difference"": 0.0}, ""structural_compatibility"": {""canonical"": null, ""observed"": null, ""comparable"": false, ""absolute_difference"": null}, ""structural_brittleness"": {""canonical"": null, ""observed"": null, ""comparable"": false, ""absolute_difference"": null}, ""weakest_legibility"": {""canonical"": 1.0, ""observed"": 1.0, ""comparable"": true, ""absolute_difference"": 0.0}, ""legibility_spread"": {""canonical"": 0.0, ""observed"": 0.0, ""comparable"": true, ""absolute_difference"": 0.0}, ""cognitive_remembrance"": {""canonical"": null, ""observed"": 1.0, ""comparable"": false, ""absolute_difference"": null}, ""unknown_state_ratio"": {""canonical"": 0.0, ""observed"": 0.0, ""comparable"": true, ""absolute_difference"": 0.0}, ""structural_mark_preserved"": true, ""structural_basis_preserved"": true, ""state_path_preserved"": true, ""transition_path_preserved"": true}","{""state_sequence"": [""HOW_MUCH"", ""WHICH"", ""WHAT"", ""HOW_MUCH"", ""WHAT"", ""WHAT"", ""WHY""], ""relation_sequence"": [""HOW_MUCH|CHAIN_CONNECTOR|WHICH|EXPLICIT"", ""WHICH|CHAIN_CONNECTOR|WHAT|EXPLICIT"", ""WHAT|CHAIN_CONNECTOR|HOW_MUCH|IMPLICIT"", ""HOW_MUCH|CHAIN_CONNECTOR|WHAT|EXPLICIT"", ""WHAT|CHAIN_CONNECTOR|WHAT|EXPLICIT"", ""WHAT|GENERATIVE_LINK|WHY|EXPLICIT""], ""trajectory_boundaries"": [6], ""trajectory_ranges"": [{""start_state_occurrence_index"": 0, ""end_state_occurrence_index"": 6}], ""relation_occurrences"": [{""from_state_occurrence_index"": 0, ""to_state_occurrence_index"": 1}, {""from_state_occurrence_index"": 1, ""to_state_occurrence_index"": 2}, {""from_state_occurrence_index"": 2, ""to_state_occurrence_index"": 3}, {""from_state_occurrence_index"": 3, ""to_state_occurrence_index"": 4}, {""from_state_occurrence_index"": 4, ""to_state_occurrence_index"": 5}, {""from_state_occurrence_index"": 5, ""to_state_occurrence_index"": 6}]}","{""permutation_disposition"": ""FUTURE_FORWARD_FIX"", ""permutation_narrative"": ""Major and Prime reached no discriminative chief criterion; the original trajectory is preserved by economy of intervention. In OPEN this is a presumption to preserve, not proof that the permuted realization is contextually inferior."", ""unresolved_profile"": {""total_state_count"": 7, ""unknown_state_count"": 0, ""unknown_state_ratio"": 0.0, ""unknown_state_occurrence_indices"": [], ""unknown_runs"": [], ""fully_unresolved"": false}}",2342.5357001833618,64332.07739982754,5.141600035130978,66679.88519999199,False,False
stress-negation-scope-001,LLM_MDPAR,2,de,ja,"Es stimmt nicht, dass alle Techniker, die den Server nicht neu gestartet hatten, die Warnung ignorierten; einige sahen sie, entschieden sich aber, nicht zu handeln, weil ein Neustart Beweismittel vernichten könnte.",サーバーを再起動しなかった技術者全員が警告を無視したというわけではない。警告を見た者もいたが、再起動によって証拠が失われる可能性があるため、行動しないことを選んだ。,"{""residual_uncertainty"": 0.0, ""structural_compatibility"": null, ""structural_brittleness"": null, ""weakest_legibility"": 1.0, ""legibility_spread"": 0.0, ""cognitive_remembrance"": 1.0, ""structural_mark"": {""uncertainty"": ""MAXIMUM"", ""compatibility"": ""NOT_ESTIMABLE"", ""robustness"": ""NOT_ESTIMABLE"", ""legibility"": ""MAXIMUM"", ""short_label"": ""U:MAX|C:NA|R:NA|L:MAX"", ""fully_estimable"": false}, ""structural_basis"": ""PARTIALLY_ESTIMABLE"", ""state_path"": [""HOW_MUCH"", ""WHAT"", ""WHY"", ""WHICH""], ""transition_path"": [""CHAIN_CONNECTOR"", ""GENERATIVE_LINK"", ""CHAIN_CONNECTOR""], ""unknown_state_ratio"": 0.0}","{""residual_uncertainty"": {""canonical"": 0.0, ""observed"": 0.0, ""comparable"": true, ""absolute_difference"": 0.0}, ""structural_compatibility"": {""canonical"": null, ""observed"": null, ""comparable"": false, ""absolute_difference"": null}, ""structural_brittleness"": {""canonical"": null, ""observed"": null, ""comparable"": false, ""absolute_difference"": null}, ""weakest_legibility"": {""canonical"": 1.0, ""observed"": 1.0, ""comparable"": true, ""absolute_difference"": 0.0}, ""legibility_spread"": {""canonical"": 0.0, ""observed"": 0.0, ""comparable"": true, ""absolute_difference"": 0.0}, ""cognitive_remembrance"": {""canonical"": null, ""observed"": 1.0, ""comparable"": false, ""absolute_difference"": null}, ""unknown_state_ratio"": {""canonical"": 0.0, ""observed"": 0.0, ""comparable"": true, ""absolute_difference"": 0.0}, ""structural_mark_preserved"": true, ""structural_basis_preserved"": true, ""state_path_preserved"": false, ""transition_path_preserved"": false}","{""state_sequence"": [""HOW_MUCH"", ""WHAT"", ""WHY"", ""WHICH""], ""relation_sequence"": [""HOW_MUCH|CHAIN_CONNECTOR|WHAT|EXPLICIT"", ""WHAT|GENERATIVE_LINK|WHY|EXPLICIT"", ""WHY|CHAIN_CONNECTOR|WHICH|EXPLICIT""], ""trajectory_boundaries"": [3], ""trajectory_ranges"": [{""start_state_occurrence_index"": 0, ""end_state_occurrence_index"": 3}], ""relation_occurrences"": [{""from_state_occurrence_index"": 0, ""to_state_occurrence_index"": 1}, {""from_state_occurrence_index"": 1, ""to_state_occurrence_index"": 2}, {""from_state_occurrence_index"": 2, ""to_state_occurrence_index"": 3}]}","{""permutation_disposition"": ""FUTURE_FORWARD_FIX"", ""permutation_narrative"": ""Major and Prime reached no discriminative chief criterion; the original trajectory is preserved by economy of intervention. In OPEN this is a presumption to preserve, not proof that the permuted realization is contextually inferior."", ""unresolved_profile"": {""total_state_count"": 4, ""unknown_state_count"": 0, ""unknown_state_ratio"": 0.0, ""unknown_state_occurrence_indices"": [], ""unknown_runs"": [], ""fully_unresolved"": false}}",2000.1642000861466,97353.50910015404,4.588699899613857,99358.35079988465,False,False
stress-negation-scope-001,LLM_MDPAR,3,ja,tr,サーバーを再起動しなかった技術者全員が警告を無視したというわけではない。警告を見た者もいたが、再起動によって証拠が失われる可能性があるため、行動しないことを選んだ。,"Sunucuyu yeniden başlatmayan teknisyenlerin hepsinin uyarıyı görmezden geldiği doğru değildir; bazıları uyarıyı gördü, ancak yeniden başlatmanın kanıtları yok edebileceği için harekete geçmemeye karar verdi.","{""residual_uncertainty"": 0.0, ""structural_compatibility"": null, ""structural_brittleness"": null, ""weakest_legibility"": 1.0, ""legibility_spread"": 0.0, ""cognitive_remembrance"": 1.0, ""structural_mark"": {""uncertainty"": ""MAXIMUM"", ""compatibility"": ""NOT_ESTIMABLE"", ""robustness"": ""NOT_ESTIMABLE"", ""legibility"": ""MAXIMUM"", ""short_label"": ""U:MAX|C:NA|R:NA|L:MAX"", ""fully_estimable"": false}, ""structural_basis"": ""PARTIALLY_ESTIMABLE"", ""state_path"": [""WHICH"", ""HOW_MUCH"", ""WHAT"", ""HOW_MUCH"", ""WHAT"", ""WHY"", ""WHAT""], ""transition_path"": [""CHAIN_CONNECTOR"", ""CHAIN_CONNECTOR"", ""CHAIN_CONNECTOR"", ""CHAIN_CONNECTOR"", ""GENERATIVE_LINK"", ""INTERPRETIVE_PROJECTION""], ""unknown_state_ratio"": 0.0}","{""residual_uncertainty"": {""canonical"": 0.0, ""observed"": 0.0, ""comparable"": true, ""absolute_difference"": 0.0}, ""structural_compatibility"": {""canonical"": null, ""observed"": null, ""comparable"": false, ""absolute_difference"": null}, ""structural_brittleness"": {""canonical"": null, ""observed"": null, ""comparable"": false, ""absolute_difference"": null}, ""weakest_legibility"": {""canonical"": 1.0, ""observed"": 1.0, ""comparable"": true, ""absolute_difference"": 0.0}, ""legibility_spread"": {""canonical"": 0.0, ""observed"": 0.0, ""comparable"": true, ""absolute_difference"": 0.0}, ""cognitive_remembrance"": {""canonical"": null, ""observed"": 1.0, ""comparable"": false, ""absolute_difference"": null}, ""unknown_state_ratio"": {""canonical"": 0.0, ""observed"": 0.0, ""comparable"": true, ""absolute_difference"": 0.0}, ""structural_mark_preserved"": true, ""structural_basis_preserved"": true, ""state_path_preserved"": false, ""transition_path_preserved"": false}","{""state_sequence"": [""WHICH"", ""HOW_MUCH"", ""WHAT"", ""HOW_MUCH"", ""WHAT"", ""WHY"", ""WHAT""], ""relation_sequence"": [""WHICH|CHAIN_CONNECTOR|HOW_MUCH|EXPLICIT"", ""HOW_MUCH|CHAIN_CONNECTOR|WHAT|EXPLICIT"", ""WHAT|CHAIN_CONNECTOR|HOW_MUCH|IMPLICIT"", ""HOW_MUCH|CHAIN_CONNECTOR|WHAT|EXPLICIT"", ""WHAT|GENERATIVE_LINK|WHY|EXPLICIT"", ""WHY|INTERPRETIVE_PROJECTION|WHAT|EXPLICIT""], ""trajectory_boundaries"": [6], ""trajectory_ranges"": [{""start_state_occurrence_index"": 0, ""end_state_occurrence_index"": 6}], ""relation_occurrences"": [{""from_state_occurrence_index"": 0, ""to_state_occurrence_index"": 1}, {""from_state_occurrence_index"": 1, ""to_state_occurrence_index"": 2}, {""from_state_occurrence_index"": 2, ""to_state_occurrence_index"": 3}, {""from_state_occurrence_index"": 3, ""to_state_occurrence_index"": 4}, {""from_state_occurrence_index"": 4, ""to_state_occurrence_index"": 5}, {""from_state_occurrence_index"": 5, ""to_state_occurrence_index"": 6}]}","{""permutation_disposition"": ""FUTURE_FORWARD_FIX"", ""permutation_narrative"": ""Major and Prime reached no discriminative chief criterion; the original trajectory is preserved by economy of intervention. In OPEN this is a presumption to preserve, not proof that the permuted realization is contextually inferior."", ""unresolved_profile"": {""total_state_count"": 7, ""unknown_state_count"": 0, ""unknown_state_ratio"": 0.0, ""unknown_state_occurrence_indices"": [], ""unknown_runs"": [], ""fully_unresolved"": false}}",1918.1443001143634,79817.79190013185,15.528799965977669,81751.59329990856,False,False
stress-negation-scope-001,LLM_MDPAR,4,tr,fr,"Sunucuyu yeniden başlatmayan teknisyenlerin hepsinin uyarıyı görmezden geldiği doğru değildir; bazıları uyarıyı gördü, ancak yeniden başlatmanın kanıtları yok edebileceği için harekete geçmemeye karar verdi.","Il n’est pas vrai que tous les techniciens qui n’ont pas redémarré le serveur aient ignoré l’alerte ; certains l’ont vue, mais ont décidé de ne pas agir parce que le redémarrage pouvait détruire des preuves.","{""residual_uncertainty"": 0.0, ""structural_compatibility"": null, ""structural_brittleness"": null, ""weakest_legibility"": 1.0, ""legibility_spread"": 0.0, ""cognitive_remembrance"": 1.0, ""structural_mark"": {""uncertainty"": ""MAXIMUM"", ""compatibility"": ""NOT_ESTIMABLE"", ""robustness"": ""NOT_ESTIMABLE"", ""legibility"": ""MAXIMUM"", ""short_label"": ""U:MAX|C:NA|R:NA|L:MAX"", ""fully_estimable"": false}, ""structural_basis"": ""PARTIALLY_ESTIMABLE"", ""state_path"": [""HOW_MUCH"", ""WHICH"", ""WHAT"", ""HOW_MUCH"", ""WHAT"", ""WHAT"", ""WHY""], ""transition_path"": [""CHAIN_CONNECTOR"", ""CHAIN_CONNECTOR"", ""CHAIN_CONNECTOR"", ""CHAIN_CONNECTOR"", ""CHAIN_CONNECTOR"", ""GENERATIVE_LINK""], ""unknown_state_ratio"": 0.0}","{""residual_uncertainty"": {""canonical"": 0.0, ""observed"": 0.0, ""comparable"": true, ""absolute_difference"": 0.0}, ""structural_compatibility"": {""canonical"": null, ""observed"": null, ""comparable"": false, ""absolute_difference"": null}, ""structural_brittleness"": {""canonical"": null, ""observed"": null, ""comparable"": false, ""absolute_difference"": null}, ""weakest_legibility"": {""canonical"": 1.0, ""observed"": 1.0, ""comparable"": true, ""absolute_difference"": 0.0}, ""legibility_spread"": {""canonical"": 0.0, ""observed"": 0.0, ""comparable"": true, ""absolute_difference"": 0.0}, ""cognitive_remembrance"": {""canonical"": null, ""observed"": 1.0, ""comparable"": false, ""absolute_difference"": null}, ""unknown_state_ratio"": {""canonical"": 0.0, ""observed"": 0.0, ""comparable"": true, ""absolute_difference"": 0.0}, ""structural_mark_preserved"": true, ""structural_basis_preserved"": true, ""state_path_preserved"": true, ""transition_path_preserved"": true}","{""state_sequence"": [""HOW_MUCH"", ""WHICH"", ""WHAT"", ""HOW_MUCH"", ""WHAT"", ""WHAT"", ""WHY""], ""relation_sequence"": [""HOW_MUCH|CHAIN_CONNECTOR|WHICH|EXPLICIT"", ""WHICH|CHAIN_CONNECTOR|WHAT|EXPLICIT"", ""WHAT|CHAIN_CONNECTOR|HOW_MUCH|EXPLICIT"", ""HOW_MUCH|CHAIN_CONNECTOR|WHAT|EXPLICIT"", ""WHAT|CHAIN_CONNECTOR|WHAT|EXPLICIT"", ""WHAT|GENERATIVE_LINK|WHY|EXPLICIT""], ""trajectory_boundaries"": [6], ""trajectory_ranges"": [{""start_state_occurrence_index"": 0, ""end_state_occurrence_index"": 6}], ""relation_occurrences"": [{""from_state_occurrence_index"": 0, ""to_state_occurrence_index"": 1}, {""from_state_occurrence_index"": 1, ""to_state_occurrence_index"": 2}, {""from_state_occurrence_index"": 2, ""to_state_occurrence_index"": 3}, {""from_state_occurrence_index"": 3, ""to_state_occurrence_index"": 4}, {""from_state_occurrence_index"": 4, ""to_state_occurrence_index"": 5}, {""from_state_occurrence_index"": 5, ""to_state_occurrence_index"": 6}]}","{""permutation_disposition"": ""FUTURE_FORWARD_FIX"", ""permutation_narrative"": ""Major and Prime reached no discriminative chief criterion; the original trajectory is preserved by economy of intervention. In OPEN this is a presumption to preserve, not proof that the permuted realization is contextually inferior."", ""unresolved_profile"": {""total_state_count"": 7, ""unknown_state_count"": 0, ""unknown_state_ratio"": 0.0, ""unknown_state_occurrence_indices"": [], ""unknown_runs"": [], ""fully_unresolved"": false}}",1651.2517998926342,50218.01559999585,5.598600022494793,51874.968599993736,False,False
stress-negation-scope-001,LLM_MDPAR,5,fr,es,"Il n’est pas vrai que tous les techniciens qui n’ont pas redémarré le serveur aient ignoré l’alerte ; certains l’ont vue, mais ont décidé de ne pas agir parce que le redémarrage pouvait détruire des preuves.","No es cierto que todos los técnicos que no reiniciaron el servidor ignoraran la alerta; algunos la vieron, pero decidieron no actuar porque el reinicio podía destruir evidencia.","{""residual_uncertainty"": 0.0, ""structural_compatibility"": null, ""structural_brittleness"": null, ""weakest_legibility"": 1.0, ""legibility_spread"": 0.0, ""cognitive_remembrance"": 1.0, ""structural_mark"": {""uncertainty"": ""MAXIMUM"", ""compatibility"": ""NOT_ESTIMABLE"", ""robustness"": ""NOT_ESTIMABLE"", ""legibility"": ""MAXIMUM"", ""short_label"": ""U:MAX|C:NA|R:NA|L:MAX"", ""fully_estimable"": false}, ""structural_basis"": ""PARTIALLY_ESTIMABLE"", ""state_path"": [""HOW_MUCH"", ""WHICH"", ""WHAT"", ""HOW_MUCH"", ""WHAT"", ""WHAT"", ""WHY""], ""transition_path"": [""CHAIN_CONNECTOR"", ""CHAIN_CONNECTOR"", ""CHAIN_CONNECTOR"", ""CHAIN_CONNECTOR"", ""CHAIN_CONNECTOR"", ""GENERATIVE_LINK""], ""unknown_state_ratio"": 0.0}","{""residual_uncertainty"": {""canonical"": 0.0, ""observed"": 0.0, ""comparable"": true, ""absolute_difference"": 0.0}, ""structural_compatibility"": {""canonical"": null, ""observed"": null, ""comparable"": false, ""absolute_difference"": null}, ""structural_brittleness"": {""canonical"": null, ""observed"": null, ""comparable"": false, ""absolute_difference"": null}, ""weakest_legibility"": {""canonical"": 1.0, ""observed"": 1.0, ""comparable"": true, ""absolute_difference"": 0.0}, ""legibility_spread"": {""canonical"": 0.0, ""observed"": 0.0, ""comparable"": true, ""absolute_difference"": 0.0}, ""cognitive_remembrance"": {""canonical"": null, ""observed"": 1.0, ""comparable"": false, ""absolute_difference"": null}, ""unknown_state_ratio"": {""canonical"": 0.0, ""observed"": 0.0, ""comparable"": true, ""absolute_difference"": 0.0}, ""structural_mark_preserved"": true, ""structural_basis_preserved"": true, ""state_path_preserved"": true, ""transition_path_preserved"": true}","{""state_sequence"": [""HOW_MUCH"", ""WHICH"", ""WHAT"", ""HOW_MUCH"", ""WHAT"", ""WHAT"", ""WHY""], ""relation_sequence"": [""HOW_MUCH|CHAIN_CONNECTOR|WHICH|EXPLICIT"", ""WHICH|CHAIN_CONNECTOR|WHAT|EXPLICIT"", ""WHAT|CHAIN_CONNECTOR|HOW_MUCH|EXPLICIT"", ""HOW_MUCH|CHAIN_CONNECTOR|WHAT|EXPLICIT"", ""WHAT|CHAIN_CONNECTOR|WHAT|EXPLICIT"", ""WHAT|GENERATIVE_LINK|WHY|EXPLICIT""], ""trajectory_boundaries"": [6], ""trajectory_ranges"": [{""start_state_occurrence_index"": 0, ""end_state_occurrence_index"": 6}], ""relation_occurrences"": [{""from_state_occurrence_index"": 0, ""to_state_occurrence_index"": 1}, {""from_state_occurrence_index"": 1, ""to_state_occurrence_index"": 2}, {""from_state_occurrence_index"": 2, ""to_state_occurrence_index"": 3}, {""from_state_occurrence_index"": 3, ""to_state_occurrence_index"": 4}, {""from_state_occurrence_index"": 4, ""to_state_occurrence_index"": 5}, {""from_state_occurrence_index"": 5, ""to_state_occurrence_index"": 6}]}","{""permutation_disposition"": ""FUTURE_FORWARD_FIX"", ""permutation_narrative"": ""Major and Prime reached no discriminative chief criterion; the original trajectory is preserved by economy of intervention. In OPEN this is a presumption to preserve, not proof that the permuted realization is contextually inferior."", ""unresolved_profile"": {""total_state_count"": 7, ""unknown_state_count"": 0, ""unknown_state_ratio"": 0.0, ""unknown_state_occurrence_indices"": [], ""unknown_runs"": [], ""fully_unresolved"": false}}",3977.35850000754,66041.132299928,4.574300022795796,70023.2361999806,False,False
stress-necessary-sufficient-001,LLM_ONLY,0,es,en,"Que el sensor detecte humo es necesario, pero no suficiente, para activar la alarma; una confirmación térmica basta para activarla solo si el sistema no está en modo de mantenimiento.","The sensor detecting smoke is necessary, but not sufficient, to activate the alarm; thermal confirmation is sufficient to activate it only if the system is not in maintenance mode.","{""residual_uncertainty"": 0.0, ""structural_compatibility"": null, ""structural_brittleness"": null, ""weakest_legibility"": 1.0, ""legibility_spread"": 0.0, ""cognitive_remembrance"": 0.7142857142857143, ""structural_mark"": {""uncertainty"": ""MAXIMUM"", ""compatibility"": ""NOT_ESTIMABLE"", ""robustness"": ""NOT_ESTIMABLE"", ""legibility"": ""MAXIMUM"", ""short_label"": ""U:MAX|C:NA|R:NA|L:MAX"", ""fully_estimable"": false}, ""structural_basis"": ""PARTIALLY_ESTIMABLE"", ""state_path"": [""WHY"", ""WHAT"", ""WHY"", ""WHAT"", ""WHY""], ""transition_path"": [""INTERPRETIVE_PROJECTION"", ""INTERPRETIVE_PROJECTION"", ""GENERATIVE_LINK""], ""unknown_state_ratio"": 0.0}","{""residual_uncertainty"": {""canonical"": 0.0, ""observed"": 0.0, ""comparable"": true, ""absolute_difference"": 0.0}, ""structural_compatibility"": {""canonical"": null, ""observed"": null, ""comparable"": false, ""absolute_difference"": null}, ""structural_brittleness"": {""canonical"": null, ""observed"": null, ""comparable"": false, ""absolute_difference"": null}, ""weakest_legibility"": {""canonical"": 1.0, ""observed"": 1.0, ""comparable"": true, ""absolute_difference"": 0.0}, ""legibility_spread"": {""canonical"": 0.0, ""observed"": 0.0, ""comparable"": true, ""absolute_difference"": 0.0}, ""cognitive_remembrance"": {""canonical"": 1.0, ""observed"": 0.7142857142857143, ""comparable"": true, ""absolute_difference"": 0.2857142857142857}, ""unknown_state_ratio"": {""canonical"": 0.0, ""observed"": 0.0, ""comparable"": true, ""absolute_difference"": 0.0}, ""structural_mark_preserved"": true, ""structural_basis_preserved"": true, ""state_path_preserved"": true, ""transition_path_preserved"": false}","{""state_sequence"": [""WHY"", ""WHAT"", ""WHY"", ""WHAT"", ""WHY""], ""relation_sequence"": [""WHY|INTERPRETIVE_PROJECTION|WHAT|EXPLICIT"", ""WHY|INTERPRETIVE_PROJECTION|WHAT|EXPLICIT"", ""WHAT|GENERATIVE_LINK|WHY|EXPLICIT""], ""trajectory_boundaries"": [1, 4], ""trajectory_ranges"": [{""start_state_occurrence_index"": 0, ""end_state_occurrence_index"": 1}, {""start_state_occurrence_index"": 2, ""end_state_occurrence_index"": 4}], ""relation_occurrences"": [{""from_state_occurrence_index"": 0, ""to_state_occurrence_index"": 1}, {""from_state_occurrence_index"": 2, ""to_state_occurrence_index"": 3}, {""from_state_occurrence_index"": 3, ""to_state_occurrence_index"": 4}]}","{""permutation_disposition"": ""FUTURE_FORWARD_FIX"", ""permutation_narrative"": ""Major and Prime reached no discriminative chief criterion; the original trajectory is preserved by economy of intervention. In OPEN this is a presumption to preserve, not proof that the permuted realization is contextually inferior."", ""unresolved_profile"": {""total_state_count"": 5, ""unknown_state_count"": 0, ""unknown_state_ratio"": 0.0, ""unknown_state_occurrence_indices"": [], ""unknown_runs"": [], ""fully_unresolved"": false}}",1309.1996998991817,41174.54510019161,8.667899994179606,42492.520899977535,False,False
stress-necessary-sufficient-001,LLM_ONLY,1,en,fr,"The sensor detecting smoke is necessary, but not sufficient, to activate the alarm; thermal confirmation is sufficient to activate it only if the system is not in maintenance mode.","La détection de fumée par le capteur est nécessaire, mais pas suffisante, pour déclencher l’alarme ; la confirmation thermique suffit à la déclencher uniquement si le système n’est pas en mode maintenance.","{""residual_uncertainty"": 0.0, ""structural_compatibility"": null, ""structural_brittleness"": null, ""weakest_legibility"": 1.0, ""legibility_spread"": 0.0, ""cognitive_remembrance"": 0.7142857142857143, ""structural_mark"": {""uncertainty"": ""MAXIMUM"", ""compatibility"": ""NOT_ESTIMABLE"", ""robustness"": ""NOT_ESTIMABLE"", ""legibility"": ""MAXIMUM"", ""short_label"": ""U:MAX|C:NA|R:NA|L:MAX"", ""fully_estimable"": false}, ""structural_basis"": ""PARTIALLY_ESTIMABLE"", ""state_path"": [""WHY"", ""WHAT"", ""WHY"", ""WHY""], ""transition_path"": [""INTERPRETIVE_PROJECTION"", ""GENERATIVE_LINK"", ""CHAIN_CONNECTOR""], ""unknown_state_ratio"": 0.0}","{""residual_uncertainty"": {""canonical"": 0.0, ""observed"": 0.0, ""comparable"": true, ""absolute_difference"": 0.0}, ""structural_compatibility"": {""canonical"": null, ""observed"": null, ""comparable"": false, ""absolute_difference"": null}, ""structural_brittleness"": {""canonical"": null, ""observed"": null, ""comparable"": false, ""absolute_difference"": null}, ""weakest_legibility"": {""canonical"": 1.0, ""observed"": 1.0, ""comparable"": true, ""absolute_difference"": 0.0}, ""legibility_spread"": {""canonical"": 0.0, ""observed"": 0.0, ""comparable"": true, ""absolute_difference"": 0.0}, ""cognitive_remembrance"": {""canonical"": 1.0, ""observed"": 0.7142857142857143, ""comparable"": true, ""absolute_difference"": 0.2857142857142857}, ""unknown_state_ratio"": {""canonical"": 0.0, ""observed"": 0.0, ""comparable"": true, ""absolute_difference"": 0.0}, ""structural_mark_preserved"": true, ""structural_basis_preserved"": true, ""state_path_preserved"": false, ""transition_path_preserved"": false}","{""state_sequence"": [""WHY"", ""WHAT"", ""WHY"", ""WHY""], ""relation_sequence"": [""WHY|INTERPRETIVE_PROJECTION|WHAT|EXPLICIT"", ""WHAT|GENERATIVE_LINK|WHY|EXPLICIT"", ""WHY|CHAIN_CONNECTOR|WHY|EXPLICIT""], ""trajectory_boundaries"": [3], ""trajectory_ranges"": [{""start_state_occurrence_index"": 0, ""end_state_occurrence_index"": 3}], ""relation_occurrences"": [{""from_state_occurrence_index"": 0, ""to_state_occurrence_index"": 1}, {""from_state_occurrence_index"": 1, ""to_state_occurrence_index"": 2}, {""from_state_occurrence_index"": 2, ""to_state_occurrence_index"": 3}]}","{""permutation_disposition"": ""FUTURE_FORWARD_FIX"", ""permutation_narrative"": ""Major and Prime reached no discriminative chief criterion; the original trajectory is preserved by economy of intervention. In OPEN this is a presumption to preserve, not proof that the permuted realization is contextually inferior."", ""unresolved_profile"": {""total_state_count"": 4, ""unknown_state_count"": 0, ""unknown_state_ratio"": 0.0, ""unknown_state_occurrence_indices"": [], ""unknown_runs"": [], ""fully_unresolved"": false}}",1866.462100064382,50276.4024999924,3.6492999643087387,52146.62059978582,False,False
stress-necessary-sufficient-001,LLM_ONLY,2,fr,de,"La détection de fumée par le capteur est nécessaire, mais pas suffisante, pour déclencher l’alarme ; la confirmation thermique suffit à la déclencher uniquement si le système n’est pas en mode maintenance.","Die Erkennung von Rauch durch den Sensor ist notwendig, aber nicht hinreichend, um den Alarm auszulösen; die thermische Bestätigung reicht nur dann aus, um ihn auszulösen, wenn sich das System nicht im Wartungsmodus befindet.","{""residual_uncertainty"": 0.0, ""structural_compatibility"": null, ""structural_brittleness"": null, ""weakest_legibility"": 1.0, ""legibility_spread"": 0.0, ""cognitive_remembrance"": 0.7142857142857143, ""structural_mark"": {""uncertainty"": ""MAXIMUM"", ""compatibility"": ""NOT_ESTIMABLE"", ""robustness"": ""NOT_ESTIMABLE"", ""legibility"": ""MAXIMUM"", ""short_label"": ""U:MAX|C:NA|R:NA|L:MAX"", ""fully_estimable"": false}, ""structural_basis"": ""PARTIALLY_ESTIMABLE"", ""state_path"": [""WHY"", ""WHAT"", ""WHY"", ""WHAT"", ""WHY""], ""transition_path"": [""INTERPRETIVE_PROJECTION"", ""INTERPRETIVE_PROJECTION"", ""GENERATIVE_LINK""], ""unknown_state_ratio"": 0.0}","{""residual_uncertainty"": {""canonical"": 0.0, ""observed"": 0.0, ""comparable"": true, ""absolute_difference"": 0.0}, ""structural_compatibility"": {""canonical"": null, ""observed"": null, ""comparable"": false, ""absolute_difference"": null}, ""structural_brittleness"": {""canonical"": null, ""observed"": null, ""comparable"": false, ""absolute_difference"": null}, ""weakest_legibility"": {""canonical"": 1.0, ""observed"": 1.0, ""comparable"": true, ""absolute_difference"": 0.0}, ""legibility_spread"": {""canonical"": 0.0, ""observed"": 0.0, ""comparable"": true, ""absolute_difference"": 0.0}, ""cognitive_remembrance"": {""canonical"": 1.0, ""observed"": 0.7142857142857143, ""comparable"": true, ""absolute_difference"": 0.2857142857142857}, ""unknown_state_ratio"": {""canonical"": 0.0, ""observed"": 0.0, ""comparable"": true, ""absolute_difference"": 0.0}, ""structural_mark_preserved"": true, ""structural_basis_preserved"": true, ""state_path_preserved"": true, ""transition_path_preserved"": false}","{""state_sequence"": [""WHY"", ""WHAT"", ""WHY"", ""WHAT"", ""WHY""], ""relation_sequence"": [""WHY|INTERPRETIVE_PROJECTION|WHAT|EXPLICIT"", ""WHY|INTERPRETIVE_PROJECTION|WHAT|EXPLICIT"", ""WHAT|GENERATIVE_LINK|WHY|EXPLICIT""], ""trajectory_boundaries"": [1, 4], ""trajectory_ranges"": [{""start_state_occurrence_index"": 0, ""end_state_occurrence_index"": 1}, {""start_state_occurrence_index"": 2, ""end_state_occurrence_index"": 4}], ""relation_occurrences"": [{""from_state_occurrence_index"": 0, ""to_state_occurrence_index"": 1}, {""from_state_occurrence_index"": 2, ""to_state_occurrence_index"": 3}, {""from_state_occurrence_index"": 3, ""to_state_occurrence_index"": 4}]}","{""permutation_disposition"": ""FUTURE_FORWARD_FIX"", ""permutation_narrative"": ""Major and Prime reached no discriminative chief criterion; the original trajectory is preserved by economy of intervention. In OPEN this is a presumption to preserve, not proof that the permuted realization is contextually inferior."", ""unresolved_profile"": {""total_state_count"": 5, ""unknown_state_count"": 0, ""unknown_state_ratio"": 0.0, ""unknown_state_occurrence_indices"": [], ""unknown_runs"": [], ""fully_unresolved"": false}}",1748.8794000819325,60186.60859996453,4.565499955788255,61940.16189989634,False,False
stress-necessary-sufficient-001,LLM_ONLY,3,de,fi,"Die Erkennung von Rauch durch den Sensor ist notwendig, aber nicht hinreichend, um den Alarm auszulösen; die thermische Bestätigung reicht nur dann aus, um ihn auszulösen, wenn sich das System nicht im Wartungsmodus befindet.","Savun havaitseminen anturilla on välttämätöntä mutta ei riittävää hälytyksen laukaisemiseksi; lämpötilaan perustuva vahvistus riittää laukaisemaan sen vain, jos järjestelmä ei ole huoltotilassa.","{""residual_uncertainty"": 0.0, ""structural_compatibility"": null, ""structural_brittleness"": null, ""weakest_legibility"": 1.0, ""legibility_spread"": 0.0, ""cognitive_remembrance"": 1.0, ""structural_mark"": {""uncertainty"": ""MAXIMUM"", ""compatibility"": ""NOT_ESTIMABLE"", ""robustness"": ""NOT_ESTIMABLE"", ""legibility"": ""MAXIMUM"", ""short_label"": ""U:MAX|C:NA|R:NA|L:MAX"", ""fully_estimable"": false}, ""structural_basis"": ""PARTIALLY_ESTIMABLE"", ""state_path"": [""WHY"", ""WHAT"", ""WHY"", ""WHAT"", ""WHY""], ""transition_path"": [""INTERPRETIVE_PROJECTION"", ""INTERPRETIVE_PROJECTION"", ""GENERATIVE_LINK""], ""unknown_state_ratio"": 0.0}","{""residual_uncertainty"": {""canonical"": 0.0, ""observed"": 0.0, ""comparable"": true, ""absolute_difference"": 0.0}, ""structural_compatibility"": {""canonical"": null, ""observed"": null, ""comparable"": false, ""absolute_difference"": null}, ""structural_brittleness"": {""canonical"": null, ""observed"": null, ""comparable"": false, ""absolute_difference"": null}, ""weakest_legibility"": {""canonical"": 1.0, ""observed"": 1.0, ""comparable"": true, ""absolute_difference"": 0.0}, ""legibility_spread"": {""canonical"": 0.0, ""observed"": 0.0, ""comparable"": true, ""absolute_difference"": 0.0}, ""cognitive_remembrance"": {""canonical"": 1.0, ""observed"": 1.0, ""comparable"": true, ""absolute_difference"": 0.0}, ""unknown_state_ratio"": {""canonical"": 0.0, ""observed"": 0.0, ""comparable"": true, ""absolute_difference"": 0.0}, ""structural_mark_preserved"": true, ""structural_basis_preserved"": true, ""state_path_preserved"": true, ""transition_path_preserved"": false}","{""state_sequence"": [""WHY"", ""WHAT"", ""WHY"", ""WHAT"", ""WHY""], ""relation_sequence"": [""WHY|INTERPRETIVE_PROJECTION|WHAT|EXPLICIT"", ""WHY|INTERPRETIVE_PROJECTION|WHAT|EXPLICIT"", ""WHAT|GENERATIVE_LINK|WHY|EXPLICIT""], ""trajectory_boundaries"": [1, 4], ""trajectory_ranges"": [{""start_state_occurrence_index"": 0, ""end_state_occurrence_index"": 1}, {""start_state_occurrence_index"": 2, ""end_state_occurrence_index"": 4}], ""relation_occurrences"": [{""from_state_occurrence_index"": 0, ""to_state_occurrence_index"": 1}, {""from_state_occurrence_index"": 2, ""to_state_occurrence_index"": 3}, {""from_state_occurrence_index"": 3, ""to_state_occurrence_index"": 4}]}","{""permutation_disposition"": ""FUTURE_FORWARD_FIX"", ""permutation_narrative"": ""Major and Prime reached no discriminative chief criterion; the original trajectory is preserved by economy of intervention. In OPEN this is a presumption to preserve, not proof that the permuted realization is contextually inferior."", ""unresolved_profile"": {""total_state_count"": 5, ""unknown_state_count"": 0, ""unknown_state_ratio"": 0.0, ""unknown_state_occurrence_indices"": [], ""unknown_runs"": [], ""fully_unresolved"": false}}",2149.8207999393344,59469.96279992163,5.415600026026368,61625.31250016764,False,False
stress-necessary-sufficient-001,LLM_ONLY,4,fi,pt,"Savun havaitseminen anturilla on välttämätöntä mutta ei riittävää hälytyksen laukaisemiseksi; lämpötilaan perustuva vahvistus riittää laukaisemaan sen vain, jos järjestelmä ei ole huoltotilassa.","A detecção de fumaça por um sensor é necessária, mas não suficiente, para acionar o alarme; a confirmação baseada na temperatura é suficiente para acioná-lo apenas se o sistema não estiver em modo de manutenção.","{""residual_uncertainty"": 0.0, ""structural_compatibility"": null, ""structural_brittleness"": null, ""weakest_legibility"": 1.0, ""legibility_spread"": 0.0, ""cognitive_remembrance"": 1.0, ""structural_mark"": {""uncertainty"": ""MAXIMUM"", ""compatibility"": ""NOT_ESTIMABLE"", ""robustness"": ""NOT_ESTIMABLE"", ""legibility"": ""MAXIMUM"", ""short_label"": ""U:MAX|C:NA|R:NA|L:MAX"", ""fully_estimable"": false}, ""structural_basis"": ""PARTIALLY_ESTIMABLE"", ""state_path"": [""WHY"", ""WHAT"", ""WHY"", ""WHAT"", ""WHY""], ""transition_path"": [""INTERPRETIVE_PROJECTION"", ""INTERPRETIVE_PROJECTION"", ""GENERATIVE_LINK""], ""unknown_state_ratio"": 0.0}","{""residual_uncertainty"": {""canonical"": 0.0, ""observed"": 0.0, ""comparable"": true, ""absolute_difference"": 0.0}, ""structural_compatibility"": {""canonical"": null, ""observed"": null, ""comparable"": false, ""absolute_difference"": null}, ""structural_brittleness"": {""canonical"": null, ""observed"": null, ""comparable"": false, ""absolute_difference"": null}, ""weakest_legibility"": {""canonical"": 1.0, ""observed"": 1.0, ""comparable"": true, ""absolute_difference"": 0.0}, ""legibility_spread"": {""canonical"": 0.0, ""observed"": 0.0, ""comparable"": true, ""absolute_difference"": 0.0}, ""cognitive_remembrance"": {""canonical"": 1.0, ""observed"": 1.0, ""comparable"": true, ""absolute_difference"": 0.0}, ""unknown_state_ratio"": {""canonical"": 0.0, ""observed"": 0.0, ""comparable"": true, ""absolute_difference"": 0.0}, ""structural_mark_preserved"": true, ""structural_basis_preserved"": true, ""state_path_preserved"": true, ""transition_path_preserved"": false}","{""state_sequence"": [""WHY"", ""WHAT"", ""WHY"", ""WHAT"", ""WHY""], ""relation_sequence"": [""WHY|INTERPRETIVE_PROJECTION|WHAT|EXPLICIT"", ""WHY|INTERPRETIVE_PROJECTION|WHAT|EXPLICIT"", ""WHAT|GENERATIVE_LINK|WHY|EXPLICIT""], ""trajectory_boundaries"": [1, 4], ""trajectory_ranges"": [{""start_state_occurrence_index"": 0, ""end_state_occurrence_index"": 1}, {""start_state_occurrence_index"": 2, ""end_state_occurrence_index"": 4}], ""relation_occurrences"": [{""from_state_occurrence_index"": 0, ""to_state_occurrence_index"": 1}, {""from_state_occurrence_index"": 2, ""to_state_occurrence_index"": 3}, {""from_state_occurrence_index"": 3, ""to_state_occurrence_index"": 4}]}","{""permutation_disposition"": ""FUTURE_FORWARD_FIX"", ""permutation_narrative"": ""Major and Prime reached no discriminative chief criterion; the original trajectory is preserved by economy of intervention. In OPEN this is a presumption to preserve, not proof that the permuted realization is contextually inferior."", ""unresolved_profile"": {""total_state_count"": 5, ""unknown_state_count"": 0, ""unknown_state_ratio"": 0.0, ""unknown_state_occurrence_indices"": [], ""unknown_runs"": [], ""fully_unresolved"": false}}",1284.6019000280648,43518.64650007337,4.508299985900521,44807.84750008024,False,False
stress-necessary-sufficient-001,LLM_ONLY,5,pt,es,"A detecção de fumaça por um sensor é necessária, mas não suficiente, para acionar o alarme; a confirmação baseada na temperatura é suficiente para acioná-lo apenas se o sistema não estiver em modo de manutenção.","La detección de humo por un sensor es necesaria, pero no suficiente, para activar la alarma; la confirmación basada en la temperatura es suficiente para activarla solo si el sistema no está en modo de mantenimiento.","{""residual_uncertainty"": 0.0, ""structural_compatibility"": null, ""structural_brittleness"": null, ""weakest_legibility"": 1.0, ""legibility_spread"": 0.0, ""cognitive_remembrance"": 1.0, ""structural_mark"": {""uncertainty"": ""MAXIMUM"", ""compatibility"": ""NOT_ESTIMABLE"", ""robustness"": ""NOT_ESTIMABLE"", ""legibility"": ""MAXIMUM"", ""short_label"": ""U:MAX|C:NA|R:NA|L:MAX"", ""fully_estimable"": false}, ""structural_basis"": ""PARTIALLY_ESTIMABLE"", ""state_path"": [""WHY"", ""WHAT"", ""WHY"", ""WHAT"", ""WHY""], ""transition_path"": [""INTERPRETIVE_PROJECTION"", ""INTERPRETIVE_PROJECTION"", ""GENERATIVE_LINK""], ""unknown_state_ratio"": 0.0}","{""residual_uncertainty"": {""canonical"": 0.0, ""observed"": 0.0, ""comparable"": true, ""absolute_difference"": 0.0}, ""structural_compatibility"": {""canonical"": null, ""observed"": null, ""comparable"": false, ""absolute_difference"": null}, ""structural_brittleness"": {""canonical"": null, ""observed"": null, ""comparable"": false, ""absolute_difference"": null}, ""weakest_legibility"": {""canonical"": 1.0, ""observed"": 1.0, ""comparable"": true, ""absolute_difference"": 0.0}, ""legibility_spread"": {""canonical"": 0.0, ""observed"": 0.0, ""comparable"": true, ""absolute_difference"": 0.0}, ""cognitive_remembrance"": {""canonical"": 1.0, ""observed"": 1.0, ""comparable"": true, ""absolute_difference"": 0.0}, ""unknown_state_ratio"": {""canonical"": 0.0, ""observed"": 0.0, ""comparable"": true, ""absolute_difference"": 0.0}, ""structural_mark_preserved"": true, ""structural_basis_preserved"": true, ""state_path_preserved"": true, ""transition_path_preserved"": false}","{""state_sequence"": [""WHY"", ""WHAT"", ""WHY"", ""WHAT"", ""WHY""], ""relation_sequence"": [""WHY|INTERPRETIVE_PROJECTION|WHAT|EXPLICIT"", ""WHY|INTERPRETIVE_PROJECTION|WHAT|EXPLICIT"", ""WHAT|GENERATIVE_LINK|WHY|EXPLICIT""], ""trajectory_boundaries"": [1, 4], ""trajectory_ranges"": [{""start_state_occurrence_index"": 0, ""end_state_occurrence_index"": 1}, {""start_state_occurrence_index"": 2, ""end_state_occurrence_index"": 4}], ""relation_occurrences"": [{""from_state_occurrence_index"": 0, ""to_state_occurrence_index"": 1}, {""from_state_occurrence_index"": 2, ""to_state_occurrence_index"": 3}, {""from_state_occurrence_index"": 3, ""to_state_occurrence_index"": 4}]}","{""permutation_disposition"": ""FUTURE_FORWARD_FIX"", ""permutation_narrative"": ""Major and Prime reached no discriminative chief criterion; the original trajectory is preserved by economy of intervention. In OPEN this is a presumption to preserve, not proof that the permuted realization is contextually inferior."", ""unresolved_profile"": {""total_state_count"": 5, ""unknown_state_count"": 0, ""unknown_state_ratio"": 0.0, ""unknown_state_occurrence_indices"": [], ""unknown_runs"": [], ""fully_unresolved"": false}}",1633.058900013566,43927.723499946296,5.149499978870153,45566.02820008993,False,False
stress-necessary-sufficient-001,LLM_MDPAR,0,es,en,"Que el sensor detecte humo es necesario, pero no suficiente, para activar la alarma; una confirmación térmica basta para activarla solo si el sistema no está en modo de mantenimiento.","The sensor detecting smoke is necessary, but not sufficient, to activate the alarm; thermal confirmation is sufficient to activate it only if the system is not in maintenance mode.","{""residual_uncertainty"": 0.0, ""structural_compatibility"": null, ""structural_brittleness"": null, ""weakest_legibility"": 1.0, ""legibility_spread"": 0.0, ""cognitive_remembrance"": 1.0, ""structural_mark"": {""uncertainty"": ""MAXIMUM"", ""compatibility"": ""NOT_ESTIMABLE"", ""robustness"": ""NOT_ESTIMABLE"", ""legibility"": ""MAXIMUM"", ""short_label"": ""U:MAX|C:NA|R:NA|L:MAX"", ""fully_estimable"": false}, ""structural_basis"": ""PARTIALLY_ESTIMABLE"", ""state_path"": [""WHY"", ""WHAT"", ""WHY"", ""WHAT"", ""WHY""], ""transition_path"": [""INTERPRETIVE_PROJECTION"", ""INTERPRETIVE_PROJECTION"", ""GENERATIVE_LINK""], ""unknown_state_ratio"": 0.0}","{""residual_uncertainty"": {""canonical"": 0.0, ""observed"": 0.0, ""comparable"": true, ""absolute_difference"": 0.0}, ""structural_compatibility"": {""canonical"": null, ""observed"": null, ""comparable"": false, ""absolute_difference"": null}, ""structural_brittleness"": {""canonical"": null, ""observed"": null, ""comparable"": false, ""absolute_difference"": null}, ""weakest_legibility"": {""canonical"": 1.0, ""observed"": 1.0, ""comparable"": true, ""absolute_difference"": 0.0}, ""legibility_spread"": {""canonical"": 0.0, ""observed"": 0.0, ""comparable"": true, ""absolute_difference"": 0.0}, ""cognitive_remembrance"": {""canonical"": 1.0, ""observed"": 1.0, ""comparable"": true, ""absolute_difference"": 0.0}, ""unknown_state_ratio"": {""canonical"": 0.0, ""observed"": 0.0, ""comparable"": true, ""absolute_difference"": 0.0}, ""structural_mark_preserved"": true, ""structural_basis_preserved"": true, ""state_path_preserved"": true, ""transition_path_preserved"": false}","{""state_sequence"": [""WHY"", ""WHAT"", ""WHY"", ""WHAT"", ""WHY""], ""relation_sequence"": [""WHY|INTERPRETIVE_PROJECTION|WHAT|EXPLICIT"", ""WHY|INTERPRETIVE_PROJECTION|WHAT|EXPLICIT"", ""WHAT|GENERATIVE_LINK|WHY|EXPLICIT""], ""trajectory_boundaries"": [1, 4], ""trajectory_ranges"": [{""start_state_occurrence_index"": 0, ""end_state_occurrence_index"": 1}, {""start_state_occurrence_index"": 2, ""end_state_occurrence_index"": 4}], ""relation_occurrences"": [{""from_state_occurrence_index"": 0, ""to_state_occurrence_index"": 1}, {""from_state_occurrence_index"": 2, ""to_state_occurrence_index"": 3}, {""from_state_occurrence_index"": 3, ""to_state_occurrence_index"": 4}]}","{""permutation_disposition"": ""FUTURE_FORWARD_FIX"", ""permutation_narrative"": ""Major and Prime reached no discriminative chief criterion; the original trajectory is preserved by economy of intervention. In OPEN this is a presumption to preserve, not proof that the permuted realization is contextually inferior."", ""unresolved_profile"": {""total_state_count"": 5, ""unknown_state_count"": 0, ""unknown_state_ratio"": 0.0, ""unknown_state_occurrence_indices"": [], ""unknown_runs"": [], ""fully_unresolved"": false}}",1357.3499000631273,37900.08070017211,4.999500000849366,39262.5265000388,False,False
stress-necessary-sufficient-001,LLM_MDPAR,1,en,fr,"The sensor detecting smoke is necessary, but not sufficient, to activate the alarm; thermal confirmation is sufficient to activate it only if the system is not in maintenance mode.","La détection de fumée par le capteur est nécessaire, mais non suffisante, pour activer l’alarme ; une confirmation thermique suffit à l’activer uniquement si le système n’est pas en mode maintenance.","{""residual_uncertainty"": 0.0, ""structural_compatibility"": null, ""structural_brittleness"": null, ""weakest_legibility"": 1.0, ""legibility_spread"": 0.0, ""cognitive_remembrance"": 0.7142857142857143, ""structural_mark"": {""uncertainty"": ""MAXIMUM"", ""compatibility"": ""NOT_ESTIMABLE"", ""robustness"": ""NOT_ESTIMABLE"", ""legibility"": ""MAXIMUM"", ""short_label"": ""U:MAX|C:NA|R:NA|L:MAX"", ""fully_estimable"": false}, ""structural_basis"": ""PARTIALLY_ESTIMABLE"", ""state_path"": [""WHY"", ""WHAT"", ""WHY"", ""WHAT"", ""WHY""], ""transition_path"": [""INTERPRETIVE_PROJECTION"", ""GENERATIVE_LINK"", ""INTERPRETIVE_PROJECTION"", ""GENERATIVE_LINK""], ""unknown_state_ratio"": 0.0}","{""residual_uncertainty"": {""canonical"": 0.0, ""observed"": 0.0, ""comparable"": true, ""absolute_difference"": 0.0}, ""structural_compatibility"": {""canonical"": null, ""observed"": null, ""comparable"": false, ""absolute_difference"": null}, ""structural_brittleness"": {""canonical"": null, ""observed"": null, ""comparable"": false, ""absolute_difference"": null}, ""weakest_legibility"": {""canonical"": 1.0, ""observed"": 1.0, ""comparable"": true, ""absolute_difference"": 0.0}, ""legibility_spread"": {""canonical"": 0.0, ""observed"": 0.0, ""comparable"": true, ""absolute_difference"": 0.0}, ""cognitive_remembrance"": {""canonical"": 1.0, ""observed"": 0.7142857142857143, ""comparable"": true, ""absolute_difference"": 0.2857142857142857}, ""unknown_state_ratio"": {""canonical"": 0.0, ""observed"": 0.0, ""comparable"": true, ""absolute_difference"": 0.0}, ""structural_mark_preserved"": true, ""structural_basis_preserved"": true, ""state_path_preserved"": true, ""transition_path_preserved"": true}","{""state_sequence"": [""WHY"", ""WHAT"", ""WHY"", ""WHAT"", ""WHY""], ""relation_sequence"": [""WHY|INTERPRETIVE_PROJECTION|WHAT|EXPLICIT"", ""WHAT|GENERATIVE_LINK|WHY|EXPLICIT"", ""WHY|INTERPRETIVE_PROJECTION|WHAT|EXPLICIT"", ""WHAT|GENERATIVE_LINK|WHY|EXPLICIT""], ""trajectory_boundaries"": [4], ""trajectory_ranges"": [{""start_state_occurrence_index"": 0, ""end_state_occurrence_index"": 4}], ""relation_occurrences"": [{""from_state_occurrence_index"": 0, ""to_state_occurrence_index"": 1}, {""from_state_occurrence_index"": 1, ""to_state_occurrence_index"": 2}, {""from_state_occurrence_index"": 2, ""to_state_occurrence_index"": 3}, {""from_state_occurrence_index"": 3, ""to_state_occurrence_index"": 4}]}","{""permutation_disposition"": ""FUTURE_FORWARD_FIX"", ""permutation_narrative"": ""Major and Prime reached no discriminative chief criterion; the original trajectory is preserved by economy of intervention. In OPEN this is a presumption to preserve, not proof that the permuted realization is contextually inferior."", ""unresolved_profile"": {""total_state_count"": 5, ""unknown_state_count"": 0, ""unknown_state_ratio"": 0.0, ""unknown_state_occurrence_indices"": [], ""unknown_runs"": [], ""fully_unresolved"": false}}",1748.2206001877785,52564.54850011505,3.6826999858021736,54316.555300028995,False,False
stress-necessary-sufficient-001,LLM_MDPAR,2,fr,de,"La détection de fumée par le capteur est nécessaire, mais non suffisante, pour activer l’alarme ; une confirmation thermique suffit à l’activer uniquement si le système n’est pas en mode maintenance.","Die Erkennung von Rauch durch den Sensor ist notwendig, aber nicht hinreichend, um den Alarm auszulösen; eine thermische Bestätigung reicht nur dann aus, um ihn auszulösen, wenn sich das System nicht im Wartungsmodus befindet.","{""residual_uncertainty"": 0.0, ""structural_compatibility"": null, ""structural_brittleness"": null, ""weakest_legibility"": 1.0, ""legibility_spread"": 0.0, ""cognitive_remembrance"": 0.7142857142857143, ""structural_mark"": {""uncertainty"": ""MAXIMUM"", ""compatibility"": ""NOT_ESTIMABLE"", ""robustness"": ""NOT_ESTIMABLE"", ""legibility"": ""MAXIMUM"", ""short_label"": ""U:MAX|C:NA|R:NA|L:MAX"", ""fully_estimable"": false}, ""structural_basis"": ""PARTIALLY_ESTIMABLE"", ""state_path"": [""WHY"", ""HOW"", ""WHAT"", ""WHY"", ""WHAT"", ""WHY""], ""transition_path"": [""INTERPRETIVE_PROJECTION"", ""INTERPRETIVE_PROJECTION"", ""INTERPRETIVE_PROJECTION"", ""GENERATIVE_LINK""], ""unknown_state_ratio"": 0.0}","{""residual_uncertainty"": {""canonical"": 0.0, ""observed"": 0.0, ""comparable"": true, ""absolute_difference"": 0.0}, ""structural_compatibility"": {""canonical"": null, ""observed"": null, ""comparable"": false, ""absolute_difference"": null}, ""structural_brittleness"": {""canonical"": null, ""observed"": null, ""comparable"": false, ""absolute_difference"": null}, ""weakest_legibility"": {""canonical"": 1.0, ""observed"": 1.0, ""comparable"": true, ""absolute_difference"": 0.0}, ""legibility_spread"": {""canonical"": 0.0, ""observed"": 0.0, ""comparable"": true, ""absolute_difference"": 0.0}, ""cognitive_remembrance"": {""canonical"": 1.0, ""observed"": 0.7142857142857143, ""comparable"": true, ""absolute_difference"": 0.2857142857142857}, ""unknown_state_ratio"": {""canonical"": 0.0, ""observed"": 0.0, ""comparable"": true, ""absolute_difference"": 0.0}, ""structural_mark_preserved"": true, ""structural_basis_preserved"": true, ""state_path_preserved"": false, ""transition_path_preserved"": false}","{""state_sequence"": [""WHY"", ""HOW"", ""WHAT"", ""WHY"", ""WHAT"", ""WHY""], ""relation_sequence"": [""WHY|INTERPRETIVE_PROJECTION|HOW|EXPLICIT"", ""HOW|INTERPRETIVE_PROJECTION|WHAT|EXPLICIT"", ""WHY|INTERPRETIVE_PROJECTION|WHAT|EXPLICIT"", ""WHAT|GENERATIVE_LINK|WHY|EXPLICIT""], ""trajectory_boundaries"": [2, 5], ""trajectory_ranges"": [{""start_state_occurrence_index"": 0, ""end_state_occurrence_index"": 2}, {""start_state_occurrence_index"": 3, ""end_state_occurrence_index"": 5}], ""relation_occurrences"": [{""from_state_occurrence_index"": 0, ""to_state_occurrence_index"": 1}, {""from_state_occurrence_index"": 1, ""to_state_occurrence_index"": 2}, {""from_state_occurrence_index"": 3, ""to_state_occurrence_index"": 4}, {""from_state_occurrence_index"": 4, ""to_state_occurrence_index"": 5}]}","{""permutation_disposition"": ""FUTURE_FORWARD_FIX"", ""permutation_narrative"": ""Major and Prime reached no discriminative chief criterion; the original trajectory is preserved by economy of intervention. In OPEN this is a presumption to preserve, not proof that the permuted realization is contextually inferior."", ""unresolved_profile"": {""total_state_count"": 6, ""unknown_state_count"": 0, ""unknown_state_ratio"": 0.0, ""unknown_state_occurrence_indices"": [], ""unknown_runs"": [], ""fully_unresolved"": false}}",2166.715400060639,80343.45429996029,5.38420001976192,82515.72580006905,False,False
stress-necessary-sufficient-001,LLM_MDPAR,3,de,fi,"Die Erkennung von Rauch durch den Sensor ist notwendig, aber nicht hinreichend, um den Alarm auszulösen; eine thermische Bestätigung reicht nur dann aus, um ihn auszulösen, wenn sich das System nicht im Wartungsmodus befindet.","Se, että anturi havaitsee savua, on välttämätöntä mutta ei riittävää hälytyksen laukaisemiseksi; lämpövahvistus riittää laukaisemaan sen vain, jos järjestelmä ei ole huoltotilassa.","{""residual_uncertainty"": 0.0, ""structural_compatibility"": null, ""structural_brittleness"": null, ""weakest_legibility"": 1.0, ""legibility_spread"": 0.0, ""cognitive_remembrance"": 1.0, ""structural_mark"": {""uncertainty"": ""MAXIMUM"", ""compatibility"": ""NOT_ESTIMABLE"", ""robustness"": ""NOT_ESTIMABLE"", ""legibility"": ""MAXIMUM"", ""short_label"": ""U:MAX|C:NA|R:NA|L:MAX"", ""fully_estimable"": false}, ""structural_basis"": ""PARTIALLY_ESTIMABLE"", ""state_path"": [""WHY"", ""WHAT"", ""WHY"", ""WHAT"", ""WHY""], ""transition_path"": [""INTERPRETIVE_PROJECTION"", ""INTERPRETIVE_PROJECTION"", ""GENERATIVE_LINK""], ""unknown_state_ratio"": 0.0}","{""residual_uncertainty"": {""canonical"": 0.0, ""observed"": 0.0, ""comparable"": true, ""absolute_difference"": 0.0}, ""structural_compatibility"": {""canonical"": null, ""observed"": null, ""comparable"": false, ""absolute_difference"": null}, ""structural_brittleness"": {""canonical"": null, ""observed"": null, ""comparable"": false, ""absolute_difference"": null}, ""weakest_legibility"": {""canonical"": 1.0, ""observed"": 1.0, ""comparable"": true, ""absolute_difference"": 0.0}, ""legibility_spread"": {""canonical"": 0.0, ""observed"": 0.0, ""comparable"": true, ""absolute_difference"": 0.0}, ""cognitive_remembrance"": {""canonical"": 1.0, ""observed"": 1.0, ""comparable"": true, ""absolute_difference"": 0.0}, ""unknown_state_ratio"": {""canonical"": 0.0, ""observed"": 0.0, ""comparable"": true, ""absolute_difference"": 0.0}, ""structural_mark_preserved"": true, ""structural_basis_preserved"": true, ""state_path_preserved"": true, ""transition_path_preserved"": false}","{""state_sequence"": [""WHY"", ""WHAT"", ""WHY"", ""WHAT"", ""WHY""], ""relation_sequence"": [""WHY|INTERPRETIVE_PROJECTION|WHAT|EXPLICIT"", ""WHY|INTERPRETIVE_PROJECTION|WHAT|EXPLICIT"", ""WHAT|GENERATIVE_LINK|WHY|EXPLICIT""], ""trajectory_boundaries"": [1, 4], ""trajectory_ranges"": [{""start_state_occurrence_index"": 0, ""end_state_occurrence_index"": 1}, {""start_state_occurrence_index"": 2, ""end_state_occurrence_index"": 4}], ""relation_occurrences"": [{""from_state_occurrence_index"": 0, ""to_state_occurrence_index"": 1}, {""from_state_occurrence_index"": 2, ""to_state_occurrence_index"": 3}, {""from_state_occurrence_index"": 3, ""to_state_occurrence_index"": 4}]}","{""permutation_disposition"": ""FUTURE_FORWARD_FIX"", ""permutation_narrative"": ""Major and Prime reached no discriminative chief criterion; the original trajectory is preserved by economy of intervention. In OPEN this is a presumption to preserve, not proof that the permuted realization is contextually inferior."", ""unresolved_profile"": {""total_state_count"": 5, ""unknown_state_count"": 0, ""unknown_state_ratio"": 0.0, ""unknown_state_occurrence_indices"": [], ""unknown_runs"": [], ""fully_unresolved"": false}}",3195.5840999726206,48312.86599999294,5.450000055134296,51514.01689997874,False,False
stress-necessary-sufficient-001,LLM_MDPAR,4,fi,pt,"Se, että anturi havaitsee savua, on välttämätöntä mutta ei riittävää hälytyksen laukaisemiseksi; lämpövahvistus riittää laukaisemaan sen vain, jos järjestelmä ei ole huoltotilassa.","O fato de o sensor detectar fumaça é necessário, mas não suficiente, para acionar o alarme; uma confirmação térmica basta para acioná-lo somente se o sistema não estiver no modo de manutenção.","{""residual_uncertainty"": 0.0, ""structural_compatibility"": null, ""structural_brittleness"": null, ""weakest_legibility"": 1.0, ""legibility_spread"": 0.0, ""cognitive_remembrance"": 1.0, ""structural_mark"": {""uncertainty"": ""MAXIMUM"", ""compatibility"": ""NOT_ESTIMABLE"", ""robustness"": ""NOT_ESTIMABLE"", ""legibility"": ""MAXIMUM"", ""short_label"": ""U:MAX|C:NA|R:NA|L:MAX"", ""fully_estimable"": false}, ""structural_basis"": ""PARTIALLY_ESTIMABLE"", ""state_path"": [""WHY"", ""WHAT"", ""WHY"", ""WHAT"", ""WHY""], ""transition_path"": [""INTERPRETIVE_PROJECTION"", ""INTERPRETIVE_PROJECTION"", ""GENERATIVE_LINK""], ""unknown_state_ratio"": 0.0}","{""residual_uncertainty"": {""canonical"": 0.0, ""observed"": 0.0, ""comparable"": true, ""absolute_difference"": 0.0}, ""structural_compatibility"": {""canonical"": null, ""observed"": null, ""comparable"": false, ""absolute_difference"": null}, ""structural_brittleness"": {""canonical"": null, ""observed"": null, ""comparable"": false, ""absolute_difference"": null}, ""weakest_legibility"": {""canonical"": 1.0, ""observed"": 1.0, ""comparable"": true, ""absolute_difference"": 0.0}, ""legibility_spread"": {""canonical"": 0.0, ""observed"": 0.0, ""comparable"": true, ""absolute_difference"": 0.0}, ""cognitive_remembrance"": {""canonical"": 1.0, ""observed"": 1.0, ""comparable"": true, ""absolute_difference"": 0.0}, ""unknown_state_ratio"": {""canonical"": 0.0, ""observed"": 0.0, ""comparable"": true, ""absolute_difference"": 0.0}, ""structural_mark_preserved"": true, ""structural_basis_preserved"": true, ""state_path_preserved"": true, ""transition_path_preserved"": false}","{""state_sequence"": [""WHY"", ""WHAT"", ""WHY"", ""WHAT"", ""WHY""], ""relation_sequence"": [""WHY|INTERPRETIVE_PROJECTION|WHAT|EXPLICIT"", ""WHY|INTERPRETIVE_PROJECTION|WHAT|EXPLICIT"", ""WHAT|GENERATIVE_LINK|WHY|EXPLICIT""], ""trajectory_boundaries"": [1, 4], ""trajectory_ranges"": [{""start_state_occurrence_index"": 0, ""end_state_occurrence_index"": 1}, {""start_state_occurrence_index"": 2, ""end_state_occurrence_index"": 4}], ""relation_occurrences"": [{""from_state_occurrence_index"": 0, ""to_state_occurrence_index"": 1}, {""from_state_occurrence_index"": 2, ""to_state_occurrence_index"": 3}, {""from_state_occurrence_index"": 3, ""to_state_occurrence_index"": 4}]}","{""permutation_disposition"": ""FUTURE_FORWARD_FIX"", ""permutation_narrative"": ""Major and Prime reached no discriminative chief criterion; the original trajectory is preserved by economy of intervention. In OPEN this is a presumption to preserve, not proof that the permuted realization is contextually inferior."", ""unresolved_profile"": {""total_state_count"": 5, ""unknown_state_count"": 0, ""unknown_state_ratio"": 0.0, ""unknown_state_occurrence_indices"": [], ""unknown_runs"": [], ""fully_unresolved"": false}}",1676.4545999467373,48144.718300085515,4.738900111988187,49825.99629997276,False,False
stress-necessary-sufficient-001,LLM_MDPAR,5,pt,es,"O fato de o sensor detectar fumaça é necessário, mas não suficiente, para acionar o alarme; uma confirmação térmica basta para acioná-lo somente se o sistema não estiver no modo de manutenção.","Que el sensor detecte humo es necesario, pero no suficiente, para activar la alarma; una confirmación térmica basta para activarla solo si el sistema no está en modo de mantenimiento.","{""residual_uncertainty"": 0.0, ""structural_compatibility"": null, ""structural_brittleness"": null, ""weakest_legibility"": 1.0, ""legibility_spread"": 0.0, ""cognitive_remembrance"": 1.0, ""structural_mark"": {""uncertainty"": ""MAXIMUM"", ""compatibility"": ""NOT_ESTIMABLE"", ""robustness"": ""NOT_ESTIMABLE"", ""legibility"": ""MAXIMUM"", ""short_label"": ""U:MAX|C:NA|R:NA|L:MAX"", ""fully_estimable"": false}, ""structural_basis"": ""PARTIALLY_ESTIMABLE"", ""state_path"": [""WHY"", ""WHAT"", ""WHY"", ""WHAT"", ""WHY""], ""transition_path"": [""INTERPRETIVE_PROJECTION"", ""INTERPRETIVE_PROJECTION"", ""GENERATIVE_LINK""], ""unknown_state_ratio"": 0.0}","{""residual_uncertainty"": {""canonical"": 0.0, ""observed"": 0.0, ""comparable"": true, ""absolute_difference"": 0.0}, ""structural_compatibility"": {""canonical"": null, ""observed"": null, ""comparable"": false, ""absolute_difference"": null}, ""structural_brittleness"": {""canonical"": null, ""observed"": null, ""comparable"": false, ""absolute_difference"": null}, ""weakest_legibility"": {""canonical"": 1.0, ""observed"": 1.0, ""comparable"": true, ""absolute_difference"": 0.0}, ""legibility_spread"": {""canonical"": 0.0, ""observed"": 0.0, ""comparable"": true, ""absolute_difference"": 0.0}, ""cognitive_remembrance"": {""canonical"": 1.0, ""observed"": 1.0, ""comparable"": true, ""absolute_difference"": 0.0}, ""unknown_state_ratio"": {""canonical"": 0.0, ""observed"": 0.0, ""comparable"": true, ""absolute_difference"": 0.0}, ""structural_mark_preserved"": true, ""structural_basis_preserved"": true, ""state_path_preserved"": true, ""transition_path_preserved"": false}","{""state_sequence"": [""WHY"", ""WHAT"", ""WHY"", ""WHAT"", ""WHY""], ""relation_sequence"": [""WHY|INTERPRETIVE_PROJECTION|WHAT|EXPLICIT"", ""WHY|INTERPRETIVE_PROJECTION|WHAT|EXPLICIT"", ""WHAT|GENERATIVE_LINK|WHY|EXPLICIT""], ""trajectory_boundaries"": [1, 4], ""trajectory_ranges"": [{""start_state_occurrence_index"": 0, ""end_state_occurrence_index"": 1}, {""start_state_occurrence_index"": 2, ""end_state_occurrence_index"": 4}], ""relation_occurrences"": [{""from_state_occurrence_index"": 0, ""to_state_occurrence_index"": 1}, {""from_state_occurrence_index"": 2, ""to_state_occurrence_index"": 3}, {""from_state_occurrence_index"": 3, ""to_state_occurrence_index"": 4}]}","{""permutation_disposition"": ""FUTURE_FORWARD_FIX"", ""permutation_narrative"": ""Major and Prime reached no discriminative chief criterion; the original trajectory is preserved by economy of intervention. In OPEN this is a presumption to preserve, not proof that the permuted realization is contextually inferior."", ""unresolved_profile"": {""total_state_count"": 5, ""unknown_state_count"": 0, ""unknown_state_ratio"": 0.0, ""unknown_state_occurrence_indices"": [], ""unknown_runs"": [], ""fully_unresolved"": false}}",1608.7575999554247,40153.62419979647,5.409799981862307,41767.969500040635,False,False
stress-pronoun-ambiguity-001,LLM_ONLY,0,es,en,"María llamó a Elena después de que saliera del edificio, pero el informe no permite saber cuál de las dos había salido; solo consta que la llamada ocurrió antes de que llegara la policía.","María called Elena after she had left the building, but the report does not make it possible to determine which of the two had left; it only states that the call took place before the police arrived.","{""residual_uncertainty"": 0.0, ""structural_compatibility"": null, ""structural_brittleness"": null, ""weakest_legibility"": 1.0, ""legibility_spread"": 0.0, ""cognitive_remembrance"": 0.8571428571428571, ""structural_mark"": {""uncertainty"": ""MAXIMUM"", ""compatibility"": ""NOT_ESTIMABLE"", ""robustness"": ""NOT_ESTIMABLE"", ""legibility"": ""MAXIMUM"", ""short_label"": ""U:MAX|C:NA|R:NA|L:MAX"", ""fully_estimable"": false}, ""structural_basis"": ""PARTIALLY_ESTIMABLE"", ""state_path"": [""WHAT"", ""WHEN"", ""UNKNOWN"", ""WHAT"", ""WHEN""], ""transition_path"": [""CHAIN_CONNECTOR"", ""CHAIN_CONNECTOR""], ""unknown_state_ratio"": 0.2}","{""residual_uncertainty"": {""canonical"": 0.0, ""observed"": 0.0, ""comparable"": true, ""absolute_difference"": 0.0}, ""structural_compatibility"": {""canonical"": null, ""observed"": null, ""comparable"": false, ""absolute_difference"": null}, ""structural_brittleness"": {""canonical"": null, ""observed"": null, ""comparable"": false, ""absolute_difference"": null}, ""weakest_legibility"": {""canonical"": 1.0, ""observed"": 1.0, ""comparable"": true, ""absolute_difference"": 0.0}, ""legibility_spread"": {""canonical"": 0.0, ""observed"": 0.0, ""comparable"": true, ""absolute_difference"": 0.0}, ""cognitive_remembrance"": {""canonical"": 0.7142857142857143, ""observed"": 0.8571428571428571, ""comparable"": true, ""absolute_difference"": 0.1428571428571428}, ""unknown_state_ratio"": {""canonical"": 0.0, ""observed"": 0.2, ""comparable"": true, ""absolute_difference"": 0.2}, ""structural_mark_preserved"": true, ""structural_basis_preserved"": true, ""state_path_preserved"": false, ""transition_path_preserved"": false}","{""state_sequence"": [""WHAT"", ""WHEN"", ""UNKNOWN"", ""WHAT"", ""WHEN""], ""relation_sequence"": [""WHAT|CHAIN_CONNECTOR|WHEN|EXPLICIT"", ""WHAT|CHAIN_CONNECTOR|WHEN|EXPLICIT""], ""trajectory_boundaries"": [1, 4], ""trajectory_ranges"": [{""start_state_occurrence_index"": 0, ""end_state_occurrence_index"": 1}, {""start_state_occurrence_index"": 3, ""end_state_occurrence_index"": 4}], ""relation_occurrences"": [{""from_state_occurrence_index"": 0, ""to_state_occurrence_index"": 1}, {""from_state_occurrence_index"": 3, ""to_state_occurrence_index"": 4}]}","{""permutation_disposition"": ""FUTURE_FORWARD_FIX"", ""permutation_narrative"": ""Major and Prime reached no discriminative chief criterion; the original trajectory is preserved by economy of intervention. In OPEN this is a presumption to preserve, not proof that the permuted realization is contextually inferior."", ""unresolved_profile"": {""total_state_count"": 5, ""unknown_state_count"": 1, ""unknown_state_ratio"": 0.2, ""unknown_state_occurrence_indices"": [2], ""unknown_runs"": [{""start_state_occurrence_index"": 2, ""end_state_occurrence_index"": 2, ""length"": 1}], ""fully_unresolved"": false}}",1162.042399868369,47269.06520011835,4.376400029286742,48435.58259983547,False,False
stress-pronoun-ambiguity-001,LLM_ONLY,1,en,de,"María called Elena after she had left the building, but the report does not make it possible to determine which of the two had left; it only states that the call took place before the police arrived.","María rief Elena an, nachdem sie das Gebäude verlassen hatte, aber anhand des Berichts lässt sich nicht feststellen, welche der beiden das Gebäude verlassen hatte; darin wird lediglich angegeben, dass der Anruf erfolgte, bevor die Polizei eintraf.","{""residual_uncertainty"": 0.0, ""structural_compatibility"": null, ""structural_brittleness"": null, ""weakest_legibility"": 1.0, ""legibility_spread"": 0.0, ""cognitive_remembrance"": 1.0, ""structural_mark"": {""uncertainty"": ""MAXIMUM"", ""compatibility"": ""NOT_ESTIMABLE"", ""robustness"": ""NOT_ESTIMABLE"", ""legibility"": ""MAXIMUM"", ""short_label"": ""U:MAX|C:NA|R:NA|L:MAX"", ""fully_estimable"": false}, ""structural_basis"": ""PARTIALLY_ESTIMABLE"", ""state_path"": [""WHAT"", ""WHEN"", ""UNKNOWN"", ""WHAT"", ""WHEN""], ""transition_path"": [""CHAIN_CONNECTOR"", ""CHAIN_CONNECTOR""], ""unknown_state_ratio"": 0.2}","{""residual_uncertainty"": {""canonical"": 0.0, ""observed"": 0.0, ""comparable"": true, ""absolute_difference"": 0.0}, ""structural_compatibility"": {""canonical"": null, ""observed"": null, ""comparable"": false, ""absolute_difference"": null}, ""structural_brittleness"": {""canonical"": null, ""observed"": null, ""comparable"": false, ""absolute_difference"": null}, ""weakest_legibility"": {""canonical"": 1.0, ""observed"": 1.0, ""comparable"": true, ""absolute_difference"": 0.0}, ""legibility_spread"": {""canonical"": 0.0, ""observed"": 0.0, ""comparable"": true, ""absolute_difference"": 0.0}, ""cognitive_remembrance"": {""canonical"": 0.7142857142857143, ""observed"": 1.0, ""comparable"": true, ""absolute_difference"": 0.2857142857142857}, ""unknown_state_ratio"": {""canonical"": 0.0, ""observed"": 0.2, ""comparable"": true, ""absolute_difference"": 0.2}, ""structural_mark_preserved"": true, ""structural_basis_preserved"": true, ""state_path_preserved"": false, ""transition_path_preserved"": false}","{""state_sequence"": [""WHAT"", ""WHEN"", ""UNKNOWN"", ""WHAT"", ""WHEN""], ""relation_sequence"": [""WHAT|CHAIN_CONNECTOR|WHEN|EXPLICIT"", ""WHAT|CHAIN_CONNECTOR|WHEN|EXPLICIT""], ""trajectory_boundaries"": [1, 4], ""trajectory_ranges"": [{""start_state_occurrence_index"": 0, ""end_state_occurrence_index"": 1}, {""start_state_occurrence_index"": 3, ""end_state_occurrence_index"": 4}], ""relation_occurrences"": [{""from_state_occurrence_index"": 0, ""to_state_occurrence_index"": 1}, {""from_state_occurrence_index"": 3, ""to_state_occurrence_index"": 4}]}","{""permutation_disposition"": ""FUTURE_FORWARD_FIX"", ""permutation_narrative"": ""Major and Prime reached no discriminative chief criterion; the original trajectory is preserved by economy of intervention. In OPEN this is a presumption to preserve, not proof that the permuted realization is contextually inferior."", ""unresolved_profile"": {""total_state_count"": 5, ""unknown_state_count"": 1, ""unknown_state_ratio"": 0.2, ""unknown_state_occurrence_indices"": [2], ""unknown_runs"": [{""start_state_occurrence_index"": 2, ""end_state_occurrence_index"": 2, ""length"": 1}], ""fully_unresolved"": false}}",1790.4874000232667,93862.30369983241,2.6803999207913876,95655.59479990043,False,False
stress-pronoun-ambiguity-001,LLM_ONLY,2,de,ar,"María rief Elena an, nachdem sie das Gebäude verlassen hatte, aber anhand des Berichts lässt sich nicht feststellen, welche der beiden das Gebäude verlassen hatte; darin wird lediglich angegeben, dass der Anruf erfolgte, bevor die Polizei eintraf.",اتصلت ماريا بإيلينا بعد أن كانت قد غادرت المبنى، لكن لا يمكن استنادًا إلى التقرير تحديد أيٌّ منهما كانت قد غادرت المبنى؛ إذ لا يرد فيه سوى أن الاتصال جرى قبل وصول الشرطة.,"{""residual_uncertainty"": 0.0, ""structural_compatibility"": null, ""structural_brittleness"": null, ""weakest_legibility"": 1.0, ""legibility_spread"": 0.0, ""cognitive_remembrance"": 1.0, ""structural_mark"": {""uncertainty"": ""MAXIMUM"", ""compatibility"": ""NOT_ESTIMABLE"", ""robustness"": ""NOT_ESTIMABLE"", ""legibility"": ""MAXIMUM"", ""short_label"": ""U:MAX|C:NA|R:NA|L:MAX"", ""fully_estimable"": false}, ""structural_basis"": ""PARTIALLY_ESTIMABLE"", ""state_path"": [""WHAT"", ""WHEN"", ""WHAT"", ""WHY""], ""transition_path"": [""CHAIN_CONNECTOR"", ""GENERATIVE_LINK""], ""unknown_state_ratio"": 0.0}","{""residual_uncertainty"": {""canonical"": 0.0, ""observed"": 0.0, ""comparable"": true, ""absolute_difference"": 0.0}, ""structural_compatibility"": {""canonical"": null, ""observed"": null, ""comparable"": false, ""absolute_difference"": null}, ""structural_brittleness"": {""canonical"": null, ""observed"": null, ""comparable"": false, ""absolute_difference"": null}, ""weakest_legibility"": {""canonical"": 1.0, ""observed"": 1.0, ""comparable"": true, ""absolute_difference"": 0.0}, ""legibility_spread"": {""canonical"": 0.0, ""observed"": 0.0, ""comparable"": true, ""absolute_difference"": 0.0}, ""cognitive_remembrance"": {""canonical"": 0.7142857142857143, ""observed"": 1.0, ""comparable"": true, ""absolute_difference"": 0.2857142857142857}, ""unknown_state_ratio"": {""canonical"": 0.0, ""observed"": 0.0, ""comparable"": true, ""absolute_difference"": 0.0}, ""structural_mark_preserved"": true, ""structural_basis_preserved"": true, ""state_path_preserved"": false, ""transition_path_preserved"": false}","{""state_sequence"": [""WHAT"", ""WHEN"", ""WHAT"", ""WHY""], ""relation_sequence"": [""WHAT|CHAIN_CONNECTOR|WHEN|EXPLICIT"", ""WHAT|GENERATIVE_LINK|WHY|EXPLICIT""], ""trajectory_boundaries"": [1, 3], ""trajectory_ranges"": [{""start_state_occurrence_index"": 0, ""end_state_occurrence_index"": 1}, {""start_state_occurrence_index"": 2, ""end_state_occurrence_index"": 3}], ""relation_occurrences"": [{""from_state_occurrence_index"": 0, ""to_state_occurrence_index"": 1}, {""from_state_occurrence_index"": 2, ""to_state_occurrence_index"": 3}]}","{""permutation_disposition"": ""FUTURE_FORWARD_FIX"", ""permutation_narrative"": ""Major and Prime reached no discriminative chief criterion; the original trajectory is preserved by economy of intervention. In OPEN this is a presumption to preserve, not proof that the permuted realization is contextually inferior."", ""unresolved_profile"": {""total_state_count"": 4, ""unknown_state_count"": 0, ""unknown_state_ratio"": 0.0, ""unknown_state_occurrence_indices"": [], ""unknown_runs"": [], ""fully_unresolved"": false}}",3446.958800079301,54757.0636998862,4.5369998551905155,58208.64490000531,False,False
stress-pronoun-ambiguity-001,LLM_ONLY,3,ar,tr,اتصلت ماريا بإيلينا بعد أن كانت قد غادرت المبنى، لكن لا يمكن استنادًا إلى التقرير تحديد أيٌّ منهما كانت قد غادرت المبنى؛ إذ لا يرد فيه سوى أن الاتصال جرى قبل وصول الشرطة.,"Maria, o binadan ayrıldıktan sonra Elena’yı aradı; ancak rapora dayanarak ikisinden hangisinin binadan ayrılmış olduğunu belirlemek mümkün değildir, zira raporda yalnızca aramanın polis gelmeden önce gerçekleştiği belirtilmektedir.","{""residual_uncertainty"": 0.0, ""structural_compatibility"": null, ""structural_brittleness"": null, ""weakest_legibility"": 1.0, ""legibility_spread"": 0.0, ""cognitive_remembrance"": 0.8571428571428571, ""structural_mark"": {""uncertainty"": ""MAXIMUM"", ""compatibility"": ""NOT_ESTIMABLE"", ""robustness"": ""NOT_ESTIMABLE"", ""legibility"": ""MAXIMUM"", ""short_label"": ""U:MAX|C:NA|R:NA|L:MAX"", ""fully_estimable"": false}, ""structural_basis"": ""PARTIALLY_ESTIMABLE"", ""state_path"": [""WHAT"", ""WHEN"", ""WHICH"", ""WHY"", ""WHEN""], ""transition_path"": [""CHAIN_CONNECTOR"", ""CHAIN_CONNECTOR"", ""CHAIN_CONNECTOR"", ""CHAIN_CONNECTOR""], ""unknown_state_ratio"": 0.0}","{""residual_uncertainty"": {""canonical"": 0.0, ""observed"": 0.0, ""comparable"": true, ""absolute_difference"": 0.0}, ""structural_compatibility"": {""canonical"": null, ""observed"": null, ""comparable"": false, ""absolute_difference"": null}, ""structural_brittleness"": {""canonical"": null, ""observed"": null, ""comparable"": false, ""absolute_difference"": null}, ""weakest_legibility"": {""canonical"": 1.0, ""observed"": 1.0, ""comparable"": true, ""absolute_difference"": 0.0}, ""legibility_spread"": {""canonical"": 0.0, ""observed"": 0.0, ""comparable"": true, ""absolute_difference"": 0.0}, ""cognitive_remembrance"": {""canonical"": 0.7142857142857143, ""observed"": 0.8571428571428571, ""comparable"": true, ""absolute_difference"": 0.1428571428571428}, ""unknown_state_ratio"": {""canonical"": 0.0, ""observed"": 0.0, ""comparable"": true, ""absolute_difference"": 0.0}, ""structural_mark_preserved"": true, ""structural_basis_preserved"": true, ""state_path_preserved"": false, ""transition_path_preserved"": false}","{""state_sequence"": [""WHAT"", ""WHEN"", ""WHICH"", ""WHY"", ""WHEN""], ""relation_sequence"": [""WHAT|CHAIN_CONNECTOR|WHEN|EXPLICIT"", ""WHEN|CHAIN_CONNECTOR|WHICH|EXPLICIT"", ""WHICH|CHAIN_CONNECTOR|WHY|EXPLICIT"", ""WHY|CHAIN_CONNECTOR|WHEN|EXPLICIT""], ""trajectory_boundaries"": [4], ""trajectory_ranges"": [{""start_state_occurrence_index"": 0, ""end_state_occurrence_index"": 4}], ""relation_occurrences"": [{""from_state_occurrence_index"": 0, ""to_state_occurrence_index"": 1}, {""from_state_occurrence_index"": 1, ""to_state_occurrence_index"": 2}, {""from_state_occurrence_index"": 2, ""to_state_occurrence_index"": 3}, {""from_state_occurrence_index"": 3, ""to_state_occurrence_index"": 4}]}","{""permutation_disposition"": ""FUTURE_FORWARD_FIX"", ""permutation_narrative"": ""Major and Prime reached no discriminative chief criterion; the original trajectory is preserved by economy of intervention. In OPEN this is a presumption to preserve, not proof that the permuted realization is contextually inferior."", ""unresolved_profile"": {""total_state_count"": 5, ""unknown_state_count"": 0, ""unknown_state_ratio"": 0.0, ""unknown_state_occurrence_indices"": [], ""unknown_runs"": [], ""fully_unresolved"": false}}",6242.57200001739,102143.46210006624,2.144400030374527,108388.28260009177,False,False
stress-pronoun-ambiguity-001,LLM_ONLY,4,tr,fr,"Maria, o binadan ayrıldıktan sonra Elena’yı aradı; ancak rapora dayanarak ikisinden hangisinin binadan ayrılmış olduğunu belirlemek mümkün değildir, zira raporda yalnızca aramanın polis gelmeden önce gerçekleştiği belirtilmektedir.","Maria a appelé Elena après avoir quitté ce bâtiment ; toutefois, sur la base du rapport, il est impossible de déterminer laquelle des deux avait quitté le bâtiment, car le rapport indique seulement que l’appel a eu lieu avant l’arrivée de la police.","{""residual_uncertainty"": 0.0, ""structural_compatibility"": null, ""structural_brittleness"": null, ""weakest_legibility"": 1.0, ""legibility_spread"": 0.0, ""cognitive_remembrance"": 1.0, ""structural_mark"": {""uncertainty"": ""MAXIMUM"", ""compatibility"": ""NOT_ESTIMABLE"", ""robustness"": ""NOT_ESTIMABLE"", ""legibility"": ""MAXIMUM"", ""short_label"": ""U:MAX|C:NA|R:NA|L:MAX"", ""fully_estimable"": false}, ""structural_basis"": ""PARTIALLY_ESTIMABLE"", ""state_path"": [""WHAT"", ""WHEN"", ""WHY"", ""WHICH"", ""WHY"", ""WHEN""], ""transition_path"": [""CHAIN_CONNECTOR"", ""CHAIN_CONNECTOR"", ""CHAIN_CONNECTOR"", ""CHAIN_CONNECTOR"", ""CHAIN_CONNECTOR""], ""unknown_state_ratio"": 0.0}","{""residual_uncertainty"": {""canonical"": 0.0, ""observed"": 0.0, ""comparable"": true, ""absolute_difference"": 0.0}, ""structural_compatibility"": {""canonical"": null, ""observed"": null, ""comparable"": false, ""absolute_difference"": null}, ""structural_brittleness"": {""canonical"": null, ""observed"": null, ""comparable"": false, ""absolute_difference"": null}, ""weakest_legibility"": {""canonical"": 1.0, ""observed"": 1.0, ""comparable"": true, ""absolute_difference"": 0.0}, ""legibility_spread"": {""canonical"": 0.0, ""observed"": 0.0, ""comparable"": true, ""absolute_difference"": 0.0}, ""cognitive_remembrance"": {""canonical"": 0.7142857142857143, ""observed"": 1.0, ""comparable"": true, ""absolute_difference"": 0.2857142857142857}, ""unknown_state_ratio"": {""canonical"": 0.0, ""observed"": 0.0, ""comparable"": true, ""absolute_difference"": 0.0}, ""structural_mark_preserved"": true, ""structural_basis_preserved"": true, ""state_path_preserved"": false, ""transition_path_preserved"": false}","{""state_sequence"": [""WHAT"", ""WHEN"", ""WHY"", ""WHICH"", ""WHY"", ""WHEN""], ""relation_sequence"": [""WHAT|CHAIN_CONNECTOR|WHEN|EXPLICIT"", ""WHEN|CHAIN_CONNECTOR|WHY|EXPLICIT"", ""WHY|CHAIN_CONNECTOR|WHICH|EXPLICIT"", ""WHICH|CHAIN_CONNECTOR|WHY|EXPLICIT"", ""WHY|CHAIN_CONNECTOR|WHEN|EXPLICIT""], ""trajectory_boundaries"": [5], ""trajectory_ranges"": [{""start_state_occurrence_index"": 0, ""end_state_occurrence_index"": 5}], ""relation_occurrences"": [{""from_state_occurrence_index"": 0, ""to_state_occurrence_index"": 1}, {""from_state_occurrence_index"": 1, ""to_state_occurrence_index"": 2}, {""from_state_occurrence_index"": 2, ""to_state_occurrence_index"": 3}, {""from_state_occurrence_index"": 3, ""to_state_occurrence_index"": 4}, {""from_state_occurrence_index"": 4, ""to_state_occurrence_index"": 5}]}","{""permutation_disposition"": ""FUTURE_FORWARD_FIX"", ""permutation_narrative"": ""Major and Prime reached no discriminative chief criterion; the original trajectory is preserved by economy of intervention. In OPEN this is a presumption to preserve, not proof that the permuted realization is contextually inferior."", ""unresolved_profile"": {""total_state_count"": 6, ""unknown_state_count"": 0, ""unknown_state_ratio"": 0.0, ""unknown_state_occurrence_indices"": [], ""unknown_runs"": [], ""fully_unresolved"": false}}",1986.1325998790562,86874.93839999661,2.424499951303005,88863.61059988849,False,False
stress-pronoun-ambiguity-001,LLM_MDPAR,0,es,en,"María llamó a Elena después de que saliera del edificio, pero el informe no permite saber cuál de las dos había salido; solo consta que la llamada ocurrió antes de que llegara la policía.","María called Elena after she had left the building, but the report does not make it possible to know which of the two had left; it only states that the call occurred before the police arrived.","{""residual_uncertainty"": 0.0, ""structural_compatibility"": null, ""structural_brittleness"": null, ""weakest_legibility"": 1.0, ""legibility_spread"": 0.0, ""cognitive_remembrance"": 1.0, ""structural_mark"": {""uncertainty"": ""MAXIMUM"", ""compatibility"": ""NOT_ESTIMABLE"", ""robustness"": ""NOT_ESTIMABLE"", ""legibility"": ""MAXIMUM"", ""short_label"": ""U:MAX|C:NA|R:NA|L:MAX"", ""fully_estimable"": false}, ""structural_basis"": ""PARTIALLY_ESTIMABLE"", ""state_path"": [""WHAT"", ""WHEN"", ""WHEN""], ""transition_path"": [""CHAIN_CONNECTOR"", ""CHAIN_CONNECTOR""], ""unknown_state_ratio"": 0.0}","{""residual_uncertainty"": {""canonical"": 0.0, ""observed"": 0.0, ""comparable"": true, ""absolute_difference"": 0.0}, ""structural_compatibility"": {""canonical"": null, ""observed"": null, ""comparable"": false, ""absolute_difference"": null}, ""structural_brittleness"": {""canonical"": null, ""observed"": null, ""comparable"": false, ""absolute_difference"": null}, ""weakest_legibility"": {""canonical"": 1.0, ""observed"": 1.0, ""comparable"": true, ""absolute_difference"": 0.0}, ""legibility_spread"": {""canonical"": 0.0, ""observed"": 0.0, ""comparable"": true, ""absolute_difference"": 0.0}, ""cognitive_remembrance"": {""canonical"": 0.7142857142857143, ""observed"": 1.0, ""comparable"": true, ""absolute_difference"": 0.2857142857142857}, ""unknown_state_ratio"": {""canonical"": 0.0, ""observed"": 0.0, ""comparable"": true, ""absolute_difference"": 0.0}, ""structural_mark_preserved"": true, ""structural_basis_preserved"": true, ""state_path_preserved"": false, ""transition_path_preserved"": false}","{""state_sequence"": [""WHAT"", ""WHEN"", ""WHEN""], ""relation_sequence"": [""WHAT|CHAIN_CONNECTOR|WHEN|EXPLICIT"", ""WHEN|CHAIN_CONNECTOR|WHEN|EXPLICIT""], ""trajectory_boundaries"": [2], ""trajectory_ranges"": [{""start_state_occurrence_index"": 0, ""end_state_occurrence_index"": 2}], ""relation_occurrences"": [{""from_state_occurrence_index"": 0, ""to_state_occurrence_index"": 1}, {""from_state_occurrence_index"": 1, ""to_state_occurrence_index"": 2}]}","{""permutation_disposition"": ""FUTURE_FORWARD_FIX"", ""permutation_narrative"": ""Major and Prime reached no discriminative chief criterion; the original trajectory is preserved by economy of intervention. In OPEN this is a presumption to preserve, not proof that the permuted realization is contextually inferior."", ""unresolved_profile"": {""total_state_count"": 3, ""unknown_state_count"": 0, ""unknown_state_ratio"": 0.0, ""unknown_state_occurrence_indices"": [], ""unknown_runs"": [], ""fully_unresolved"": false}}",2873.703300021589,53290.568800177425,2.5823998730629683,56166.98480001651,False,False
stress-pronoun-ambiguity-001,LLM_MDPAR,1,en,de,"María called Elena after she had left the building, but the report does not make it possible to know which of the two had left; it only states that the call occurred before the police arrived.","María rief Elena an, nachdem eine der beiden das Gebäude verlassen hatte, doch aus dem Bericht geht nicht hervor, welche von beiden es war; er hält lediglich fest, dass der Anruf erfolgte, bevor die Polizei eintraf.","{""residual_uncertainty"": 0.0, ""structural_compatibility"": null, ""structural_brittleness"": null, ""weakest_legibility"": 1.0, ""legibility_spread"": 0.0, ""cognitive_remembrance"": 0.8571428571428571, ""structural_mark"": {""uncertainty"": ""MAXIMUM"", ""compatibility"": ""NOT_ESTIMABLE"", ""robustness"": ""NOT_ESTIMABLE"", ""legibility"": ""MAXIMUM"", ""short_label"": ""U:MAX|C:NA|R:NA|L:MAX"", ""fully_estimable"": false}, ""structural_basis"": ""PARTIALLY_ESTIMABLE"", ""state_path"": [""WHAT"", ""WHEN"", ""UNKNOWN"", ""WHAT"", ""WHEN""], ""transition_path"": [""CHAIN_CONNECTOR"", ""CHAIN_CONNECTOR""], ""unknown_state_ratio"": 0.2}","{""residual_uncertainty"": {""canonical"": 0.0, ""observed"": 0.0, ""comparable"": true, ""absolute_difference"": 0.0}, ""structural_compatibility"": {""canonical"": null, ""observed"": null, ""comparable"": false, ""absolute_difference"": null}, ""structural_brittleness"": {""canonical"": null, ""observed"": null, ""comparable"": false, ""absolute_difference"": null}, ""weakest_legibility"": {""canonical"": 1.0, ""observed"": 1.0, ""comparable"": true, ""absolute_difference"": 0.0}, ""legibility_spread"": {""canonical"": 0.0, ""observed"": 0.0, ""comparable"": true, ""absolute_difference"": 0.0}, ""cognitive_remembrance"": {""canonical"": 0.7142857142857143, ""observed"": 0.8571428571428571, ""comparable"": true, ""absolute_difference"": 0.1428571428571428}, ""unknown_state_ratio"": {""canonical"": 0.0, ""observed"": 0.2, ""comparable"": true, ""absolute_difference"": 0.2}, ""structural_mark_preserved"": true, ""structural_basis_preserved"": true, ""state_path_preserved"": false, ""transition_path_preserved"": false}","{""state_sequence"": [""WHAT"", ""WHEN"", ""UNKNOWN"", ""WHAT"", ""WHEN""], ""relation_sequence"": [""WHAT|CHAIN_CONNECTOR|WHEN|EXPLICIT"", ""WHAT|CHAIN_CONNECTOR|WHEN|EXPLICIT""], ""trajectory_boundaries"": [1, 4], ""trajectory_ranges"": [{""start_state_occurrence_index"": 0, ""end_state_occurrence_index"": 1}, {""start_state_occurrence_index"": 3, ""end_state_occurrence_index"": 4}], ""relation_occurrences"": [{""from_state_occurrence_index"": 0, ""to_state_occurrence_index"": 1}, {""from_state_occurrence_index"": 3, ""to_state_occurrence_index"": 4}]}","{""permutation_disposition"": ""FUTURE_FORWARD_FIX"", ""permutation_narrative"": ""Major and Prime reached no discriminative chief criterion; the original trajectory is preserved by economy of intervention. In OPEN this is a presumption to preserve, not proof that the permuted realization is contextually inferior."", ""unresolved_profile"": {""total_state_count"": 5, ""unknown_state_count"": 1, ""unknown_state_ratio"": 0.2, ""unknown_state_occurrence_indices"": [2], ""unknown_runs"": [{""start_state_occurrence_index"": 2, ""end_state_occurrence_index"": 2, ""length"": 1}], ""fully_unresolved"": false}}",4686.080800136551,51844.10219988786,2.389499917626381,56532.68720000051,False,False
stress-pronoun-ambiguity-001,LLM_MDPAR,2,de,ar,"María rief Elena an, nachdem eine der beiden das Gebäude verlassen hatte, doch aus dem Bericht geht nicht hervor, welche von beiden es war; er hält lediglich fest, dass der Anruf erfolgte, bevor die Polizei eintraf.",اتصلت ماريا بإيلينا بعد أن غادرت إحداهما المبنى، لكن التقرير لا يوضح أيتهما كانت قد غادرت؛ ولا يثبت سوى أن المكالمة جرت قبل وصول الشرطة.,"{""residual_uncertainty"": 0.0, ""structural_compatibility"": null, ""structural_brittleness"": null, ""weakest_legibility"": 1.0, ""legibility_spread"": 0.0, ""cognitive_remembrance"": 1.0, ""structural_mark"": {""uncertainty"": ""MAXIMUM"", ""compatibility"": ""NOT_ESTIMABLE"", ""robustness"": ""NOT_ESTIMABLE"", ""legibility"": ""MAXIMUM"", ""short_label"": ""U:MAX|C:NA|R:NA|L:MAX"", ""fully_estimable"": false}, ""structural_basis"": ""PARTIALLY_ESTIMABLE"", ""state_path"": [""WHAT"", ""WHEN"", ""UNKNOWN"", ""WHAT"", ""WHEN""], ""transition_path"": [""CHAIN_CONNECTOR"", ""CHAIN_CONNECTOR""], ""unknown_state_ratio"": 0.2}","{""residual_uncertainty"": {""canonical"": 0.0, ""observed"": 0.0, ""comparable"": true, ""absolute_difference"": 0.0}, ""structural_compatibility"": {""canonical"": null, ""observed"": null, ""comparable"": false, ""absolute_difference"": null}, ""structural_brittleness"": {""canonical"": null, ""observed"": null, ""comparable"": false, ""absolute_difference"": null}, ""weakest_legibility"": {""canonical"": 1.0, ""observed"": 1.0, ""comparable"": true, ""absolute_difference"": 0.0}, ""legibility_spread"": {""canonical"": 0.0, ""observed"": 0.0, ""comparable"": true, ""absolute_difference"": 0.0}, ""cognitive_remembrance"": {""canonical"": 0.7142857142857143, ""observed"": 1.0, ""comparable"": true, ""absolute_difference"": 0.2857142857142857}, ""unknown_state_ratio"": {""canonical"": 0.0, ""observed"": 0.2, ""comparable"": true, ""absolute_difference"": 0.2}, ""structural_mark_preserved"": true, ""structural_basis_preserved"": true, ""state_path_preserved"": false, ""transition_path_preserved"": false}","{""state_sequence"": [""WHAT"", ""WHEN"", ""UNKNOWN"", ""WHAT"", ""WHEN""], ""relation_sequence"": [""WHAT|CHAIN_CONNECTOR|WHEN|EXPLICIT"", ""WHAT|CHAIN_CONNECTOR|WHEN|EXPLICIT""], ""trajectory_boundaries"": [1, 4], ""trajectory_ranges"": [{""start_state_occurrence_index"": 0, ""end_state_occurrence_index"": 1}, {""start_state_occurrence_index"": 3, ""end_state_occurrence_index"": 4}], ""relation_occurrences"": [{""from_state_occurrence_index"": 0, ""to_state_occurrence_index"": 1}, {""from_state_occurrence_index"": 3, ""to_state_occurrence_index"": 4}]}","{""permutation_disposition"": ""FUTURE_FORWARD_FIX"", ""permutation_narrative"": ""Major and Prime reached no discriminative chief criterion; the original trajectory is preserved by economy of intervention. In OPEN this is a presumption to preserve, not proof that the permuted realization is contextually inferior."", ""unresolved_profile"": {""total_state_count"": 5, ""unknown_state_count"": 1, ""unknown_state_ratio"": 0.2, ""unknown_state_occurrence_indices"": [2], ""unknown_runs"": [{""start_state_occurrence_index"": 2, ""end_state_occurrence_index"": 2, ""length"": 1}], ""fully_unresolved"": false}}",4230.687000090256,50661.134500056505,2.655899850651622,54894.61380010471,False,False
stress-pronoun-ambiguity-001,LLM_MDPAR,3,ar,tr,اتصلت ماريا بإيلينا بعد أن غادرت إحداهما المبنى، لكن التقرير لا يوضح أيتهما كانت قد غادرت؛ ولا يثبت سوى أن المكالمة جرت قبل وصول الشرطة.,"Maria, ikisinden biri binadan ayrıldıktan sonra Elena'yı aradı, ancak rapor hangisinin ayrılmış olduğunu açıklamıyor; yalnızca aramanın polis gelmeden önce gerçekleştiğini doğruluyor.","{""residual_uncertainty"": 0.0, ""structural_compatibility"": null, ""structural_brittleness"": null, ""weakest_legibility"": 1.0, ""legibility_spread"": 0.0, ""cognitive_remembrance"": 0.8571428571428571, ""structural_mark"": {""uncertainty"": ""MAXIMUM"", ""compatibility"": ""NOT_ESTIMABLE"", ""robustness"": ""NOT_ESTIMABLE"", ""legibility"": ""MAXIMUM"", ""short_label"": ""U:MAX|C:NA|R:NA|L:MAX"", ""fully_estimable"": false}, ""structural_basis"": ""PARTIALLY_ESTIMABLE"", ""state_path"": [""WHEN"", ""WHAT"", ""WHEN""], ""transition_path"": [""CHAIN_CONNECTOR"", ""CHAIN_CONNECTOR""], ""unknown_state_ratio"": 0.0}","{""residual_uncertainty"": {""canonical"": 0.0, ""observed"": 0.0, ""comparable"": true, ""absolute_difference"": 0.0}, ""structural_compatibility"": {""canonical"": null, ""observed"": null, ""comparable"": false, ""absolute_difference"": null}, ""structural_brittleness"": {""canonical"": null, ""observed"": null, ""comparable"": false, ""absolute_difference"": null}, ""weakest_legibility"": {""canonical"": 1.0, ""observed"": 1.0, ""comparable"": true, ""absolute_difference"": 0.0}, ""legibility_spread"": {""canonical"": 0.0, ""observed"": 0.0, ""comparable"": true, ""absolute_difference"": 0.0}, ""cognitive_remembrance"": {""canonical"": 0.7142857142857143, ""observed"": 0.8571428571428571, ""comparable"": true, ""absolute_difference"": 0.1428571428571428}, ""unknown_state_ratio"": {""canonical"": 0.0, ""observed"": 0.0, ""comparable"": true, ""absolute_difference"": 0.0}, ""structural_mark_preserved"": true, ""structural_basis_preserved"": true, ""state_path_preserved"": false, ""transition_path_preserved"": false}","{""state_sequence"": [""WHEN"", ""WHAT"", ""WHEN""], ""relation_sequence"": [""WHEN|CHAIN_CONNECTOR|WHAT|EXPLICIT"", ""WHAT|CHAIN_CONNECTOR|WHEN|EXPLICIT""], ""trajectory_boundaries"": [2], ""trajectory_ranges"": [{""start_state_occurrence_index"": 0, ""end_state_occurrence_index"": 2}], ""relation_occurrences"": [{""from_state_occurrence_index"": 0, ""to_state_occurrence_index"": 1}, {""from_state_occurrence_index"": 1, ""to_state_occurrence_index"": 2}]}","{""permutation_disposition"": ""FUTURE_FORWARD_FIX"", ""permutation_narrative"": ""Major and Prime reached no discriminative chief criterion; the original trajectory is preserved by economy of intervention. In OPEN this is a presumption to preserve, not proof that the permuted realization is contextually inferior."", ""unresolved_profile"": {""total_state_count"": 3, ""unknown_state_count"": 0, ""unknown_state_ratio"": 0.0, ""unknown_state_occurrence_indices"": [], ""unknown_runs"": [], ""fully_unresolved"": false}}",3768.8963001128286,78038.40549988672,2.1411001216620207,81809.52790006995,False,False
stress-pronoun-ambiguity-001,LLM_MDPAR,4,tr,fr,"Maria, ikisinden biri binadan ayrıldıktan sonra Elena'yı aradı, ancak rapor hangisinin ayrılmış olduğunu açıklamıyor; yalnızca aramanın polis gelmeden önce gerçekleştiğini doğruluyor.","Maria a appelé Elena après que l’une des deux a quitté le bâtiment, mais le rapport ne permet pas de savoir laquelle était partie ; il confirme seulement que l’appel a eu lieu avant l’arrivée de la police.","{""residual_uncertainty"": 0.0, ""structural_compatibility"": null, ""structural_brittleness"": null, ""weakest_legibility"": 1.0, ""legibility_spread"": 0.0, ""cognitive_remembrance"": 1.0, ""structural_mark"": {""uncertainty"": ""MAXIMUM"", ""compatibility"": ""NOT_ESTIMABLE"", ""robustness"": ""NOT_ESTIMABLE"", ""legibility"": ""MAXIMUM"", ""short_label"": ""U:MAX|C:NA|R:NA|L:MAX"", ""fully_estimable"": false}, ""structural_basis"": ""PARTIALLY_ESTIMABLE"", ""state_path"": [""WHAT"", ""WHEN"", ""WHICH"", ""WHAT"", ""WHEN""], ""transition_path"": [""CHAIN_CONNECTOR"", ""CHAIN_CONNECTOR"", ""CHAIN_CONNECTOR"", ""CHAIN_CONNECTOR""], ""unknown_state_ratio"": 0.0}","{""residual_uncertainty"": {""canonical"": 0.0, ""observed"": 0.0, ""comparable"": true, ""absolute_difference"": 0.0}, ""structural_compatibility"": {""canonical"": null, ""observed"": null, ""comparable"": false, ""absolute_difference"": null}, ""structural_brittleness"": {""canonical"": null, ""observed"": null, ""comparable"": false, ""absolute_difference"": null}, ""weakest_legibility"": {""canonical"": 1.0, ""observed"": 1.0, ""comparable"": true, ""absolute_difference"": 0.0}, ""legibility_spread"": {""canonical"": 0.0, ""observed"": 0.0, ""comparable"": true, ""absolute_difference"": 0.0}, ""cognitive_remembrance"": {""canonical"": 0.7142857142857143, ""observed"": 1.0, ""comparable"": true, ""absolute_difference"": 0.2857142857142857}, ""unknown_state_ratio"": {""canonical"": 0.0, ""observed"": 0.0, ""comparable"": true, ""absolute_difference"": 0.0}, ""structural_mark_preserved"": true, ""structural_basis_preserved"": true, ""state_path_preserved"": false, ""transition_path_preserved"": false}","{""state_sequence"": [""WHAT"", ""WHEN"", ""WHICH"", ""WHAT"", ""WHEN""], ""relation_sequence"": [""WHAT|CHAIN_CONNECTOR|WHEN|EXPLICIT"", ""WHEN|CHAIN_CONNECTOR|WHICH|EXPLICIT"", ""WHICH|CHAIN_CONNECTOR|WHAT|EXPLICIT"", ""WHAT|CHAIN_CONNECTOR|WHEN|EXPLICIT""], ""trajectory_boundaries"": [4], ""trajectory_ranges"": [{""start_state_occurrence_index"": 0, ""end_state_occurrence_index"": 4}], ""relation_occurrences"": [{""from_state_occurrence_index"": 0, ""to_state_occurrence_index"": 1}, {""from_state_occurrence_index"": 1, ""to_state_occurrence_index"": 2}, {""from_state_occurrence_index"": 2, ""to_state_occurrence_index"": 3}, {""from_state_occurrence_index"": 3, ""to_state_occurrence_index"": 4}]}","{""permutation_disposition"": ""FUTURE_FORWARD_FIX"", ""permutation_narrative"": ""Major and Prime reached no discriminative chief criterion; the original trajectory is preserved by economy of intervention. In OPEN this is a presumption to preserve, not proof that the permuted realization is contextually inferior."", ""unresolved_profile"": {""total_state_count"": 5, ""unknown_state_count"": 0, ""unknown_state_ratio"": 0.0, ""unknown_state_occurrence_indices"": [], ""unknown_runs"": [], ""fully_unresolved"": false}}",13678.440399933606,94257.62640009634,2.0280000753700733,107938.19559994154,False,False
stress-pronoun-ambiguity-001,LLM_MDPAR,5,fr,es,"Maria a appelé Elena après que l’une des deux a quitté le bâtiment, mais le rapport ne permet pas de savoir laquelle était partie ; il confirme seulement que l’appel a eu lieu avant l’arrivée de la police.","María llamó a Elena después de que una de las dos saliera del edificio, pero el informe no permite saber cuál de ellas había salido; solo confirma que la llamada ocurrió antes de que llegara la policía.","{""residual_uncertainty"": 0.0, ""structural_compatibility"": null, ""structural_brittleness"": null, ""weakest_legibility"": 1.0, ""legibility_spread"": 0.0, ""cognitive_remembrance"": 1.0, ""structural_mark"": {""uncertainty"": ""MAXIMUM"", ""compatibility"": ""NOT_ESTIMABLE"", ""robustness"": ""NOT_ESTIMABLE"", ""legibility"": ""MAXIMUM"", ""short_label"": ""U:MAX|C:NA|R:NA|L:MAX"", ""fully_estimable"": false}, ""structural_basis"": ""PARTIALLY_ESTIMABLE"", ""state_path"": [""WHAT"", ""WHEN"", ""WHAT"", ""WHAT"", ""WHEN""], ""transition_path"": [""CHAIN_CONNECTOR"", ""CHAIN_CONNECTOR"", ""CHAIN_CONNECTOR"", ""CHAIN_CONNECTOR""], ""unknown_state_ratio"": 0.0}","{""residual_uncertainty"": {""canonical"": 0.0, ""observed"": 0.0, ""comparable"": true, ""absolute_difference"": 0.0}, ""structural_compatibility"": {""canonical"": null, ""observed"": null, ""comparable"": false, ""absolute_difference"": null}, ""structural_brittleness"": {""canonical"": null, ""observed"": null, ""comparable"": false, ""absolute_difference"": null}, ""weakest_legibility"": {""canonical"": 1.0, ""observed"": 1.0, ""comparable"": true, ""absolute_difference"": 0.0}, ""legibility_spread"": {""canonical"": 0.0, ""observed"": 0.0, ""comparable"": true, ""absolute_difference"": 0.0}, ""cognitive_remembrance"": {""canonical"": 0.7142857142857143, ""observed"": 1.0, ""comparable"": true, ""absolute_difference"": 0.2857142857142857}, ""unknown_state_ratio"": {""canonical"": 0.0, ""observed"": 0.0, ""comparable"": true, ""absolute_difference"": 0.0}, ""structural_mark_preserved"": true, ""structural_basis_preserved"": true, ""state_path_preserved"": false, ""transition_path_preserved"": false}","{""state_sequence"": [""WHAT"", ""WHEN"", ""WHAT"", ""WHAT"", ""WHEN""], ""relation_sequence"": [""WHAT|CHAIN_CONNECTOR|WHEN|EXPLICIT"", ""WHEN|CHAIN_CONNECTOR|WHAT|EXPLICIT"", ""WHAT|CHAIN_CONNECTOR|WHAT|EXPLICIT"", ""WHAT|CHAIN_CONNECTOR|WHEN|EXPLICIT""], ""trajectory_boundaries"": [4], ""trajectory_ranges"": [{""start_state_occurrence_index"": 0, ""end_state_occurrence_index"": 4}], ""relation_occurrences"": [{""from_state_occurrence_index"": 0, ""to_state_occurrence_index"": 1}, {""from_state_occurrence_index"": 1, ""to_state_occurrence_index"": 2}, {""from_state_occurrence_index"": 2, ""to_state_occurrence_index"": 3}, {""from_state_occurrence_index"": 3, ""to_state_occurrence_index"": 4}]}","{""permutation_disposition"": ""FUTURE_FORWARD_FIX"", ""permutation_narrative"": ""Major and Prime reached no discriminative chief criterion; the original trajectory is preserved by economy of intervention. In OPEN this is a presumption to preserve, not proof that the permuted realization is contextually inferior."", ""unresolved_profile"": {""total_state_count"": 5, ""unknown_state_count"": 0, ""unknown_state_ratio"": 0.0, ""unknown_state_occurrence_indices"": [], ""unknown_runs"": [], ""fully_unresolved"": false}}",2443.2003998663276,82472.5497001782,3.0888000037521124,84918.97069988772,False,False
stress-modality-epistemic-001,LLM_ONLY,0,es,en,"Puede que el fallo proceda del regulador, aunque también podría deberse al cableado; no se sabe cuál de las dos hipótesis es correcta, y ninguna debe tratarse como causa confirmada.","The fault may originate in the regulator, although it could also be due to the wiring; it is not known which of the two hypotheses is correct, and neither should be treated as a confirmed cause.","{""residual_uncertainty"": 0.0, ""structural_compatibility"": null, ""structural_brittleness"": null, ""weakest_legibility"": 1.0, ""legibility_spread"": 0.0, ""cognitive_remembrance"": 1.0, ""structural_mark"": {""uncertainty"": ""MAXIMUM"", ""compatibility"": ""NOT_ESTIMABLE"", ""robustness"": ""NOT_ESTIMABLE"", ""legibility"": ""MAXIMUM"", ""short_label"": ""U:MAX|C:NA|R:NA|L:MAX"", ""fully_estimable"": false}, ""structural_basis"": ""PARTIALLY_ESTIMABLE"", ""state_path"": [""WHAT"", ""WHY"", ""WHY"", ""WHICH""], ""transition_path"": [""GENERATIVE_LINK"", ""CHAIN_CONNECTOR"", ""CHAIN_CONNECTOR""], ""unknown_state_ratio"": 0.0}","{""residual_uncertainty"": {""canonical"": 0.0, ""observed"": 0.0, ""comparable"": true, ""absolute_difference"": 0.0}, ""structural_compatibility"": {""canonical"": null, ""observed"": null, ""comparable"": false, ""absolute_difference"": null}, ""structural_brittleness"": {""canonical"": null, ""observed"": null, ""comparable"": false, ""absolute_difference"": null}, ""weakest_legibility"": {""canonical"": 1.0, ""observed"": 1.0, ""comparable"": true, ""absolute_difference"": 0.0}, ""legibility_spread"": {""canonical"": 0.0, ""observed"": 0.0, ""comparable"": true, ""absolute_difference"": 0.0}, ""cognitive_remembrance"": {""canonical"": 1.0, ""observed"": 1.0, ""comparable"": true, ""absolute_difference"": 0.0}, ""unknown_state_ratio"": {""canonical"": 0.0, ""observed"": 0.0, ""comparable"": true, ""absolute_difference"": 0.0}, ""structural_mark_preserved"": true, ""structural_basis_preserved"": true, ""state_path_preserved"": true, ""transition_path_preserved"": true}","{""state_sequence"": [""WHAT"", ""WHY"", ""WHY"", ""WHICH""], ""relation_sequence"": [""WHAT|GENERATIVE_LINK|WHY|EXPLICIT"", ""WHY|CHAIN_CONNECTOR|WHY|EXPLICIT"", ""WHY|CHAIN_CONNECTOR|WHICH|EXPLICIT""], ""trajectory_boundaries"": [3], ""trajectory_ranges"": [{""start_state_occurrence_index"": 0, ""end_state_occurrence_index"": 3}], ""relation_occurrences"": [{""from_state_occurrence_index"": 0, ""to_state_occurrence_index"": 1}, {""from_state_occurrence_index"": 1, ""to_state_occurrence_index"": 2}, {""from_state_occurrence_index"": 2, ""to_state_occurrence_index"": 3}]}","{""permutation_disposition"": ""FUTURE_FORWARD_FIX"", ""permutation_narrative"": ""Major and Prime reached no discriminative chief criterion; the original trajectory is preserved by economy of intervention. In OPEN this is a presumption to preserve, not proof that the permuted realization is contextually inferior."", ""unresolved_profile"": {""total_state_count"": 4, ""unknown_state_count"": 0, ""unknown_state_ratio"": 0.0, ""unknown_state_occurrence_indices"": [], ""unknown_runs"": [], ""fully_unresolved"": false}}",1473.2152000069618,24174.756299937144,3.1612999737262726,25651.270099915564,False,True
stress-modality-epistemic-001,LLM_MDPAR,0,es,en,"Puede que el fallo proceda del regulador, aunque también podría deberse al cableado; no se sabe cuál de las dos hipótesis es correcta, y ninguna debe tratarse como causa confirmada.","The failure may originate in the regulator, although it could also be due to the wiring; it is not known which of the two hypotheses is correct, and neither should be treated as a confirmed cause.","{""residual_uncertainty"": 0.0, ""structural_compatibility"": null, ""structural_brittleness"": null, ""weakest_legibility"": 1.0, ""legibility_spread"": 0.0, ""cognitive_remembrance"": 1.0, ""structural_mark"": {""uncertainty"": ""MAXIMUM"", ""compatibility"": ""NOT_ESTIMABLE"", ""robustness"": ""NOT_ESTIMABLE"", ""legibility"": ""MAXIMUM"", ""short_label"": ""U:MAX|C:NA|R:NA|L:MAX"", ""fully_estimable"": false}, ""structural_basis"": ""PARTIALLY_ESTIMABLE"", ""state_path"": [""WHAT"", ""WHY"", ""WHY""], ""transition_path"": [""GENERATIVE_LINK"", ""CHAIN_CONNECTOR""], ""unknown_state_ratio"": 0.0}","{""residual_uncertainty"": {""canonical"": 0.0, ""observed"": 0.0, ""comparable"": true, ""absolute_difference"": 0.0}, ""structural_compatibility"": {""canonical"": null, ""observed"": null, ""comparable"": false, ""absolute_difference"": null}, ""structural_brittleness"": {""canonical"": null, ""observed"": null, ""comparable"": false, ""absolute_difference"": null}, ""weakest_legibility"": {""canonical"": 1.0, ""observed"": 1.0, ""comparable"": true, ""absolute_difference"": 0.0}, ""legibility_spread"": {""canonical"": 0.0, ""observed"": 0.0, ""comparable"": true, ""absolute_difference"": 0.0}, ""cognitive_remembrance"": {""canonical"": 1.0, ""observed"": 1.0, ""comparable"": true, ""absolute_difference"": 0.0}, ""unknown_state_ratio"": {""canonical"": 0.0, ""observed"": 0.0, ""comparable"": true, ""absolute_difference"": 0.0}, ""structural_mark_preserved"": true, ""structural_basis_preserved"": true, ""state_path_preserved"": false, ""transition_path_preserved"": false}","{""state_sequence"": [""WHAT"", ""WHY"", ""WHY""], ""relation_sequence"": [""WHAT|GENERATIVE_LINK|WHY|EXPLICIT"", ""WHY|CHAIN_CONNECTOR|WHY|EXPLICIT""], ""trajectory_boundaries"": [2], ""trajectory_ranges"": [{""start_state_occurrence_index"": 0, ""end_state_occurrence_index"": 2}], ""relation_occurrences"": [{""from_state_occurrence_index"": 0, ""to_state_occurrence_index"": 1}, {""from_state_occurrence_index"": 1, ""to_state_occurrence_index"": 2}]}","{""permutation_disposition"": ""FUTURE_FORWARD_FIX"", ""permutation_narrative"": ""Major and Prime reached no discriminative chief criterion; the original trajectory is preserved by economy of intervention. In OPEN this is a presumption to preserve, not proof that the permuted realization is contextually inferior."", ""unresolved_profile"": {""total_state_count"": 3, ""unknown_state_count"": 0, ""unknown_state_ratio"": 0.0, ""unknown_state_occurrence_indices"": [], ""unknown_runs"": [], ""fully_unresolved"": false}}",2718.127899803221,56291.49750014767,4.2536999098956585,59014.03769990429,False,False
stress-modality-epistemic-001,LLM_MDPAR,1,en,ja,"The failure may originate in the regulator, although it could also be due to the wiring; it is not known which of the two hypotheses is correct, and neither should be treated as a confirmed cause.",故障はレギュレーターに起因している可能性があるが、配線が原因である可能性もある。2つの仮説のどちらが正しいかは不明であり、いずれも確認済みの原因として扱うべきではない。,"{""residual_uncertainty"": 0.0, ""structural_compatibility"": null, ""structural_brittleness"": null, ""weakest_legibility"": 1.0, ""legibility_spread"": 0.0, ""cognitive_remembrance"": 1.0, ""structural_mark"": {""uncertainty"": ""MAXIMUM"", ""compatibility"": ""NOT_ESTIMABLE"", ""robustness"": ""NOT_ESTIMABLE"", ""legibility"": ""MAXIMUM"", ""short_label"": ""U:MAX|C:NA|R:NA|L:MAX"", ""fully_estimable"": false}, ""structural_basis"": ""PARTIALLY_ESTIMABLE"", ""state_path"": [""WHAT"", ""WHY"", ""WHY""], ""transition_path"": [""GENERATIVE_LINK"", ""CHAIN_CONNECTOR""], ""unknown_state_ratio"": 0.0}","{""residual_uncertainty"": {""canonical"": 0.0, ""observed"": 0.0, ""comparable"": true, ""absolute_difference"": 0.0}, ""structural_compatibility"": {""canonical"": null, ""observed"": null, ""comparable"": false, ""absolute_difference"": null}, ""structural_brittleness"": {""canonical"": null, ""observed"": null, ""comparable"": false, ""absolute_difference"": null}, ""weakest_legibility"": {""canonical"": 1.0, ""observed"": 1.0, ""comparable"": true, ""absolute_difference"": 0.0}, ""legibility_spread"": {""canonical"": 0.0, ""observed"": 0.0, ""comparable"": true, ""absolute_difference"": 0.0}, ""cognitive_remembrance"": {""canonical"": 1.0, ""observed"": 1.0, ""comparable"": true, ""absolute_difference"": 0.0}, ""unknown_state_ratio"": {""canonical"": 0.0, ""observed"": 0.0, ""comparable"": true, ""absolute_difference"": 0.0}, ""structural_mark_preserved"": true, ""structural_basis_preserved"": true, ""state_path_preserved"": false, ""transition_path_preserved"": false}","{""state_sequence"": [""WHAT"", ""WHY"", ""WHY""], ""relation_sequence"": [""WHAT|GENERATIVE_LINK|WHY|EXPLICIT"", ""WHY|CHAIN_CONNECTOR|WHY|EXPLICIT""], ""trajectory_boundaries"": [2], ""trajectory_ranges"": [{""start_state_occurrence_index"": 0, ""end_state_occurrence_index"": 2}], ""relation_occurrences"": [{""from_state_occurrence_index"": 0, ""to_state_occurrence_index"": 1}, {""from_state_occurrence_index"": 1, ""to_state_occurrence_index"": 2}]}","{""permutation_disposition"": ""FUTURE_FORWARD_FIX"", ""permutation_narrative"": ""Major and Prime reached no discriminative chief criterion; the original trajectory is preserved by economy of intervention. In OPEN this is a presumption to preserve, not proof that the permuted realization is contextually inferior."", ""unresolved_profile"": {""total_state_count"": 3, ""unknown_state_count"": 0, ""unknown_state_ratio"": 0.0, ""unknown_state_occurrence_indices"": [], ""unknown_runs"": [], ""fully_unresolved"": false}}",2460.692800115794,72854.99730007723,4.362599924206734,75320.19919995219,False,False
stress-modality-epistemic-001,LLM_MDPAR,2,ja,de,故障はレギュレーターに起因している可能性があるが、配線が原因である可能性もある。2つの仮説のどちらが正しいかは不明であり、いずれも確認済みの原因として扱うべきではない。,"Die Störung könnte vom Regler herrühren, aber auch durch die Verkabelung verursacht sein. Es ist unklar, welche der beiden Hypothesen zutrifft, und keine von beiden sollte als bestätigte Ursache behandelt werden.","{""residual_uncertainty"": 0.0, ""structural_compatibility"": null, ""structural_brittleness"": null, ""weakest_legibility"": 1.0, ""legibility_spread"": 0.0, ""cognitive_remembrance"": 1.0, ""structural_mark"": {""uncertainty"": ""MAXIMUM"", ""compatibility"": ""NOT_ESTIMABLE"", ""robustness"": ""NOT_ESTIMABLE"", ""legibility"": ""MAXIMUM"", ""short_label"": ""U:MAX|C:NA|R:NA|L:MAX"", ""fully_estimable"": false}, ""structural_basis"": ""PARTIALLY_ESTIMABLE"", ""state_path"": [""WHAT"", ""WHY"", ""WHY"", ""WHICH""], ""transition_path"": [""GENERATIVE_LINK"", ""CHAIN_CONNECTOR"", ""CHAIN_CONNECTOR""], ""unknown_state_ratio"": 0.0}","{""residual_uncertainty"": {""canonical"": 0.0, ""observed"": 0.0, ""comparable"": true, ""absolute_difference"": 0.0}, ""structural_compatibility"": {""canonical"": null, ""observed"": null, ""comparable"": false, ""absolute_difference"": null}, ""structural_brittleness"": {""canonical"": null, ""observed"": null, ""comparable"": false, ""absolute_difference"": null}, ""weakest_legibility"": {""canonical"": 1.0, ""observed"": 1.0, ""comparable"": true, ""absolute_difference"": 0.0}, ""legibility_spread"": {""canonical"": 0.0, ""observed"": 0.0, ""comparable"": true, ""absolute_difference"": 0.0}, ""cognitive_remembrance"": {""canonical"": 1.0, ""observed"": 1.0, ""comparable"": true, ""absolute_difference"": 0.0}, ""unknown_state_ratio"": {""canonical"": 0.0, ""observed"": 0.0, ""comparable"": true, ""absolute_difference"": 0.0}, ""structural_mark_preserved"": true, ""structural_basis_preserved"": true, ""state_path_preserved"": true, ""transition_path_preserved"": true}","{""state_sequence"": [""WHAT"", ""WHY"", ""WHY"", ""WHICH""], ""relation_sequence"": [""WHAT|GENERATIVE_LINK|WHY|EXPLICIT"", ""WHY|CHAIN_CONNECTOR|WHY|EXPLICIT"", ""WHY|CHAIN_CONNECTOR|WHICH|EXPLICIT""], ""trajectory_boundaries"": [3], ""trajectory_ranges"": [{""start_state_occurrence_index"": 0, ""end_state_occurrence_index"": 3}], ""relation_occurrences"": [{""from_state_occurrence_index"": 0, ""to_state_occurrence_index"": 1}, {""from_state_occurrence_index"": 1, ""to_state_occurrence_index"": 2}, {""from_state_occurrence_index"": 2, ""to_state_occurrence_index"": 3}]}","{""permutation_disposition"": ""FUTURE_FORWARD_FIX"", ""permutation_narrative"": ""Major and Prime reached no discriminative chief criterion; the original trajectory is preserved by economy of intervention. In OPEN this is a presumption to preserve, not proof that the permuted realization is contextually inferior."", ""unresolved_profile"": {""total_state_count"": 4, ""unknown_state_count"": 0, ""unknown_state_ratio"": 0.0, ""unknown_state_occurrence_indices"": [], ""unknown_runs"": [], ""fully_unresolved"": false}}",3755.03410003148,41616.767100058496,5.551100010052323,45377.51360004768,False,True
stress-modality-epistemic-001,LLM_MDPAR,3,de,ar,"Die Störung könnte vom Regler herrühren, aber auch durch die Verkabelung verursacht sein. Es ist unklar, welche der beiden Hypothesen zutrifft, und keine von beiden sollte als bestätigte Ursache behandelt werden.",قد يكون الخلل ناتجًا عن المنظِّم، لكنه قد يكون أيضًا بسبب الأسلاك؛ ولا يُعرف أيّ الفرضيتين صحيحة، ولا ينبغي التعامل مع أيٍّ منهما بوصفها سببًا مؤكّدًا.,"{""residual_uncertainty"": 0.0, ""structural_compatibility"": null, ""structural_brittleness"": null, ""weakest_legibility"": 1.0, ""legibility_spread"": 0.0, ""cognitive_remembrance"": 1.0, ""structural_mark"": {""uncertainty"": ""MAXIMUM"", ""compatibility"": ""NOT_ESTIMABLE"", ""robustness"": ""NOT_ESTIMABLE"", ""legibility"": ""MAXIMUM"", ""short_label"": ""U:MAX|C:NA|R:NA|L:MAX"", ""fully_estimable"": false}, ""structural_basis"": ""PARTIALLY_ESTIMABLE"", ""state_path"": [""WHAT"", ""WHY"", ""WHY"", ""WHICH""], ""transition_path"": [""GENERATIVE_LINK"", ""CHAIN_CONNECTOR"", ""CHAIN_CONNECTOR""], ""unknown_state_ratio"": 0.0}","{""residual_uncertainty"": {""canonical"": 0.0, ""observed"": 0.0, ""comparable"": true, ""absolute_difference"": 0.0}, ""structural_compatibility"": {""canonical"": null, ""observed"": null, ""comparable"": false, ""absolute_difference"": null}, ""structural_brittleness"": {""canonical"": null, ""observed"": null, ""comparable"": false, ""absolute_difference"": null}, ""weakest_legibility"": {""canonical"": 1.0, ""observed"": 1.0, ""comparable"": true, ""absolute_difference"": 0.0}, ""legibility_spread"": {""canonical"": 0.0, ""observed"": 0.0, ""comparable"": true, ""absolute_difference"": 0.0}, ""cognitive_remembrance"": {""canonical"": 1.0, ""observed"": 1.0, ""comparable"": true, ""absolute_difference"": 0.0}, ""unknown_state_ratio"": {""canonical"": 0.0, ""observed"": 0.0, ""comparable"": true, ""absolute_difference"": 0.0}, ""structural_mark_preserved"": true, ""structural_basis_preserved"": true, ""state_path_preserved"": true, ""transition_path_preserved"": true}","{""state_sequence"": [""WHAT"", ""WHY"", ""WHY"", ""WHICH""], ""relation_sequence"": [""WHAT|GENERATIVE_LINK|WHY|EXPLICIT"", ""WHY|CHAIN_CONNECTOR|WHY|EXPLICIT"", ""WHY|CHAIN_CONNECTOR|WHICH|EXPLICIT""], ""trajectory_boundaries"": [3], ""trajectory_ranges"": [{""start_state_occurrence_index"": 0, ""end_state_occurrence_index"": 3}], ""relation_occurrences"": [{""from_state_occurrence_index"": 0, ""to_state_occurrence_index"": 1}, {""from_state_occurrence_index"": 1, ""to_state_occurrence_index"": 2}, {""from_state_occurrence_index"": 2, ""to_state_occurrence_index"": 3}]}","{""permutation_disposition"": ""FUTURE_FORWARD_FIX"", ""permutation_narrative"": ""Major and Prime reached no discriminative chief criterion; the original trajectory is preserved by economy of intervention. In OPEN this is a presumption to preserve, not proof that the permuted realization is contextually inferior."", ""unresolved_profile"": {""total_state_count"": 4, ""unknown_state_count"": 0, ""unknown_state_ratio"": 0.0, ""unknown_state_occurrence_indices"": [], ""unknown_runs"": [], ""fully_unresolved"": false}}",6329.677399946377,42827.55729998462,5.335099995136261,49162.685099989176,False,True
stress-modality-epistemic-001,LLM_MDPAR,4,ar,it,قد يكون الخلل ناتجًا عن المنظِّم، لكنه قد يكون أيضًا بسبب الأسلاك؛ ولا يُعرف أيّ الفرضيتين صحيحة، ولا ينبغي التعامل مع أيٍّ منهما بوصفها سببًا مؤكّدًا.,"Il guasto potrebbe dipendere dal regolatore, ma potrebbe anche essere dovuto al cablaggio; non si sa quale delle due ipotesi sia corretta e nessuna delle due dovrebbe essere trattata come una causa accertata.","{""residual_uncertainty"": 0.0, ""structural_compatibility"": null, ""structural_brittleness"": null, ""weakest_legibility"": 1.0, ""legibility_spread"": 0.0, ""cognitive_remembrance"": 0.7142857142857143, ""structural_mark"": {""uncertainty"": ""MAXIMUM"", ""compatibility"": ""NOT_ESTIMABLE"", ""robustness"": ""NOT_ESTIMABLE"", ""legibility"": ""MAXIMUM"", ""short_label"": ""U:MAX|C:NA|R:NA|L:MAX"", ""fully_estimable"": false}, ""structural_basis"": ""PARTIALLY_ESTIMABLE"", ""state_path"": [""WHAT"", ""WHY"", ""WHAT"", ""WHY""], ""transition_path"": [""GENERATIVE_LINK"", ""GENERATIVE_LINK""], ""unknown_state_ratio"": 0.0}","{""residual_uncertainty"": {""canonical"": 0.0, ""observed"": 0.0, ""comparable"": true, ""absolute_difference"": 0.0}, ""structural_compatibility"": {""canonical"": null, ""observed"": null, ""comparable"": false, ""absolute_difference"": null}, ""structural_brittleness"": {""canonical"": null, ""observed"": null, ""comparable"": false, ""absolute_difference"": null}, ""weakest_legibility"": {""canonical"": 1.0, ""observed"": 1.0, ""comparable"": true, ""absolute_difference"": 0.0}, ""legibility_spread"": {""canonical"": 0.0, ""observed"": 0.0, ""comparable"": true, ""absolute_difference"": 0.0}, ""cognitive_remembrance"": {""canonical"": 1.0, ""observed"": 0.7142857142857143, ""comparable"": true, ""absolute_difference"": 0.2857142857142857}, ""unknown_state_ratio"": {""canonical"": 0.0, ""observed"": 0.0, ""comparable"": true, ""absolute_difference"": 0.0}, ""structural_mark_preserved"": true, ""structural_basis_preserved"": true, ""state_path_preserved"": false, ""transition_path_preserved"": false}","{""state_sequence"": [""WHAT"", ""WHY"", ""WHAT"", ""WHY""], ""relation_sequence"": [""WHAT|GENERATIVE_LINK|WHY|EXPLICIT"", ""WHAT|GENERATIVE_LINK|WHY|EXPLICIT""], ""trajectory_boundaries"": [1, 3], ""trajectory_ranges"": [{""start_state_occurrence_index"": 0, ""end_state_occurrence_index"": 1}, {""start_state_occurrence_index"": 2, ""end_state_occurrence_index"": 3}], ""relation_occurrences"": [{""from_state_occurrence_index"": 0, ""to_state_occurrence_index"": 1}, {""from_state_occurrence_index"": 2, ""to_state_occurrence_index"": 3}]}","{""permutation_disposition"": ""FUTURE_FORWARD_FIX"", ""permutation_narrative"": ""Major and Prime reached no discriminative chief criterion; the original trajectory is preserved by economy of intervention. In OPEN this is a presumption to preserve, not proof that the permuted realization is contextually inferior."", ""unresolved_profile"": {""total_state_count"": 4, ""unknown_state_count"": 0, ""unknown_state_ratio"": 0.0, ""unknown_state_occurrence_indices"": [], ""unknown_runs"": [], ""fully_unresolved"": false}}",1627.6501999236643,34307.57290008478,6.45209988579154,35941.87090010382,False,False
stress-modality-epistemic-001,LLM_MDPAR,5,it,es,"Il guasto potrebbe dipendere dal regolatore, ma potrebbe anche essere dovuto al cablaggio; non si sa quale delle due ipotesi sia corretta e nessuna delle due dovrebbe essere trattata come una causa accertata.","Puede que el fallo proceda del regulador, aunque también podría deberse al cableado; no se sabe cuál de las dos hipótesis es correcta, y ninguna debe tratarse como causa confirmada.","{""residual_uncertainty"": 0.0, ""structural_compatibility"": null, ""structural_brittleness"": null, ""weakest_legibility"": 1.0, ""legibility_spread"": 0.0, ""cognitive_remembrance"": 0.7142857142857143, ""structural_mark"": {""uncertainty"": ""MAXIMUM"", ""compatibility"": ""NOT_ESTIMABLE"", ""robustness"": ""NOT_ESTIMABLE"", ""legibility"": ""MAXIMUM"", ""short_label"": ""U:MAX|C:NA|R:NA|L:MAX"", ""fully_estimable"": false}, ""structural_basis"": ""PARTIALLY_ESTIMABLE"", ""state_path"": [""WHAT"", ""WHY"", ""WHY"", ""WHICH""], ""transition_path"": [""GENERATIVE_LINK"", ""CHAIN_CONNECTOR"", ""CHAIN_CONNECTOR""], ""unknown_state_ratio"": 0.0}","{""residual_uncertainty"": {""canonical"": 0.0, ""observed"": 0.0, ""comparable"": true, ""absolute_difference"": 0.0}, ""structural_compatibility"": {""canonical"": null, ""observed"": null, ""comparable"": false, ""absolute_difference"": null}, ""structural_brittleness"": {""canonical"": null, ""observed"": null, ""comparable"": false, ""absolute_difference"": null}, ""weakest_legibility"": {""canonical"": 1.0, ""observed"": 1.0, ""comparable"": true, ""absolute_difference"": 0.0}, ""legibility_spread"": {""canonical"": 0.0, ""observed"": 0.0, ""comparable"": true, ""absolute_difference"": 0.0}, ""cognitive_remembrance"": {""canonical"": 1.0, ""observed"": 0.7142857142857143, ""comparable"": true, ""absolute_difference"": 0.2857142857142857}, ""unknown_state_ratio"": {""canonical"": 0.0, ""observed"": 0.0, ""comparable"": true, ""absolute_difference"": 0.0}, ""structural_mark_preserved"": true, ""structural_basis_preserved"": true, ""state_path_preserved"": true, ""transition_path_preserved"": true}","{""state_sequence"": [""WHAT"", ""WHY"", ""WHY"", ""WHICH""], ""relation_sequence"": [""WHAT|GENERATIVE_LINK|WHY|EXPLICIT"", ""WHY|CHAIN_CONNECTOR|WHY|EXPLICIT"", ""WHY|CHAIN_CONNECTOR|WHICH|EXPLICIT""], ""trajectory_boundaries"": [3], ""trajectory_ranges"": [{""start_state_occurrence_index"": 0, ""end_state_occurrence_index"": 3}], ""relation_occurrences"": [{""from_state_occurrence_index"": 0, ""to_state_occurrence_index"": 1}, {""from_state_occurrence_index"": 1, ""to_state_occurrence_index"": 2}, {""from_state_occurrence_index"": 2, ""to_state_occurrence_index"": 3}]}","{""permutation_disposition"": ""FUTURE_FORWARD_FIX"", ""permutation_narrative"": ""Major and Prime reached no discriminative chief criterion; the original trajectory is preserved by economy of intervention. In OPEN this is a presumption to preserve, not proof that the permuted realization is contextually inferior."", ""unresolved_profile"": {""total_state_count"": 4, ""unknown_state_count"": 0, ""unknown_state_ratio"": 0.0, ""unknown_state_occurrence_indices"": [], ""unknown_runs"": [], ""fully_unresolved"": false}}",2169.7465002071112,39085.48629982397,5.31709985807538,41260.727600194514,False,False
stress-multitrajectory-001,LLM_MDPAR,0,es,en,"El servicio de pagos falló porque agotó el pool de conexiones, de modo que las solicitudes comenzaron a devolver 503. Separadamente, el sistema de métricas dejó de publicar datos porque expiró su certificado, aunque eso no causó el fallo de pagos.","The payment service failed because it exhausted the connection pool, causing requests to begin returning 503 errors. Separately, the metrics system stopped publishing data because its certificate expired, although that did not cause the payment failure.","{""residual_uncertainty"": 0.0, ""structural_compatibility"": null, ""structural_brittleness"": null, ""weakest_legibility"": 1.0, ""legibility_spread"": 0.0, ""cognitive_remembrance"": 1.0, ""structural_mark"": {""uncertainty"": ""MAXIMUM"", ""compatibility"": ""NOT_ESTIMABLE"", ""robustness"": ""NOT_ESTIMABLE"", ""legibility"": ""MAXIMUM"", ""short_label"": ""U:MAX|C:NA|R:NA|L:MAX"", ""fully_estimable"": false}, ""structural_basis"": ""PARTIALLY_ESTIMABLE"", ""state_path"": [""WHAT"", ""WHY"", ""WHAT"", ""WHAT"", ""WHY"", ""WHAT""], ""transition_path"": [""GENERATIVE_LINK"", ""INTERPRETIVE_PROJECTION"", ""GENERATIVE_LINK"", ""INTERPRETIVE_PROJECTION""], ""unknown_state_ratio"": 0.0}","{""residual_uncertainty"": {""canonical"": 0.0, ""observed"": 0.0, ""comparable"": true, ""absolute_difference"": 0.0}, ""structural_compatibility"": {""canonical"": null, ""observed"": null, ""comparable"": false, ""absolute_difference"": null}, ""structural_brittleness"": {""canonical"": null, ""observed"": null, ""comparable"": false, ""absolute_difference"": null}, ""weakest_legibility"": {""canonical"": 1.0, ""observed"": 1.0, ""comparable"": true, ""absolute_difference"": 0.0}, ""legibility_spread"": {""canonical"": 0.0, ""observed"": 0.0, ""comparable"": true, ""absolute_difference"": 0.0}, ""cognitive_remembrance"": {""canonical"": 0.7142857142857143, ""observed"": 1.0, ""comparable"": true, ""absolute_difference"": 0.2857142857142857}, ""unknown_state_ratio"": {""canonical"": 0.0, ""observed"": 0.0, ""comparable"": true, ""absolute_difference"": 0.0}, ""structural_mark_preserved"": true, ""structural_basis_preserved"": true, ""state_path_preserved"": true, ""transition_path_preserved"": true}","{""state_sequence"": [""WHAT"", ""WHY"", ""WHAT"", ""WHAT"", ""WHY"", ""WHAT""], ""relation_sequence"": [""WHAT|GENERATIVE_LINK|WHY|EXPLICIT"", ""WHY|INTERPRETIVE_PROJECTION|WHAT|EXPLICIT"", ""WHAT|GENERATIVE_LINK|WHY|EXPLICIT"", ""WHY|INTERPRETIVE_PROJECTION|WHAT|EXPLICIT""], ""trajectory_boundaries"": [2, 5], ""trajectory_ranges"": [{""start_state_occurrence_index"": 0, ""end_state_occurrence_index"": 2}, {""start_state_occurrence_index"": 3, ""end_state_occurrence_index"": 5}], ""relation_occurrences"": [{""from_state_occurrence_index"": 0, ""to_state_occurrence_index"": 1}, {""from_state_occurrence_index"": 1, ""to_state_occurrence_index"": 2}, {""from_state_occurrence_index"": 3, ""to_state_occurrence_index"": 4}, {""from_state_occurrence_index"": 4, ""to_state_occurrence_index"": 5}]}","{""permutation_disposition"": ""FUTURE_FORWARD_FIX"", ""permutation_narrative"": ""Major and Prime reached no discriminative chief criterion; the original trajectory is preserved by economy of intervention. In OPEN this is a presumption to preserve, not proof that the permuted realization is contextually inferior."", ""unresolved_profile"": {""total_state_count"": 6, ""unknown_state_count"": 0, ""unknown_state_ratio"": 0.0, ""unknown_state_occurrence_indices"": [], ""unknown_runs"": [], ""fully_unresolved"": false}}",2427.795600146055,43769.21129995026,5.212699994444847,46202.336500165984,False,False
stress-partial-unknown-001,LLM_ONLY,0,es,en,"El motor dejó de responder tras la actualización. wwofniesnfsoi grtzz 441?? Después, el operador restauró la versión anterior y el motor volvió a responder.","The engine stopped responding after the update. wwofniesnfsoi grtzz 441?? Afterwards, the operator restored the previous version, and the engine started responding again.","{""residual_uncertainty"": 0.0, ""structural_compatibility"": null, ""structural_brittleness"": null, ""weakest_legibility"": 1.0, ""legibility_spread"": 0.0, ""cognitive_remembrance"": 1.0, ""structural_mark"": {""uncertainty"": ""MAXIMUM"", ""compatibility"": ""NOT_ESTIMABLE"", ""robustness"": ""NOT_ESTIMABLE"", ""legibility"": ""MAXIMUM"", ""short_label"": ""U:MAX|C:NA|R:NA|L:MAX"", ""fully_estimable"": false}, ""structural_basis"": ""PARTIALLY_ESTIMABLE"", ""state_path"": [""WHAT"", ""WHEN"", ""UNKNOWN"", ""WHEN"", ""HOW"", ""WHAT""], ""transition_path"": [""CHAIN_CONNECTOR"", ""CHAIN_CONNECTOR"", ""INTERPRETIVE_PROJECTION""], ""unknown_state_ratio"": 0.16666666666666666}","{""residual_uncertainty"": {""canonical"": 0.0, ""observed"": 0.0, ""comparable"": true, ""absolute_difference"": 0.0}, ""structural_compatibility"": {""canonical"": null, ""observed"": null, ""comparable"": false, ""absolute_difference"": null}, ""structural_brittleness"": {""canonical"": null, ""observed"": null, ""comparable"": false, ""absolute_difference"": null}, ""weakest_legibility"": {""canonical"": 1.0, ""observed"": 1.0, ""comparable"": true, ""absolute_difference"": 0.0}, ""legibility_spread"": {""canonical"": 0.0, ""observed"": 0.0, ""comparable"": true, ""absolute_difference"": 0.0}, ""cognitive_remembrance"": {""canonical"": 0.8571428571428571, ""observed"": 1.0, ""comparable"": true, ""absolute_difference"": 0.1428571428571429}, ""unknown_state_ratio"": {""canonical"": 0.16666666666666666, ""observed"": 0.16666666666666666, ""comparable"": true, ""absolute_difference"": 0.0}, ""structural_mark_preserved"": true, ""structural_basis_preserved"": true, ""state_path_preserved"": true, ""transition_path_preserved"": true}","{""state_sequence"": [""WHAT"", ""WHEN"", ""UNKNOWN"", ""WHEN"", ""HOW"", ""WHAT""], ""relation_sequence"": [""WHAT|CHAIN_CONNECTOR|WHEN|EXPLICIT"", ""WHEN|CHAIN_CONNECTOR|HOW|EXPLICIT"", ""HOW|INTERPRETIVE_PROJECTION|WHAT|IMPLICIT""], ""trajectory_boundaries"": [1, 5], ""trajectory_ranges"": [{""start_state_occurrence_index"": 0, ""end_state_occurrence_index"": 1}, {""start_state_occurrence_index"": 3, ""end_state_occurrence_index"": 5}], ""relation_occurrences"": [{""from_state_occurrence_index"": 0, ""to_state_occurrence_index"": 1}, {""from_state_occurrence_index"": 3, ""to_state_occurrence_index"": 4}, {""from_state_occurrence_index"": 4, ""to_state_occurrence_index"": 5}]}","{""permutation_disposition"": ""FUTURE_FORWARD_FIX"", ""permutation_narrative"": ""Major and Prime reached no discriminative chief criterion; the original trajectory is preserved by economy of intervention. In OPEN this is a presumption to preserve, not proof that the permuted realization is contextually inferior."", ""unresolved_profile"": {""total_state_count"": 6, ""unknown_state_count"": 1, ""unknown_state_ratio"": 0.16666666666666666, ""unknown_state_occurrence_indices"": [2], ""unknown_runs"": [{""start_state_occurrence_index"": 2, ""end_state_occurrence_index"": 2, ""length"": 1}], ""fully_unresolved"": false}}",1102.1428999956697,67814.15660004131,5.1565999165177345,68921.57000000589,False,False
stress-partial-unknown-001,LLM_MDPAR,0,es,en,"El motor dejó de responder tras la actualización. wwofniesnfsoi grtzz 441?? Después, el operador restauró la versión anterior y el motor volvió a responder.","The engine stopped responding after the update. wwofniesnfsoi grtzz 441?? Then, the operator restored the previous version, and the engine started responding again.","{""residual_uncertainty"": 0.0, ""structural_compatibility"": null, ""structural_brittleness"": null, ""weakest_legibility"": 1.0, ""legibility_spread"": 0.0, ""cognitive_remembrance"": 1.0, ""structural_mark"": {""uncertainty"": ""MAXIMUM"", ""compatibility"": ""NOT_ESTIMABLE"", ""robustness"": ""NOT_ESTIMABLE"", ""legibility"": ""MAXIMUM"", ""short_label"": ""U:MAX|C:NA|R:NA|L:MAX"", ""fully_estimable"": false}, ""structural_basis"": ""PARTIALLY_ESTIMABLE"", ""state_path"": [""WHAT"", ""WHEN"", ""UNKNOWN"", ""WHEN"", ""HOW"", ""WHAT""], ""transition_path"": [""CHAIN_CONNECTOR"", ""CHAIN_CONNECTOR"", ""INTERPRETIVE_PROJECTION""], ""unknown_state_ratio"": 0.16666666666666666}","{""residual_uncertainty"": {""canonical"": 0.0, ""observed"": 0.0, ""comparable"": true, ""absolute_difference"": 0.0}, ""structural_compatibility"": {""canonical"": null, ""observed"": null, ""comparable"": false, ""absolute_difference"": null}, ""structural_brittleness"": {""canonical"": null, ""observed"": null, ""comparable"": false, ""absolute_difference"": null}, ""weakest_legibility"": {""canonical"": 1.0, ""observed"": 1.0, ""comparable"": true, ""absolute_difference"": 0.0}, ""legibility_spread"": {""canonical"": 0.0, ""observed"": 0.0, ""comparable"": true, ""absolute_difference"": 0.0}, ""cognitive_remembrance"": {""canonical"": 0.8571428571428571, ""observed"": 1.0, ""comparable"": true, ""absolute_difference"": 0.1428571428571429}, ""unknown_state_ratio"": {""canonical"": 0.16666666666666666, ""observed"": 0.16666666666666666, ""comparable"": true, ""absolute_difference"": 0.0}, ""structural_mark_preserved"": true, ""structural_basis_preserved"": true, ""state_path_preserved"": true, ""transition_path_preserved"": true}","{""state_sequence"": [""WHAT"", ""WHEN"", ""UNKNOWN"", ""WHEN"", ""HOW"", ""WHAT""], ""relation_sequence"": [""WHAT|CHAIN_CONNECTOR|WHEN|EXPLICIT"", ""WHEN|CHAIN_CONNECTOR|HOW|EXPLICIT"", ""HOW|INTERPRETIVE_PROJECTION|WHAT|EXPLICIT""], ""trajectory_boundaries"": [1, 5], ""trajectory_ranges"": [{""start_state_occurrence_index"": 0, ""end_state_occurrence_index"": 1}, {""start_state_occurrence_index"": 3, ""end_state_occurrence_index"": 5}], ""relation_occurrences"": [{""from_state_occurrence_index"": 0, ""to_state_occurrence_index"": 1}, {""from_state_occurrence_index"": 3, ""to_state_occurrence_index"": 4}, {""from_state_occurrence_index"": 4, ""to_state_occurrence_index"": 5}]}","{""permutation_disposition"": ""FUTURE_FORWARD_FIX"", ""permutation_narrative"": ""Major and Prime reached no discriminative chief criterion; the original trajectory is preserved by economy of intervention. In OPEN this is a presumption to preserve, not proof that the permuted realization is contextually inferior."", ""unresolved_profile"": {""total_state_count"": 6, ""unknown_state_count"": 1, ""unknown_state_ratio"": 0.16666666666666666, ""unknown_state_occurrence_indices"": [2], ""unknown_runs"": [{""start_state_occurrence_index"": 2, ""end_state_occurrence_index"": 2, ""length"": 1}], ""fully_unresolved"": false}}",1909.017999889329,38399.76119995117,4.414599854499102,40313.325699884444,False,False
stress-full-unknown-001,LLM_ONLY,0,und,en,wwofniesnfsoi grtzz qplm 441?? zxxv,wwofniesnfsoi grtzz qplm 441?? zxxv,"{""residual_uncertainty"": 1.0, ""structural_compatibility"": null, ""structural_brittleness"": null, ""weakest_legibility"": null, ""legibility_spread"": null, ""cognitive_remembrance"": null, ""structural_mark"": {""uncertainty"": ""MINIMUM"", ""compatibility"": ""NOT_ESTIMABLE"", ""robustness"": ""NOT_ESTIMABLE"", ""legibility"": ""NOT_ESTIMABLE"", ""short_label"": ""U:MIN|C:NA|R:NA|L:NA"", ""fully_estimable"": false}, ""structural_basis"": ""PARTIALLY_ESTIMABLE"", ""state_path"": [""UNKNOWN""], ""transition_path"": [], ""unknown_state_ratio"": 1.0}","{""residual_uncertainty"": {""canonical"": 1.0, ""observed"": 1.0, ""comparable"": true, ""absolute_difference"": 0.0}, ""structural_compatibility"": {""canonical"": null, ""observed"": null, ""comparable"": false, ""absolute_difference"": null}, ""structural_brittleness"": {""canonical"": null, ""observed"": null, ""comparable"": false, ""absolute_difference"": null}, ""weakest_legibility"": {""canonical"": null, ""observed"": null, ""comparable"": false, ""absolute_difference"": null}, ""legibility_spread"": {""canonical"": null, ""observed"": null, ""comparable"": false, ""absolute_difference"": null}, ""cognitive_remembrance"": {""canonical"": null, ""observed"": null, ""comparable"": false, ""absolute_difference"": null}, ""unknown_state_ratio"": {""canonical"": 1.0, ""observed"": 1.0, ""comparable"": true, ""absolute_difference"": 0.0}, ""structural_mark_preserved"": true, ""structural_basis_preserved"": true, ""state_path_preserved"": true, ""transition_path_preserved"": true}","{""state_sequence"": [""UNKNOWN""], ""relation_sequence"": [], ""trajectory_boundaries"": [], ""trajectory_ranges"": [], ""relation_occurrences"": []}","{""permutation_disposition"": null, ""permutation_narrative"": ""No permutation experiment exists because no positive SCC trajectory was identified."", ""unresolved_profile"": {""total_state_count"": 1, ""unknown_state_count"": 1, ""unknown_state_ratio"": 1.0, ""unknown_state_occurrence_indices"": [0], ""unknown_runs"": [{""start_state_occurrence_index"": 0, ""end_state_occurrence_index"": 0, ""length"": 1}], ""fully_unresolved"": true}}",1851.2457001488656,4223.210699856281,1.0008001700043678,6075.56359982118,False,True
stress-full-unknown-001,LLM_ONLY,1,en,de,wwofniesnfsoi grtzz qplm 441?? zxxv,wwofniesnfsoi grtzz qplm 441?? zxxv,"{""residual_uncertainty"": 1.0, ""structural_compatibility"": null, ""structural_brittleness"": null, ""weakest_legibility"": null, ""legibility_spread"": null, ""cognitive_remembrance"": null, ""structural_mark"": {""uncertainty"": ""MINIMUM"", ""compatibility"": ""NOT_ESTIMABLE"", ""robustness"": ""NOT_ESTIMABLE"", ""legibility"": ""NOT_ESTIMABLE"", ""short_label"": ""U:MIN|C:NA|R:NA|L:NA"", ""fully_estimable"": false}, ""structural_basis"": ""PARTIALLY_ESTIMABLE"", ""state_path"": [""UNKNOWN""], ""transition_path"": [], ""unknown_state_ratio"": 1.0}","{""residual_uncertainty"": {""canonical"": 1.0, ""observed"": 1.0, ""comparable"": true, ""absolute_difference"": 0.0}, ""structural_compatibility"": {""canonical"": null, ""observed"": null, ""comparable"": false, ""absolute_difference"": null}, ""structural_brittleness"": {""canonical"": null, ""observed"": null, ""comparable"": false, ""absolute_difference"": null}, ""weakest_legibility"": {""canonical"": null, ""observed"": null, ""comparable"": false, ""absolute_difference"": null}, ""legibility_spread"": {""canonical"": null, ""observed"": null, ""comparable"": false, ""absolute_difference"": null}, ""cognitive_remembrance"": {""canonical"": null, ""observed"": null, ""comparable"": false, ""absolute_difference"": null}, ""unknown_state_ratio"": {""canonical"": 1.0, ""observed"": 1.0, ""comparable"": true, ""absolute_difference"": 0.0}, ""structural_mark_preserved"": true, ""structural_basis_preserved"": true, ""state_path_preserved"": true, ""transition_path_preserved"": true}","{""state_sequence"": [""UNKNOWN""], ""relation_sequence"": [], ""trajectory_boundaries"": [], ""trajectory_ranges"": [], ""relation_occurrences"": []}","{""permutation_disposition"": null, ""permutation_narrative"": ""No permutation experiment exists because no positive SCC trajectory was identified."", ""unresolved_profile"": {""total_state_count"": 1, ""unknown_state_count"": 1, ""unknown_state_ratio"": 1.0, ""unknown_state_occurrence_indices"": [0], ""unknown_runs"": [{""start_state_occurrence_index"": 0, ""end_state_occurrence_index"": 0, ""length"": 1}], ""fully_unresolved"": true}}",1278.25770014897,3380.0185001455247,0.7690000347793102,4659.13340006955,False,True
stress-full-unknown-001,LLM_ONLY,2,de,ja,wwofniesnfsoi grtzz qplm 441?? zxxv,wwofniesnfsoi grtzz qplm 441?? zxxv,"{""residual_uncertainty"": 1.0, ""structural_compatibility"": null, ""structural_brittleness"": null, ""weakest_legibility"": null, ""legibility_spread"": null, ""cognitive_remembrance"": null, ""structural_mark"": {""uncertainty"": ""MINIMUM"", ""compatibility"": ""NOT_ESTIMABLE"", ""robustness"": ""NOT_ESTIMABLE"", ""legibility"": ""NOT_ESTIMABLE"", ""short_label"": ""U:MIN|C:NA|R:NA|L:NA"", ""fully_estimable"": false}, ""structural_basis"": ""PARTIALLY_ESTIMABLE"", ""state_path"": [""UNKNOWN""], ""transition_path"": [], ""unknown_state_ratio"": 1.0}","{""residual_uncertainty"": {""canonical"": 1.0, ""observed"": 1.0, ""comparable"": true, ""absolute_difference"": 0.0}, ""structural_compatibility"": {""canonical"": null, ""observed"": null, ""comparable"": false, ""absolute_difference"": null}, ""structural_brittleness"": {""canonical"": null, ""observed"": null, ""comparable"": false, ""absolute_difference"": null}, ""weakest_legibility"": {""canonical"": null, ""observed"": null, ""comparable"": false, ""absolute_difference"": null}, ""legibility_spread"": {""canonical"": null, ""observed"": null, ""comparable"": false, ""absolute_difference"": null}, ""cognitive_remembrance"": {""canonical"": null, ""observed"": null, ""comparable"": false, ""absolute_difference"": null}, ""unknown_state_ratio"": {""canonical"": 1.0, ""observed"": 1.0, ""comparable"": true, ""absolute_difference"": 0.0}, ""structural_mark_preserved"": true, ""structural_basis_preserved"": true, ""state_path_preserved"": true, ""transition_path_preserved"": true}","{""state_sequence"": [""UNKNOWN""], ""relation_sequence"": [], ""trajectory_boundaries"": [], ""trajectory_ranges"": [], ""relation_occurrences"": []}","{""permutation_disposition"": null, ""permutation_narrative"": ""No permutation experiment exists because no positive SCC trajectory was identified."", ""unresolved_profile"": {""total_state_count"": 1, ""unknown_state_count"": 1, ""unknown_state_ratio"": 1.0, ""unknown_state_occurrence_indices"": [0], ""unknown_runs"": [{""start_state_occurrence_index"": 0, ""end_state_occurrence_index"": 0, ""length"": 1}], ""fully_unresolved"": true}}",1552.9982999432832,3693.536000093445,1.042800024151802,5247.680299915373,False,True
stress-full-unknown-001,LLM_ONLY,3,ja,es,wwofniesnfsoi grtzz qplm 441?? zxxv,wwofniesnfsoi grtzz qplm 441?? zxxv,"{""residual_uncertainty"": 1.0, ""structural_compatibility"": null, ""structural_brittleness"": null, ""weakest_legibility"": null, ""legibility_spread"": null, ""cognitive_remembrance"": null, ""structural_mark"": {""uncertainty"": ""MINIMUM"", ""compatibility"": ""NOT_ESTIMABLE"", ""robustness"": ""NOT_ESTIMABLE"", ""legibility"": ""NOT_ESTIMABLE"", ""short_label"": ""U:MIN|C:NA|R:NA|L:NA"", ""fully_estimable"": false}, ""structural_basis"": ""PARTIALLY_ESTIMABLE"", ""state_path"": [""UNKNOWN""], ""transition_path"": [], ""unknown_state_ratio"": 1.0}","{""residual_uncertainty"": {""canonical"": 1.0, ""observed"": 1.0, ""comparable"": true, ""absolute_difference"": 0.0}, ""structural_compatibility"": {""canonical"": null, ""observed"": null, ""comparable"": false, ""absolute_difference"": null}, ""structural_brittleness"": {""canonical"": null, ""observed"": null, ""comparable"": false, ""absolute_difference"": null}, ""weakest_legibility"": {""canonical"": null, ""observed"": null, ""comparable"": false, ""absolute_difference"": null}, ""legibility_spread"": {""canonical"": null, ""observed"": null, ""comparable"": false, ""absolute_difference"": null}, ""cognitive_remembrance"": {""canonical"": null, ""observed"": null, ""comparable"": false, ""absolute_difference"": null}, ""unknown_state_ratio"": {""canonical"": 1.0, ""observed"": 1.0, ""comparable"": true, ""absolute_difference"": 0.0}, ""structural_mark_preserved"": true, ""structural_basis_preserved"": true, ""state_path_preserved"": true, ""transition_path_preserved"": true}","{""state_sequence"": [""UNKNOWN""], ""relation_sequence"": [], ""trajectory_boundaries"": [], ""trajectory_ranges"": [], ""relation_occurrences"": []}","{""permutation_disposition"": null, ""permutation_narrative"": ""No permutation experiment exists because no positive SCC trajectory was identified."", ""unresolved_profile"": {""total_state_count"": 1, ""unknown_state_count"": 1, ""unknown_state_ratio"": 1.0, ""unknown_state_occurrence_indices"": [0], ""unknown_runs"": [{""start_state_occurrence_index"": 0, ""end_state_occurrence_index"": 0, ""length"": 1}], ""fully_unresolved"": true}}",1095.7413997966796,4177.884600125253,0.939300050958991,5274.729099823162,False,True
stress-full-unknown-001,LLM_MDPAR,0,und,en,wwofniesnfsoi grtzz qplm 441?? zxxv,wwofniesnfsoi grtzz qplm 441?? zxxv,"{""residual_uncertainty"": 1.0, ""structural_compatibility"": null, ""structural_brittleness"": null, ""weakest_legibility"": null, ""legibility_spread"": null, ""cognitive_remembrance"": null, ""structural_mark"": {""uncertainty"": ""MINIMUM"", ""compatibility"": ""NOT_ESTIMABLE"", ""robustness"": ""NOT_ESTIMABLE"", ""legibility"": ""NOT_ESTIMABLE"", ""short_label"": ""U:MIN|C:NA|R:NA|L:NA"", ""fully_estimable"": false}, ""structural_basis"": ""PARTIALLY_ESTIMABLE"", ""state_path"": [""UNKNOWN""], ""transition_path"": [], ""unknown_state_ratio"": 1.0}","{""residual_uncertainty"": {""canonical"": 1.0, ""observed"": 1.0, ""comparable"": true, ""absolute_difference"": 0.0}, ""structural_compatibility"": {""canonical"": null, ""observed"": null, ""comparable"": false, ""absolute_difference"": null}, ""structural_brittleness"": {""canonical"": null, ""observed"": null, ""comparable"": false, ""absolute_difference"": null}, ""weakest_legibility"": {""canonical"": null, ""observed"": null, ""comparable"": false, ""absolute_difference"": null}, ""legibility_spread"": {""canonical"": null, ""observed"": null, ""comparable"": false, ""absolute_difference"": null}, ""cognitive_remembrance"": {""canonical"": null, ""observed"": null, ""comparable"": false, ""absolute_difference"": null}, ""unknown_state_ratio"": {""canonical"": 1.0, ""observed"": 1.0, ""comparable"": true, ""absolute_difference"": 0.0}, ""structural_mark_preserved"": true, ""structural_basis_preserved"": true, ""state_path_preserved"": true, ""transition_path_preserved"": true}","{""state_sequence"": [""UNKNOWN""], ""relation_sequence"": [], ""trajectory_boundaries"": [], ""trajectory_ranges"": [], ""relation_occurrences"": []}","{""permutation_disposition"": null, ""permutation_narrative"": ""No permutation experiment exists because no positive SCC trajectory was identified."", ""unresolved_profile"": {""total_state_count"": 1, ""unknown_state_count"": 1, ""unknown_state_ratio"": 1.0, ""unknown_state_occurrence_indices"": [0], ""unknown_runs"": [{""start_state_occurrence_index"": 0, ""end_state_occurrence_index"": 0, ""length"": 1}], ""fully_unresolved"": true}}",1062.6095000188798,5681.01210007444,1.0337000712752342,6744.827699847519,False,True
stress-full-unknown-001,LLM_MDPAR,1,en,de,wwofniesnfsoi grtzz qplm 441?? zxxv,wwofniesnfsoi grtzz qplm 441?? zxxv,"{""residual_uncertainty"": 1.0, ""structural_compatibility"": null, ""structural_brittleness"": null, ""weakest_legibility"": null, ""legibility_spread"": null, ""cognitive_remembrance"": null, ""structural_mark"": {""uncertainty"": ""MINIMUM"", ""compatibility"": ""NOT_ESTIMABLE"", ""robustness"": ""NOT_ESTIMABLE"", ""legibility"": ""NOT_ESTIMABLE"", ""short_label"": ""U:MIN|C:NA|R:NA|L:NA"", ""fully_estimable"": false}, ""structural_basis"": ""PARTIALLY_ESTIMABLE"", ""state_path"": [""UNKNOWN""], ""transition_path"": [], ""unknown_state_ratio"": 1.0}","{""residual_uncertainty"": {""canonical"": 1.0, ""observed"": 1.0, ""comparable"": true, ""absolute_difference"": 0.0}, ""structural_compatibility"": {""canonical"": null, ""observed"": null, ""comparable"": false, ""absolute_difference"": null}, ""structural_brittleness"": {""canonical"": null, ""observed"": null, ""comparable"": false, ""absolute_difference"": null}, ""weakest_legibility"": {""canonical"": null, ""observed"": null, ""comparable"": false, ""absolute_difference"": null}, ""legibility_spread"": {""canonical"": null, ""observed"": null, ""comparable"": false, ""absolute_difference"": null}, ""cognitive_remembrance"": {""canonical"": null, ""observed"": null, ""comparable"": false, ""absolute_difference"": null}, ""unknown_state_ratio"": {""canonical"": 1.0, ""observed"": 1.0, ""comparable"": true, ""absolute_difference"": 0.0}, ""structural_mark_preserved"": true, ""structural_basis_preserved"": true, ""state_path_preserved"": true, ""transition_path_preserved"": true}","{""state_sequence"": [""UNKNOWN""], ""relation_sequence"": [], ""trajectory_boundaries"": [], ""trajectory_ranges"": [], ""relation_occurrences"": []}","{""permutation_disposition"": null, ""permutation_narrative"": ""No permutation experiment exists because no positive SCC trajectory was identified."", ""unresolved_profile"": {""total_state_count"": 1, ""unknown_state_count"": 1, ""unknown_state_ratio"": 1.0, ""unknown_state_occurrence_indices"": [0], ""unknown_runs"": [{""start_state_occurrence_index"": 0, ""end_state_occurrence_index"": 0, ""length"": 1}], ""fully_unresolved"": true}}",2150.700999889523,4331.699500093237,0.9459999855607748,6483.483799966052,False,True
stress-full-unknown-001,LLM_MDPAR,2,de,ja,wwofniesnfsoi grtzz qplm 441?? zxxv,wwofniesnfsoi grtzz qplm 441?? zxxv,"{""residual_uncertainty"": 1.0, ""structural_compatibility"": null, ""structural_brittleness"": null, ""weakest_legibility"": null, ""legibility_spread"": null, ""cognitive_remembrance"": null, ""structural_mark"": {""uncertainty"": ""MINIMUM"", ""compatibility"": ""NOT_ESTIMABLE"", ""robustness"": ""NOT_ESTIMABLE"", ""legibility"": ""NOT_ESTIMABLE"", ""short_label"": ""U:MIN|C:NA|R:NA|L:NA"", ""fully_estimable"": false}, ""structural_basis"": ""PARTIALLY_ESTIMABLE"", ""state_path"": [""UNKNOWN""], ""transition_path"": [], ""unknown_state_ratio"": 1.0}","{""residual_uncertainty"": {""canonical"": 1.0, ""observed"": 1.0, ""comparable"": true, ""absolute_difference"": 0.0}, ""structural_compatibility"": {""canonical"": null, ""observed"": null, ""comparable"": false, ""absolute_difference"": null}, ""structural_brittleness"": {""canonical"": null, ""observed"": null, ""comparable"": false, ""absolute_difference"": null}, ""weakest_legibility"": {""canonical"": null, ""observed"": null, ""comparable"": false, ""absolute_difference"": null}, ""legibility_spread"": {""canonical"": null, ""observed"": null, ""comparable"": false, ""absolute_difference"": null}, ""cognitive_remembrance"": {""canonical"": null, ""observed"": null, ""comparable"": false, ""absolute_difference"": null}, ""unknown_state_ratio"": {""canonical"": 1.0, ""observed"": 1.0, ""comparable"": true, ""absolute_difference"": 0.0}, ""structural_mark_preserved"": true, ""structural_basis_preserved"": true, ""state_path_preserved"": true, ""transition_path_preserved"": true}","{""state_sequence"": [""UNKNOWN""], ""relation_sequence"": [], ""trajectory_boundaries"": [], ""trajectory_ranges"": [], ""relation_occurrences"": []}","{""permutation_disposition"": null, ""permutation_narrative"": ""No permutation experiment exists because no positive SCC trajectory was identified."", ""unresolved_profile"": {""total_state_count"": 1, ""unknown_state_count"": 1, ""unknown_state_ratio"": 1.0, ""unknown_state_occurrence_indices"": [0], ""unknown_runs"": [{""start_state_occurrence_index"": 0, ""end_state_occurrence_index"": 0, ""length"": 1}], ""fully_unresolved"": true}}",1274.6182000264525,4206.286600092426,0.6731001194566488,5481.646500062197,False,True
stress-full-unknown-001,LLM_MDPAR,3,ja,es,wwofniesnfsoi grtzz qplm 441?? zxxv,wwofniesnfsoi grtzz qplm 441?? zxxv,"{""residual_uncertainty"": 1.0, ""structural_compatibility"": null, ""structural_brittleness"": null, ""weakest_legibility"": null, ""legibility_spread"": null, ""cognitive_remembrance"": null, ""structural_mark"": {""uncertainty"": ""MINIMUM"", ""compatibility"": ""NOT_ESTIMABLE"", ""robustness"": ""NOT_ESTIMABLE"", ""legibility"": ""NOT_ESTIMABLE"", ""short_label"": ""U:MIN|C:NA|R:NA|L:NA"", ""fully_estimable"": false}, ""structural_basis"": ""PARTIALLY_ESTIMABLE"", ""state_path"": [""UNKNOWN""], ""transition_path"": [], ""unknown_state_ratio"": 1.0}","{""residual_uncertainty"": {""canonical"": 1.0, ""observed"": 1.0, ""comparable"": true, ""absolute_difference"": 0.0}, ""structural_compatibility"": {""canonical"": null, ""observed"": null, ""comparable"": false, ""absolute_difference"": null}, ""structural_brittleness"": {""canonical"": null, ""observed"": null, ""comparable"": false, ""absolute_difference"": null}, ""weakest_legibility"": {""canonical"": null, ""observed"": null, ""comparable"": false, ""absolute_difference"": null}, ""legibility_spread"": {""canonical"": null, ""observed"": null, ""comparable"": false, ""absolute_difference"": null}, ""cognitive_remembrance"": {""canonical"": null, ""observed"": null, ""comparable"": false, ""absolute_difference"": null}, ""unknown_state_ratio"": {""canonical"": 1.0, ""observed"": 1.0, ""comparable"": true, ""absolute_difference"": 0.0}, ""structural_mark_preserved"": true, ""structural_basis_preserved"": true, ""state_path_preserved"": true, ""transition_path_preserved"": true}","{""state_sequence"": [""UNKNOWN""], ""relation_sequence"": [], ""trajectory_boundaries"": [], ""trajectory_ranges"": [], ""relation_occurrences"": []}","{""permutation_disposition"": null, ""permutation_narrative"": ""No permutation experiment exists because no positive SCC trajectory was identified."", ""unresolved_profile"": {""total_state_count"": 1, ""unknown_state_count"": 1, ""unknown_state_ratio"": 1.0, ""unknown_state_occurrence_indices"": [0], ""unknown_runs"": [{""start_state_occurrence_index"": 0, ""end_state_occurrence_index"": 0, ""length"": 1}], ""fully_unresolved"": true}}",1478.4458000212908,4228.834900073707,1.0246001183986664,5708.452799823135,False,True
stress-quantifiers-001,LLM_MDPAR,0,es,en,"Cada auditor revisó al menos un expediente, pero ningún auditor revisó todos los expedientes y exactamente un expediente fue revisado por todos los auditores.","Every auditor reviewed at least one file, but no auditor reviewed all the files, and exactly one file was reviewed by all the auditors.","{""residual_uncertainty"": 0.0, ""structural_compatibility"": null, ""structural_brittleness"": null, ""weakest_legibility"": 1.0, ""legibility_spread"": 0.0, ""cognitive_remembrance"": 1.0, ""structural_mark"": {""uncertainty"": ""MAXIMUM"", ""compatibility"": ""NOT_ESTIMABLE"", ""robustness"": ""NOT_ESTIMABLE"", ""legibility"": ""MAXIMUM"", ""short_label"": ""U:MAX|C:NA|R:NA|L:MAX"", ""fully_estimable"": false}, ""structural_basis"": ""PARTIALLY_ESTIMABLE"", ""state_path"": [""HOW_MUCH"", ""HOW_MUCH"", ""HOW_MUCH""], ""transition_path"": [""CHAIN_CONNECTOR"", ""CHAIN_CONNECTOR""], ""unknown_state_ratio"": 0.0}","{""residual_uncertainty"": {""canonical"": 0.0, ""observed"": 0.0, ""comparable"": true, ""absolute_difference"": 0.0}, ""structural_compatibility"": {""canonical"": null, ""observed"": null, ""comparable"": false, ""absolute_difference"": null}, ""structural_brittleness"": {""canonical"": null, ""observed"": null, ""comparable"": false, ""absolute_difference"": null}, ""weakest_legibility"": {""canonical"": 1.0, ""observed"": 1.0, ""comparable"": true, ""absolute_difference"": 0.0}, ""legibility_spread"": {""canonical"": 0.0, ""observed"": 0.0, ""comparable"": true, ""absolute_difference"": 0.0}, ""cognitive_remembrance"": {""canonical"": 0.8571428571428571, ""observed"": 1.0, ""comparable"": true, ""absolute_difference"": 0.1428571428571429}, ""unknown_state_ratio"": {""canonical"": 0.0, ""observed"": 0.0, ""comparable"": true, ""absolute_difference"": 0.0}, ""structural_mark_preserved"": true, ""structural_basis_preserved"": true, ""state_path_preserved"": false, ""transition_path_preserved"": false}","{""state_sequence"": [""HOW_MUCH"", ""HOW_MUCH"", ""HOW_MUCH""], ""relation_sequence"": [""HOW_MUCH|CHAIN_CONNECTOR|HOW_MUCH|EXPLICIT"", ""HOW_MUCH|CHAIN_CONNECTOR|HOW_MUCH|EXPLICIT""], ""trajectory_boundaries"": [2], ""trajectory_ranges"": [{""start_state_occurrence_index"": 0, ""end_state_occurrence_index"": 2}], ""relation_occurrences"": [{""from_state_occurrence_index"": 0, ""to_state_occurrence_index"": 1}, {""from_state_occurrence_index"": 1, ""to_state_occurrence_index"": 2}]}","{""permutation_disposition"": ""FUTURE_FORWARD_FIX"", ""permutation_narrative"": ""Major and Prime reached no discriminative chief criterion; the original trajectory is preserved by economy of intervention. In OPEN this is a presumption to preserve, not proof that the permuted realization is contextually inferior."", ""unresolved_profile"": {""total_state_count"": 3, ""unknown_state_count"": 0, ""unknown_state_ratio"": 0.0, ""unknown_state_occurrence_indices"": [], ""unknown_runs"": [], ""fully_unresolved"": false}}",2381.147800013423,38348.03030011244,2.287900075316429,40731.61990009248,False,False
stress-quantifiers-001,LLM_MDPAR,1,en,de,"Every auditor reviewed at least one file, but no auditor reviewed all the files, and exactly one file was reviewed by all the auditors.","Jeder Prüfer prüfte mindestens eine Akte, aber kein Prüfer prüfte alle Akten, und genau eine Akte wurde von allen Prüfern geprüft.","{""residual_uncertainty"": 0.0, ""structural_compatibility"": null, ""structural_brittleness"": null, ""weakest_legibility"": 1.0, ""legibility_spread"": 0.0, ""cognitive_remembrance"": 1.0, ""structural_mark"": {""uncertainty"": ""MAXIMUM"", ""compatibility"": ""NOT_ESTIMABLE"", ""robustness"": ""NOT_ESTIMABLE"", ""legibility"": ""MAXIMUM"", ""short_label"": ""U:MAX|C:NA|R:NA|L:MAX"", ""fully_estimable"": false}, ""structural_basis"": ""PARTIALLY_ESTIMABLE"", ""state_path"": [""HOW_MUCH"", ""HOW_MUCH"", ""HOW_MUCH""], ""transition_path"": [""CHAIN_CONNECTOR"", ""CHAIN_CONNECTOR""], ""unknown_state_ratio"": 0.0}","{""residual_uncertainty"": {""canonical"": 0.0, ""observed"": 0.0, ""comparable"": true, ""absolute_difference"": 0.0}, ""structural_compatibility"": {""canonical"": null, ""observed"": null, ""comparable"": false, ""absolute_difference"": null}, ""structural_brittleness"": {""canonical"": null, ""observed"": null, ""comparable"": false, ""absolute_difference"": null}, ""weakest_legibility"": {""canonical"": 1.0, ""observed"": 1.0, ""comparable"": true, ""absolute_difference"": 0.0}, ""legibility_spread"": {""canonical"": 0.0, ""observed"": 0.0, ""comparable"": true, ""absolute_difference"": 0.0}, ""cognitive_remembrance"": {""canonical"": 0.8571428571428571, ""observed"": 1.0, ""comparable"": true, ""absolute_difference"": 0.1428571428571429}, ""unknown_state_ratio"": {""canonical"": 0.0, ""observed"": 0.0, ""comparable"": true, ""absolute_difference"": 0.0}, ""structural_mark_preserved"": true, ""structural_basis_preserved"": true, ""state_path_preserved"": false, ""transition_path_preserved"": false}","{""state_sequence"": [""HOW_MUCH"", ""HOW_MUCH"", ""HOW_MUCH""], ""relation_sequence"": [""HOW_MUCH|CHAIN_CONNECTOR|HOW_MUCH|EXPLICIT"", ""HOW_MUCH|CHAIN_CONNECTOR|HOW_MUCH|EXPLICIT""], ""trajectory_boundaries"": [2], ""trajectory_ranges"": [{""start_state_occurrence_index"": 0, ""end_state_occurrence_index"": 2}], ""relation_occurrences"": [{""from_state_occurrence_index"": 0, ""to_state_occurrence_index"": 1}, {""from_state_occurrence_index"": 1, ""to_state_occurrence_index"": 2}]}","{""permutation_disposition"": ""FUTURE_FORWARD_FIX"", ""permutation_narrative"": ""Major and Prime reached no discriminative chief criterion; the original trajectory is preserved by economy of intervention. In OPEN this is a presumption to preserve, not proof that the permuted realization is contextually inferior."", ""unresolved_profile"": {""total_state_count"": 3, ""unknown_state_count"": 0, ""unknown_state_ratio"": 0.0, ""unknown_state_occurrence_indices"": [], ""unknown_runs"": [], ""fully_unresolved"": false}}",1496.87509983778,28902.64269988984,3.2522999681532383,30402.9384998139,False,False
stress-quantifiers-001,LLM_MDPAR,2,de,ja,"Jeder Prüfer prüfte mindestens eine Akte, aber kein Prüfer prüfte alle Akten, und genau eine Akte wurde von allen Prüfern geprüft.",すべての監査人は少なくとも1件の文書を調査したが、すべての文書を調査した監査人はおらず、ちょうど1件の文書がすべての監査人によって調査された。,"{""residual_uncertainty"": 0.0, ""structural_compatibility"": null, ""structural_brittleness"": null, ""weakest_legibility"": 1.0, ""legibility_spread"": 0.0, ""cognitive_remembrance"": 1.0, ""structural_mark"": {""uncertainty"": ""MAXIMUM"", ""compatibility"": ""NOT_ESTIMABLE"", ""robustness"": ""NOT_ESTIMABLE"", ""legibility"": ""MAXIMUM"", ""short_label"": ""U:MAX|C:NA|R:NA|L:MAX"", ""fully_estimable"": false}, ""structural_basis"": ""PARTIALLY_ESTIMABLE"", ""state_path"": [""HOW_MUCH"", ""HOW_MUCH"", ""WHAT"", ""HOW_MUCH"", ""WHAT"", ""HOW_MUCH"", ""HOW_MUCH"", ""HOW_MUCH"", ""WHAT""], ""transition_path"": [""CHAIN_CONNECTOR"", ""CHAIN_CONNECTOR"", ""CHAIN_CONNECTOR"", ""CHAIN_CONNECTOR"", ""CHAIN_CONNECTOR"", ""CHAIN_CONNECTOR"", ""CHAIN_CONNECTOR"", ""CHAIN_CONNECTOR""], ""unknown_state_ratio"": 0.0}","{""residual_uncertainty"": {""canonical"": 0.0, ""observed"": 0.0, ""comparable"": true, ""absolute_difference"": 0.0}, ""structural_compatibility"": {""canonical"": null, ""observed"": null, ""comparable"": false, ""absolute_difference"": null}, ""structural_brittleness"": {""canonical"": null, ""observed"": null, ""comparable"": false, ""absolute_difference"": null}, ""weakest_legibility"": {""canonical"": 1.0, ""observed"": 1.0, ""comparable"": true, ""absolute_difference"": 0.0}, ""legibility_spread"": {""canonical"": 0.0, ""observed"": 0.0, ""comparable"": true, ""absolute_difference"": 0.0}, ""cognitive_remembrance"": {""canonical"": 0.8571428571428571, ""observed"": 1.0, ""comparable"": true, ""absolute_difference"": 0.1428571428571429}, ""unknown_state_ratio"": {""canonical"": 0.0, ""observed"": 0.0, ""comparable"": true, ""absolute_difference"": 0.0}, ""structural_mark_preserved"": true, ""structural_basis_preserved"": true, ""state_path_preserved"": false, ""transition_path_preserved"": true}","{""state_sequence"": [""HOW_MUCH"", ""HOW_MUCH"", ""WHAT"", ""HOW_MUCH"", ""WHAT"", ""HOW_MUCH"", ""HOW_MUCH"", ""HOW_MUCH"", ""WHAT""], ""relation_sequence"": [""HOW_MUCH|CHAIN_CONNECTOR|HOW_MUCH|EXPLICIT"", ""HOW_MUCH|CHAIN_CONNECTOR|WHAT|EXPLICIT"", ""WHAT|CHAIN_CONNECTOR|HOW_MUCH|EXPLICIT"", ""HOW_MUCH|CHAIN_CONNECTOR|WHAT|EXPLICIT"", ""WHAT|CHAIN_CONNECTOR|HOW_MUCH|EXPLICIT"", ""HOW_MUCH|CHAIN_CONNECTOR|HOW_MUCH|EXPLICIT"", ""HOW_MUCH|CHAIN_CONNECTOR|HOW_MUCH|EXPLICIT"", ""HOW_MUCH|CHAIN_CONNECTOR|WHAT|EXPLICIT""], ""trajectory_boundaries"": [8], ""trajectory_ranges"": [{""start_state_occurrence_index"": 0, ""end_state_occurrence_index"": 8}], ""relation_occurrences"": [{""from_state_occurrence_index"": 0, ""to_state_occurrence_index"": 1}, {""from_state_occurrence_index"": 1, ""to_state_occurrence_index"": 2}, {""from_state_occurrence_index"": 2, ""to_state_occurrence_index"": 3}, {""from_state_occurrence_index"": 3, ""to_state_occurrence_index"": 4}, {""from_state_occurrence_index"": 4, ""to_state_occurrence_index"": 5}, {""from_state_occurrence_index"": 5, ""to_state_occurrence_index"": 6}, {""from_state_occurrence_index"": 6, ""to_state_occurrence_index"": 7}, {""from_state_occurrence_index"": 7, ""to_state_occurrence_index"": 8}]}","{""permutation_disposition"": ""FUTURE_FORWARD_FIX"", ""permutation_narrative"": ""Major and Prime reached no discriminative chief criterion; the original trajectory is preserved by economy of intervention. In OPEN this is a presumption to preserve, not proof that the permuted realization is contextually inferior."", ""unresolved_profile"": {""total_state_count"": 9, ""unknown_state_count"": 0, ""unknown_state_ratio"": 0.0, ""unknown_state_occurrence_indices"": [], ""unknown_runs"": [], ""fully_unresolved"": false}}",1951.4065999537706,63573.95870005712,4.726900020614266,65530.28659988195,False,False
stress-quantifiers-001,LLM_MDPAR,3,ja,fi,すべての監査人は少なくとも1件の文書を調査したが、すべての文書を調査した監査人はおらず、ちょうど1件の文書がすべての監査人によって調査された。,"Jokainen tilintarkastaja tarkasti vähintään yhden asiakirjan, mutta yksikään tilintarkastaja ei tarkastanut kaikkia asiakirjoja, ja tasan yksi asiakirja oli kaikkien tilintarkastajien tarkastama.","{""residual_uncertainty"": 0.0, ""structural_compatibility"": null, ""structural_brittleness"": null, ""weakest_legibility"": 1.0, ""legibility_spread"": 0.0, ""cognitive_remembrance"": 1.0, ""structural_mark"": {""uncertainty"": ""MAXIMUM"", ""compatibility"": ""NOT_ESTIMABLE"", ""robustness"": ""NOT_ESTIMABLE"", ""legibility"": ""MAXIMUM"", ""short_label"": ""U:MAX|C:NA|R:NA|L:MAX"", ""fully_estimable"": false}, ""structural_basis"": ""PARTIALLY_ESTIMABLE"", ""state_path"": [""HOW_MUCH"", ""HOW_MUCH"", ""HOW_MUCH""], ""transition_path"": [""CHAIN_CONNECTOR"", ""CHAIN_CONNECTOR""], ""unknown_state_ratio"": 0.0}","{""residual_uncertainty"": {""canonical"": 0.0, ""observed"": 0.0, ""comparable"": true, ""absolute_difference"": 0.0}, ""structural_compatibility"": {""canonical"": null, ""observed"": null, ""comparable"": false, ""absolute_difference"": null}, ""structural_brittleness"": {""canonical"": null, ""observed"": null, ""comparable"": false, ""absolute_difference"": null}, ""weakest_legibility"": {""canonical"": 1.0, ""observed"": 1.0, ""comparable"": true, ""absolute_difference"": 0.0}, ""legibility_spread"": {""canonical"": 0.0, ""observed"": 0.0, ""comparable"": true, ""absolute_difference"": 0.0}, ""cognitive_remembrance"": {""canonical"": 0.8571428571428571, ""observed"": 1.0, ""comparable"": true, ""absolute_difference"": 0.1428571428571429}, ""unknown_state_ratio"": {""canonical"": 0.0, ""observed"": 0.0, ""comparable"": true, ""absolute_difference"": 0.0}, ""structural_mark_preserved"": true, ""structural_basis_preserved"": true, ""state_path_preserved"": false, ""transition_path_preserved"": false}","{""state_sequence"": [""HOW_MUCH"", ""HOW_MUCH"", ""HOW_MUCH""], ""relation_sequence"": [""HOW_MUCH|CHAIN_CONNECTOR|HOW_MUCH|EXPLICIT"", ""HOW_MUCH|CHAIN_CONNECTOR|HOW_MUCH|EXPLICIT""], ""trajectory_boundaries"": [2], ""trajectory_ranges"": [{""start_state_occurrence_index"": 0, ""end_state_occurrence_index"": 2}], ""relation_occurrences"": [{""from_state_occurrence_index"": 0, ""to_state_occurrence_index"": 1}, {""from_state_occurrence_index"": 1, ""to_state_occurrence_index"": 2}]}","{""permutation_disposition"": ""FUTURE_FORWARD_FIX"", ""permutation_narrative"": ""Major and Prime reached no discriminative chief criterion; the original trajectory is preserved by economy of intervention. In OPEN this is a presumption to preserve, not proof that the permuted realization is contextually inferior."", ""unresolved_profile"": {""total_state_count"": 3, ""unknown_state_count"": 0, ""unknown_state_ratio"": 0.0, ""unknown_state_occurrence_indices"": [], ""unknown_runs"": [], ""fully_unresolved"": false}}",3081.270599970594,66754.67649986967,3.032699925825,69839.08699988388,False,False
stress-same-pair-oscillation-001,LLM_ONLY,0,es,en,"Aunque la ausencia de una firma no demuestra que el documento sea falso, sí impide concluir que sea auténtico mientras no aparezca otra prueba independiente.","Although the absence of a signature does not prove that the document is false, it does prevent concluding that it is authentic unless and until other independent evidence emerges.","{""residual_uncertainty"": 0.0, ""structural_compatibility"": null, ""structural_brittleness"": null, ""weakest_legibility"": 1.0, ""legibility_spread"": 0.0, ""cognitive_remembrance"": 1.0, ""structural_mark"": {""uncertainty"": ""MAXIMUM"", ""compatibility"": ""NOT_ESTIMABLE"", ""robustness"": ""NOT_ESTIMABLE"", ""legibility"": ""MAXIMUM"", ""short_label"": ""U:MAX|C:NA|R:NA|L:MAX"", ""fully_estimable"": false}, ""structural_basis"": ""PARTIALLY_ESTIMABLE"", ""state_path"": [""WHY"", ""WHAT"", ""WHAT"", ""WHEN""], ""transition_path"": [""INTERPRETIVE_PROJECTION"", ""CHAIN_CONNECTOR"", ""CHAIN_CONNECTOR""], ""unknown_state_ratio"": 0.0}","{""residual_uncertainty"": {""canonical"": 0.0, ""observed"": 0.0, ""comparable"": true, ""absolute_difference"": 0.0}, ""structural_compatibility"": {""canonical"": null, ""observed"": null, ""comparable"": false, ""absolute_difference"": null}, ""structural_brittleness"": {""canonical"": null, ""observed"": null, ""comparable"": false, ""absolute_difference"": null}, ""weakest_legibility"": {""canonical"": 1.0, ""observed"": 1.0, ""comparable"": true, ""absolute_difference"": 0.0}, ""legibility_spread"": {""canonical"": 0.0, ""observed"": 0.0, ""comparable"": true, ""absolute_difference"": 0.0}, ""cognitive_remembrance"": {""canonical"": 1.0, ""observed"": 1.0, ""comparable"": true, ""absolute_difference"": 0.0}, ""unknown_state_ratio"": {""canonical"": 0.0, ""observed"": 0.0, ""comparable"": true, ""absolute_difference"": 0.0}, ""structural_mark_preserved"": true, ""structural_basis_preserved"": true, ""state_path_preserved"": false, ""transition_path_preserved"": false}","{""state_sequence"": [""WHY"", ""WHAT"", ""WHAT"", ""WHEN""], ""relation_sequence"": [""WHY|INTERPRETIVE_PROJECTION|WHAT|EXPLICIT"", ""WHAT|CHAIN_CONNECTOR|WHAT|EXPLICIT"", ""WHAT|CHAIN_CONNECTOR|WHEN|EXPLICIT""], ""trajectory_boundaries"": [3], ""trajectory_ranges"": [{""start_state_occurrence_index"": 0, ""end_state_occurrence_index"": 3}], ""relation_occurrences"": [{""from_state_occurrence_index"": 0, ""to_state_occurrence_index"": 1}, {""from_state_occurrence_index"": 1, ""to_state_occurrence_index"": 2}, {""from_state_occurrence_index"": 2, ""to_state_occurrence_index"": 3}]}","{""permutation_disposition"": ""FUTURE_FORWARD_FIX"", ""permutation_narrative"": ""Major and Prime reached no discriminative chief criterion; the original trajectory is preserved by economy of intervention. In OPEN this is a presumption to preserve, not proof that the permuted realization is contextually inferior."", ""unresolved_profile"": {""total_state_count"": 4, ""unknown_state_count"": 0, ""unknown_state_ratio"": 0.0, ""unknown_state_occurrence_indices"": [], ""unknown_runs"": [], ""fully_unresolved"": false}}",1485.0523001514375,55205.211099935696,5.340700037777424,56695.77290001325,False,False
stress-same-pair-oscillation-001,LLM_ONLY,1,en,es,"Although the absence of a signature does not prove that the document is false, it does prevent concluding that it is authentic unless and until other independent evidence emerges.","Aunque la ausencia de una firma no demuestra que el documento sea falso, sí impide concluir que es auténtico a menos que, y hasta que, surjan otras pruebas independientes.","{""residual_uncertainty"": 0.0, ""structural_compatibility"": null, ""structural_brittleness"": null, ""weakest_legibility"": 1.0, ""legibility_spread"": 0.0, ""cognitive_remembrance"": 1.0, ""structural_mark"": {""uncertainty"": ""MAXIMUM"", ""compatibility"": ""NOT_ESTIMABLE"", ""robustness"": ""NOT_ESTIMABLE"", ""legibility"": ""MAXIMUM"", ""short_label"": ""U:MAX|C:NA|R:NA|L:MAX"", ""fully_estimable"": false}, ""structural_basis"": ""PARTIALLY_ESTIMABLE"", ""state_path"": [""WHY"", ""WHAT"", ""WHAT"", ""WHEN""], ""transition_path"": [""INTERPRETIVE_PROJECTION"", ""CHAIN_CONNECTOR"", ""CHAIN_CONNECTOR""], ""unknown_state_ratio"": 0.0}","{""residual_uncertainty"": {""canonical"": 0.0, ""observed"": 0.0, ""comparable"": true, ""absolute_difference"": 0.0}, ""structural_compatibility"": {""canonical"": null, ""observed"": null, ""comparable"": false, ""absolute_difference"": null}, ""structural_brittleness"": {""canonical"": null, ""observed"": null, ""comparable"": false, ""absolute_difference"": null}, ""weakest_legibility"": {""canonical"": 1.0, ""observed"": 1.0, ""comparable"": true, ""absolute_difference"": 0.0}, ""legibility_spread"": {""canonical"": 0.0, ""observed"": 0.0, ""comparable"": true, ""absolute_difference"": 0.0}, ""cognitive_remembrance"": {""canonical"": 1.0, ""observed"": 1.0, ""comparable"": true, ""absolute_difference"": 0.0}, ""unknown_state_ratio"": {""canonical"": 0.0, ""observed"": 0.0, ""comparable"": true, ""absolute_difference"": 0.0}, ""structural_mark_preserved"": true, ""structural_basis_preserved"": true, ""state_path_preserved"": false, ""transition_path_preserved"": false}","{""state_sequence"": [""WHY"", ""WHAT"", ""WHAT"", ""WHEN""], ""relation_sequence"": [""WHY|INTERPRETIVE_PROJECTION|WHAT|EXPLICIT"", ""WHAT|CHAIN_CONNECTOR|WHAT|EXPLICIT"", ""WHAT|CHAIN_CONNECTOR|WHEN|EXPLICIT""], ""trajectory_boundaries"": [3], ""trajectory_ranges"": [{""start_state_occurrence_index"": 0, ""end_state_occurrence_index"": 3}], ""relation_occurrences"": [{""from_state_occurrence_index"": 0, ""to_state_occurrence_index"": 1}, {""from_state_occurrence_index"": 1, ""to_state_occurrence_index"": 2}, {""from_state_occurrence_index"": 2, ""to_state_occurrence_index"": 3}]}","{""permutation_disposition"": ""FUTURE_FORWARD_FIX"", ""permutation_narrative"": ""Major and Prime reached no discriminative chief criterion; the original trajectory is preserved by economy of intervention. In OPEN this is a presumption to preserve, not proof that the permuted realization is contextually inferior."", ""unresolved_profile"": {""total_state_count"": 4, ""unknown_state_count"": 0, ""unknown_state_ratio"": 0.0, ""unknown_state_occurrence_indices"": [], ""unknown_runs"": [], ""fully_unresolved"": false}}",1262.5887000467628,37677.25610011257,5.389200057834387,38945.41350007057,False,False
stress-same-pair-oscillation-001,LLM_ONLY,2,es,en,"Aunque la ausencia de una firma no demuestra que el documento sea falso, sí impide concluir que es auténtico a menos que, y hasta que, surjan otras pruebas independientes.","Although the absence of a signature does not prove that the document is false, it does preclude concluding that it is authentic unless and until other independent evidence emerges.","{""residual_uncertainty"": 0.0, ""structural_compatibility"": null, ""structural_brittleness"": null, ""weakest_legibility"": 1.0, ""legibility_spread"": 0.0, ""cognitive_remembrance"": 1.0, ""structural_mark"": {""uncertainty"": ""MAXIMUM"", ""compatibility"": ""NOT_ESTIMABLE"", ""robustness"": ""NOT_ESTIMABLE"", ""legibility"": ""MAXIMUM"", ""short_label"": ""U:MAX|C:NA|R:NA|L:MAX"", ""fully_estimable"": false}, ""structural_basis"": ""PARTIALLY_ESTIMABLE"", ""state_path"": [""WHAT"", ""WHAT"", ""WHEN""], ""transition_path"": [""CHAIN_CONNECTOR"", ""CHAIN_CONNECTOR""], ""unknown_state_ratio"": 0.0}","{""residual_uncertainty"": {""canonical"": 0.0, ""observed"": 0.0, ""comparable"": true, ""absolute_difference"": 0.0}, ""structural_compatibility"": {""canonical"": null, ""observed"": null, ""comparable"": false, ""absolute_difference"": null}, ""structural_brittleness"": {""canonical"": null, ""observed"": null, ""comparable"": false, ""absolute_difference"": null}, ""weakest_legibility"": {""canonical"": 1.0, ""observed"": 1.0, ""comparable"": true, ""absolute_difference"": 0.0}, ""legibility_spread"": {""canonical"": 0.0, ""observed"": 0.0, ""comparable"": true, ""absolute_difference"": 0.0}, ""cognitive_remembrance"": {""canonical"": 1.0, ""observed"": 1.0, ""comparable"": true, ""absolute_difference"": 0.0}, ""unknown_state_ratio"": {""canonical"": 0.0, ""observed"": 0.0, ""comparable"": true, ""absolute_difference"": 0.0}, ""structural_mark_preserved"": true, ""structural_basis_preserved"": true, ""state_path_preserved"": true, ""transition_path_preserved"": true}","{""state_sequence"": [""WHAT"", ""WHAT"", ""WHEN""], ""relation_sequence"": [""WHAT|CHAIN_CONNECTOR|WHAT|EXPLICIT"", ""WHAT|CHAIN_CONNECTOR|WHEN|EXPLICIT""], ""trajectory_boundaries"": [2], ""trajectory_ranges"": [{""start_state_occurrence_index"": 0, ""end_state_occurrence_index"": 2}], ""relation_occurrences"": [{""from_state_occurrence_index"": 0, ""to_state_occurrence_index"": 1}, {""from_state_occurrence_index"": 1, ""to_state_occurrence_index"": 2}]}","{""permutation_disposition"": ""FUTURE_FORWARD_FIX"", ""permutation_narrative"": ""Major and Prime reached no discriminative chief criterion; the original trajectory is preserved by economy of intervention. In OPEN this is a presumption to preserve, not proof that the permuted realization is contextually inferior."", ""unresolved_profile"": {""total_state_count"": 3, ""unknown_state_count"": 0, ""unknown_state_ratio"": 0.0, ""unknown_state_occurrence_indices"": [], ""unknown_runs"": [], ""fully_unresolved"": false}}",1209.2556999996305,46508.17929999903,2.4776000063866377,47720.07540008053,False,True
stress-same-pair-oscillation-001,LLM_ONLY,3,en,es,"Although the absence of a signature does not prove that the document is false, it does preclude concluding that it is authentic unless and until other independent evidence emerges.","Aunque la ausencia de una firma no prueba que el documento sea falso, sí impide concluir que es auténtico, a menos que y hasta que surjan otras pruebas independientes.","{""residual_uncertainty"": 0.0, ""structural_compatibility"": null, ""structural_brittleness"": null, ""weakest_legibility"": 1.0, ""legibility_spread"": 0.0, ""cognitive_remembrance"": 1.0, ""structural_mark"": {""uncertainty"": ""MAXIMUM"", ""compatibility"": ""NOT_ESTIMABLE"", ""robustness"": ""NOT_ESTIMABLE"", ""legibility"": ""MAXIMUM"", ""short_label"": ""U:MAX|C:NA|R:NA|L:MAX"", ""fully_estimable"": false}, ""structural_basis"": ""PARTIALLY_ESTIMABLE"", ""state_path"": [""WHY"", ""WHAT"", ""WHAT"", ""WHEN""], ""transition_path"": [""INTERPRETIVE_PROJECTION"", ""CHAIN_CONNECTOR"", ""CHAIN_CONNECTOR""], ""unknown_state_ratio"": 0.0}","{""residual_uncertainty"": {""canonical"": 0.0, ""observed"": 0.0, ""comparable"": true, ""absolute_difference"": 0.0}, ""structural_compatibility"": {""canonical"": null, ""observed"": null, ""comparable"": false, ""absolute_difference"": null}, ""structural_brittleness"": {""canonical"": null, ""observed"": null, ""comparable"": false, ""absolute_difference"": null}, ""weakest_legibility"": {""canonical"": 1.0, ""observed"": 1.0, ""comparable"": true, ""absolute_difference"": 0.0}, ""legibility_spread"": {""canonical"": 0.0, ""observed"": 0.0, ""comparable"": true, ""absolute_difference"": 0.0}, ""cognitive_remembrance"": {""canonical"": 1.0, ""observed"": 1.0, ""comparable"": true, ""absolute_difference"": 0.0}, ""unknown_state_ratio"": {""canonical"": 0.0, ""observed"": 0.0, ""comparable"": true, ""absolute_difference"": 0.0}, ""structural_mark_preserved"": true, ""structural_basis_preserved"": true, ""state_path_preserved"": false, ""transition_path_preserved"": false}","{""state_sequence"": [""WHY"", ""WHAT"", ""WHAT"", ""WHEN""], ""relation_sequence"": [""WHY|INTERPRETIVE_PROJECTION|WHAT|EXPLICIT"", ""WHAT|CHAIN_CONNECTOR|WHAT|EXPLICIT"", ""WHAT|CHAIN_CONNECTOR|WHEN|EXPLICIT""], ""trajectory_boundaries"": [3], ""trajectory_ranges"": [{""start_state_occurrence_index"": 0, ""end_state_occurrence_index"": 3}], ""relation_occurrences"": [{""from_state_occurrence_index"": 0, ""to_state_occurrence_index"": 1}, {""from_state_occurrence_index"": 1, ""to_state_occurrence_index"": 2}, {""from_state_occurrence_index"": 2, ""to_state_occurrence_index"": 3}]}","{""permutation_disposition"": ""FUTURE_FORWARD_FIX"", ""permutation_narrative"": ""Major and Prime reached no discriminative chief criterion; the original trajectory is preserved by economy of intervention. In OPEN this is a presumption to preserve, not proof that the permuted realization is contextually inferior."", ""unresolved_profile"": {""total_state_count"": 4, ""unknown_state_count"": 0, ""unknown_state_ratio"": 0.0, ""unknown_state_occurrence_indices"": [], ""unknown_runs"": [], ""fully_unresolved"": false}}",1453.248400008306,54776.069899788126,4.530100151896477,56233.96379989572,False,False
stress-same-pair-oscillation-001,LLM_ONLY,4,es,en,"Aunque la ausencia de una firma no prueba que el documento sea falso, sí impide concluir que es auténtico, a menos que y hasta que surjan otras pruebas independientes.","Although the absence of a signature does not prove that the document is false, it does prevent one from concluding that it is authentic, unless and until other independent evidence emerges.","{""residual_uncertainty"": 0.0, ""structural_compatibility"": null, ""structural_brittleness"": null, ""weakest_legibility"": 1.0, ""legibility_spread"": 0.0, ""cognitive_remembrance"": 1.0, ""structural_mark"": {""uncertainty"": ""MAXIMUM"", ""compatibility"": ""NOT_ESTIMABLE"", ""robustness"": ""NOT_ESTIMABLE"", ""legibility"": ""MAXIMUM"", ""short_label"": ""U:MAX|C:NA|R:NA|L:MAX"", ""fully_estimable"": false}, ""structural_basis"": ""PARTIALLY_ESTIMABLE"", ""state_path"": [""WHY"", ""WHAT"", ""WHAT"", ""WHEN""], ""transition_path"": [""INTERPRETIVE_PROJECTION"", ""CHAIN_CONNECTOR"", ""CHAIN_CONNECTOR""], ""unknown_state_ratio"": 0.0}","{""residual_uncertainty"": {""canonical"": 0.0, ""observed"": 0.0, ""comparable"": true, ""absolute_difference"": 0.0}, ""structural_compatibility"": {""canonical"": null, ""observed"": null, ""comparable"": false, ""absolute_difference"": null}, ""structural_brittleness"": {""canonical"": null, ""observed"": null, ""comparable"": false, ""absolute_difference"": null}, ""weakest_legibility"": {""canonical"": 1.0, ""observed"": 1.0, ""comparable"": true, ""absolute_difference"": 0.0}, ""legibility_spread"": {""canonical"": 0.0, ""observed"": 0.0, ""comparable"": true, ""absolute_difference"": 0.0}, ""cognitive_remembrance"": {""canonical"": 1.0, ""observed"": 1.0, ""comparable"": true, ""absolute_difference"": 0.0}, ""unknown_state_ratio"": {""canonical"": 0.0, ""observed"": 0.0, ""comparable"": true, ""absolute_difference"": 0.0}, ""structural_mark_preserved"": true, ""structural_basis_preserved"": true, ""state_path_preserved"": false, ""transition_path_preserved"": false}","{""state_sequence"": [""WHY"", ""WHAT"", ""WHAT"", ""WHEN""], ""relation_sequence"": [""WHY|INTERPRETIVE_PROJECTION|WHAT|EXPLICIT"", ""WHAT|CHAIN_CONNECTOR|WHAT|EXPLICIT"", ""WHAT|CHAIN_CONNECTOR|WHEN|EXPLICIT""], ""trajectory_boundaries"": [3], ""trajectory_ranges"": [{""start_state_occurrence_index"": 0, ""end_state_occurrence_index"": 3}], ""relation_occurrences"": [{""from_state_occurrence_index"": 0, ""to_state_occurrence_index"": 1}, {""from_state_occurrence_index"": 1, ""to_state_occurrence_index"": 2}, {""from_state_occurrence_index"": 2, ""to_state_occurrence_index"": 3}]}","{""permutation_disposition"": ""FUTURE_FORWARD_FIX"", ""permutation_narrative"": ""Major and Prime reached no discriminative chief criterion; the original trajectory is preserved by economy of intervention. In OPEN this is a presumption to preserve, not proof that the permuted realization is contextually inferior."", ""unresolved_profile"": {""total_state_count"": 4, ""unknown_state_count"": 0, ""unknown_state_ratio"": 0.0, ""unknown_state_occurrence_indices"": [], ""unknown_runs"": [], ""fully_unresolved"": false}}",1002.8182999230921,66979.0966999717,4.488500067964196,67986.57170007937,False,False
stress-same-pair-oscillation-001,LLM_ONLY,5,en,es,"Although the absence of a signature does not prove that the document is false, it does prevent one from concluding that it is authentic, unless and until other independent evidence emerges.","Aunque la ausencia de una firma no demuestra que el documento sea falso, sí impide concluir que es auténtico, a menos que y hasta que surjan otras pruebas independientes.","{""residual_uncertainty"": 0.0, ""structural_compatibility"": null, ""structural_brittleness"": null, ""weakest_legibility"": 1.0, ""legibility_spread"": 0.0, ""cognitive_remembrance"": 1.0, ""structural_mark"": {""uncertainty"": ""MAXIMUM"", ""compatibility"": ""NOT_ESTIMABLE"", ""robustness"": ""NOT_ESTIMABLE"", ""legibility"": ""MAXIMUM"", ""short_label"": ""U:MAX|C:NA|R:NA|L:MAX"", ""fully_estimable"": false}, ""structural_basis"": ""PARTIALLY_ESTIMABLE"", ""state_path"": [""WHY"", ""WHAT"", ""WHAT"", ""WHEN""], ""transition_path"": [""INTERPRETIVE_PROJECTION"", ""CHAIN_CONNECTOR"", ""CHAIN_CONNECTOR""], ""unknown_state_ratio"": 0.0}","{""residual_uncertainty"": {""canonical"": 0.0, ""observed"": 0.0, ""comparable"": true, ""absolute_difference"": 0.0}, ""structural_compatibility"": {""canonical"": null, ""observed"": null, ""comparable"": false, ""absolute_difference"": null}, ""structural_brittleness"": {""canonical"": null, ""observed"": null, ""comparable"": false, ""absolute_difference"": null}, ""weakest_legibility"": {""canonical"": 1.0, ""observed"": 1.0, ""comparable"": true, ""absolute_difference"": 0.0}, ""legibility_spread"": {""canonical"": 0.0, ""observed"": 0.0, ""comparable"": true, ""absolute_difference"": 0.0}, ""cognitive_remembrance"": {""canonical"": 1.0, ""observed"": 1.0, ""comparable"": true, ""absolute_difference"": 0.0}, ""unknown_state_ratio"": {""canonical"": 0.0, ""observed"": 0.0, ""comparable"": true, ""absolute_difference"": 0.0}, ""structural_mark_preserved"": true, ""structural_basis_preserved"": true, ""state_path_preserved"": false, ""transition_path_preserved"": false}","{""state_sequence"": [""WHY"", ""WHAT"", ""WHAT"", ""WHEN""], ""relation_sequence"": [""WHY|INTERPRETIVE_PROJECTION|WHAT|EXPLICIT"", ""WHAT|CHAIN_CONNECTOR|WHAT|EXPLICIT"", ""WHAT|CHAIN_CONNECTOR|WHEN|EXPLICIT""], ""trajectory_boundaries"": [3], ""trajectory_ranges"": [{""start_state_occurrence_index"": 0, ""end_state_occurrence_index"": 3}], ""relation_occurrences"": [{""from_state_occurrence_index"": 0, ""to_state_occurrence_index"": 1}, {""from_state_occurrence_index"": 1, ""to_state_occurrence_index"": 2}, {""from_state_occurrence_index"": 2, ""to_state_occurrence_index"": 3}]}","{""permutation_disposition"": ""FUTURE_FORWARD_FIX"", ""permutation_narrative"": ""Major and Prime reached no discriminative chief criterion; the original trajectory is preserved by economy of intervention. In OPEN this is a presumption to preserve, not proof that the permuted realization is contextually inferior."", ""unresolved_profile"": {""total_state_count"": 4, ""unknown_state_count"": 0, ""unknown_state_ratio"": 0.0, ""unknown_state_occurrence_indices"": [], ""unknown_runs"": [], ""fully_unresolved"": false}}",2429.45499997586,73683.77789994702,5.428600125014782,76118.82349988446,False,False
stress-same-pair-oscillation-001,LLM_ONLY,6,es,en,"Aunque la ausencia de una firma no demuestra que el documento sea falso, sí impide concluir que es auténtico, a menos que y hasta que surjan otras pruebas independientes.","Although the absence of a signature does not prove that the document is false, it does preclude concluding that it is authentic unless and until other independent evidence emerges.","{""residual_uncertainty"": 0.0, ""structural_compatibility"": null, ""structural_brittleness"": null, ""weakest_legibility"": 1.0, ""legibility_spread"": 0.0, ""cognitive_remembrance"": 1.0, ""structural_mark"": {""uncertainty"": ""MAXIMUM"", ""compatibility"": ""NOT_ESTIMABLE"", ""robustness"": ""NOT_ESTIMABLE"", ""legibility"": ""MAXIMUM"", ""short_label"": ""U:MAX|C:NA|R:NA|L:MAX"", ""fully_estimable"": false}, ""structural_basis"": ""PARTIALLY_ESTIMABLE"", ""state_path"": [""WHY"", ""WHAT"", ""WHAT"", ""WHEN""], ""transition_path"": [""INTERPRETIVE_PROJECTION"", ""CHAIN_CONNECTOR"", ""CHAIN_CONNECTOR""], ""unknown_state_ratio"": 0.0}","{""residual_uncertainty"": {""canonical"": 0.0, ""observed"": 0.0, ""comparable"": true, ""absolute_difference"": 0.0}, ""structural_compatibility"": {""canonical"": null, ""observed"": null, ""comparable"": false, ""absolute_difference"": null}, ""structural_brittleness"": {""canonical"": null, ""observed"": null, ""comparable"": false, ""absolute_difference"": null}, ""weakest_legibility"": {""canonical"": 1.0, ""observed"": 1.0, ""comparable"": true, ""absolute_difference"": 0.0}, ""legibility_spread"": {""canonical"": 0.0, ""observed"": 0.0, ""comparable"": true, ""absolute_difference"": 0.0}, ""cognitive_remembrance"": {""canonical"": 1.0, ""observed"": 1.0, ""comparable"": true, ""absolute_difference"": 0.0}, ""unknown_state_ratio"": {""canonical"": 0.0, ""observed"": 0.0, ""comparable"": true, ""absolute_difference"": 0.0}, ""structural_mark_preserved"": true, ""structural_basis_preserved"": true, ""state_path_preserved"": false, ""transition_path_preserved"": false}","{""state_sequence"": [""WHY"", ""WHAT"", ""WHAT"", ""WHEN""], ""relation_sequence"": [""WHY|INTERPRETIVE_PROJECTION|WHAT|EXPLICIT"", ""WHAT|CHAIN_CONNECTOR|WHAT|EXPLICIT"", ""WHAT|CHAIN_CONNECTOR|WHEN|EXPLICIT""], ""trajectory_boundaries"": [3], ""trajectory_ranges"": [{""start_state_occurrence_index"": 0, ""end_state_occurrence_index"": 3}], ""relation_occurrences"": [{""from_state_occurrence_index"": 0, ""to_state_occurrence_index"": 1}, {""from_state_occurrence_index"": 1, ""to_state_occurrence_index"": 2}, {""from_state_occurrence_index"": 2, ""to_state_occurrence_index"": 3}]}","{""permutation_disposition"": ""FUTURE_FORWARD_FIX"", ""permutation_narrative"": ""Major and Prime reached no discriminative chief criterion; the original trajectory is preserved by economy of intervention. In OPEN this is a presumption to preserve, not proof that the permuted realization is contextually inferior."", ""unresolved_profile"": {""total_state_count"": 4, ""unknown_state_count"": 0, ""unknown_state_ratio"": 0.0, ""unknown_state_occurrence_indices"": [], ""unknown_runs"": [], ""fully_unresolved"": false}}",1164.6771000232548,41911.47050005384,4.006000002846122,43080.26620000601,False,False
stress-same-pair-oscillation-001,LLM_ONLY,7,en,es,"Although the absence of a signature does not prove that the document is false, it does preclude concluding that it is authentic unless and until other independent evidence emerges.","Aunque la ausencia de una firma no demuestra que el documento sea falso, sí impide concluir que es auténtico, a menos que y hasta que aparezcan otras pruebas independientes.","{""residual_uncertainty"": 0.0, ""structural_compatibility"": null, ""structural_brittleness"": null, ""weakest_legibility"": 1.0, ""legibility_spread"": 0.0, ""cognitive_remembrance"": 1.0, ""structural_mark"": {""uncertainty"": ""MAXIMUM"", ""compatibility"": ""NOT_ESTIMABLE"", ""robustness"": ""NOT_ESTIMABLE"", ""legibility"": ""MAXIMUM"", ""short_label"": ""U:MAX|C:NA|R:NA|L:MAX"", ""fully_estimable"": false}, ""structural_basis"": ""PARTIALLY_ESTIMABLE"", ""state_path"": [""WHY"", ""WHAT"", ""WHAT"", ""WHY"", ""WHEN""], ""transition_path"": [""INTERPRETIVE_PROJECTION"", ""CHAIN_CONNECTOR"", ""INTERPRETIVE_PROJECTION"", ""GENERATIVE_LINK"", ""CHAIN_CONNECTOR""], ""unknown_state_ratio"": 0.0}","{""residual_uncertainty"": {""canonical"": 0.0, ""observed"": 0.0, ""comparable"": true, ""absolute_difference"": 0.0}, ""structural_compatibility"": {""canonical"": null, ""observed"": null, ""comparable"": false, ""absolute_difference"": null}, ""structural_brittleness"": {""canonical"": null, ""observed"": null, ""comparable"": false, ""absolute_difference"": null}, ""weakest_legibility"": {""canonical"": 1.0, ""observed"": 1.0, ""comparable"": true, ""absolute_difference"": 0.0}, ""legibility_spread"": {""canonical"": 0.0, ""observed"": 0.0, ""comparable"": true, ""absolute_difference"": 0.0}, ""cognitive_remembrance"": {""canonical"": 1.0, ""observed"": 1.0, ""comparable"": true, ""absolute_difference"": 0.0}, ""unknown_state_ratio"": {""canonical"": 0.0, ""observed"": 0.0, ""comparable"": true, ""absolute_difference"": 0.0}, ""structural_mark_preserved"": true, ""structural_basis_preserved"": true, ""state_path_preserved"": false, ""transition_path_preserved"": false}","{""state_sequence"": [""WHY"", ""WHAT"", ""WHAT"", ""WHY"", ""WHEN""], ""relation_sequence"": [""WHY|INTERPRETIVE_PROJECTION|WHAT|EXPLICIT"", ""WHAT|CHAIN_CONNECTOR|WHAT|EXPLICIT"", ""WHY|INTERPRETIVE_PROJECTION|WHAT|EXPLICIT"", ""WHAT|GENERATIVE_LINK|WHY|EXPLICIT"", ""WHY|CHAIN_CONNECTOR|WHEN|EXPLICIT""], ""trajectory_boundaries"": [4], ""trajectory_ranges"": [{""start_state_occurrence_index"": 0, ""end_state_occurrence_index"": 4}], ""relation_occurrences"": [{""from_state_occurrence_index"": 0, ""to_state_occurrence_index"": 1}, {""from_state_occurrence_index"": 1, ""to_state_occurrence_index"": 2}, {""from_state_occurrence_index"": 0, ""to_state_occurrence_index"": 2}, {""from_state_occurrence_index"": 2, ""to_state_occurrence_index"": 3}, {""from_state_occurrence_index"": 3, ""to_state_occurrence_index"": 4}]}","{""permutation_disposition"": ""FUTURE_FORWARD_FIX"", ""permutation_narrative"": ""Major and Prime reached no discriminative chief criterion; the original trajectory is preserved by economy of intervention. In OPEN this is a presumption to preserve, not proof that the permuted realization is contextually inferior."", ""unresolved_profile"": {""total_state_count"": 5, ""unknown_state_count"": 0, ""unknown_state_ratio"": 0.0, ""unknown_state_occurrence_indices"": [], ""unknown_runs"": [], ""fully_unresolved"": false}}",1335.11109999381,62584.63119994849,4.7652998473495245,63924.604300176725,False,False
stress-same-pair-oscillation-001,LLM_MDPAR,0,es,en,"Aunque la ausencia de una firma no demuestra que el documento sea falso, sí impide concluir que sea auténtico mientras no aparezca otra prueba independiente.","Although the absence of a signature does not prove that the document is false, it does prevent concluding that it is authentic unless and until other independent evidence emerges.","{""residual_uncertainty"": 0.0, ""structural_compatibility"": null, ""structural_brittleness"": null, ""weakest_legibility"": 1.0, ""legibility_spread"": 0.0, ""cognitive_remembrance"": 1.0, ""structural_mark"": {""uncertainty"": ""MAXIMUM"", ""compatibility"": ""NOT_ESTIMABLE"", ""robustness"": ""NOT_ESTIMABLE"", ""legibility"": ""MAXIMUM"", ""short_label"": ""U:MAX|C:NA|R:NA|L:MAX"", ""fully_estimable"": false}, ""structural_basis"": ""PARTIALLY_ESTIMABLE"", ""state_path"": [""WHY"", ""WHICH"", ""WHICH"", ""WHEN""], ""transition_path"": [""CHAIN_CONNECTOR"", ""CHAIN_CONNECTOR"", ""CHAIN_CONNECTOR""], ""unknown_state_ratio"": 0.0}","{""residual_uncertainty"": {""canonical"": 0.0, ""observed"": 0.0, ""comparable"": true, ""absolute_difference"": 0.0}, ""structural_compatibility"": {""canonical"": null, ""observed"": null, ""comparable"": false, ""absolute_difference"": null}, ""structural_brittleness"": {""canonical"": null, ""observed"": null, ""comparable"": false, ""absolute_difference"": null}, ""weakest_legibility"": {""canonical"": 1.0, ""observed"": 1.0, ""comparable"": true, ""absolute_difference"": 0.0}, ""legibility_spread"": {""canonical"": 0.0, ""observed"": 0.0, ""comparable"": true, ""absolute_difference"": 0.0}, ""cognitive_remembrance"": {""canonical"": 1.0, ""observed"": 1.0, ""comparable"": true, ""absolute_difference"": 0.0}, ""unknown_state_ratio"": {""canonical"": 0.0, ""observed"": 0.0, ""comparable"": true, ""absolute_difference"": 0.0}, ""structural_mark_preserved"": true, ""structural_basis_preserved"": true, ""state_path_preserved"": false, ""transition_path_preserved"": false}","{""state_sequence"": [""WHY"", ""WHICH"", ""WHICH"", ""WHEN""], ""relation_sequence"": [""WHY|CHAIN_CONNECTOR|WHICH|EXPLICIT"", ""WHICH|CHAIN_CONNECTOR|WHICH|EXPLICIT"", ""WHICH|CHAIN_CONNECTOR|WHEN|EXPLICIT""], ""trajectory_boundaries"": [3], ""trajectory_ranges"": [{""start_state_occurrence_index"": 0, ""end_state_occurrence_index"": 3}], ""relation_occurrences"": [{""from_state_occurrence_index"": 0, ""to_state_occurrence_index"": 1}, {""from_state_occurrence_index"": 1, ""to_state_occurrence_index"": 2}, {""from_state_occurrence_index"": 2, ""to_state_occurrence_index"": 3}]}","{""permutation_disposition"": ""FUTURE_FORWARD_FIX"", ""permutation_narrative"": ""Major and Prime reached no discriminative chief criterion; the original trajectory is preserved by economy of intervention. In OPEN this is a presumption to preserve, not proof that the permuted realization is contextually inferior."", ""unresolved_profile"": {""total_state_count"": 4, ""unknown_state_count"": 0, ""unknown_state_ratio"": 0.0, ""unknown_state_occurrence_indices"": [], ""unknown_runs"": [], ""fully_unresolved"": false}}",4375.711699947715,55398.13069999218,2.799100009724498,59776.7702001147,False,False
stress-same-pair-oscillation-001,LLM_MDPAR,1,en,es,"Although the absence of a signature does not prove that the document is false, it does prevent concluding that it is authentic unless and until other independent evidence emerges.","Aunque la ausencia de una firma no demuestra que el documento sea falso, sí impide concluir que sea auténtico mientras no aparezca otra prueba independiente.","{""residual_uncertainty"": 0.0, ""structural_compatibility"": null, ""structural_brittleness"": null, ""weakest_legibility"": 1.0, ""legibility_spread"": 0.0, ""cognitive_remembrance"": 1.0, ""structural_mark"": {""uncertainty"": ""MAXIMUM"", ""compatibility"": ""NOT_ESTIMABLE"", ""robustness"": ""NOT_ESTIMABLE"", ""legibility"": ""MAXIMUM"", ""short_label"": ""U:MAX|C:NA|R:NA|L:MAX"", ""fully_estimable"": false}, ""structural_basis"": ""PARTIALLY_ESTIMABLE"", ""state_path"": [""WHY"", ""WHAT"", ""WHAT"", ""WHEN""], ""transition_path"": [""INTERPRETIVE_PROJECTION"", ""CHAIN_CONNECTOR"", ""CHAIN_CONNECTOR""], ""unknown_state_ratio"": 0.0}","{""residual_uncertainty"": {""canonical"": 0.0, ""observed"": 0.0, ""comparable"": true, ""absolute_difference"": 0.0}, ""structural_compatibility"": {""canonical"": null, ""observed"": null, ""comparable"": false, ""absolute_difference"": null}, ""structural_brittleness"": {""canonical"": null, ""observed"": null, ""comparable"": false, ""absolute_difference"": null}, ""weakest_legibility"": {""canonical"": 1.0, ""observed"": 1.0, ""comparable"": true, ""absolute_difference"": 0.0}, ""legibility_spread"": {""canonical"": 0.0, ""observed"": 0.0, ""comparable"": true, ""absolute_difference"": 0.0}, ""cognitive_remembrance"": {""canonical"": 1.0, ""observed"": 1.0, ""comparable"": true, ""absolute_difference"": 0.0}, ""unknown_state_ratio"": {""canonical"": 0.0, ""observed"": 0.0, ""comparable"": true, ""absolute_difference"": 0.0}, ""structural_mark_preserved"": true, ""structural_basis_preserved"": true, ""state_path_preserved"": false, ""transition_path_preserved"": false}","{""state_sequence"": [""WHY"", ""WHAT"", ""WHAT"", ""WHEN""], ""relation_sequence"": [""WHY|INTERPRETIVE_PROJECTION|WHAT|EXPLICIT"", ""WHAT|CHAIN_CONNECTOR|WHAT|EXPLICIT"", ""WHAT|CHAIN_CONNECTOR|WHEN|EXPLICIT""], ""trajectory_boundaries"": [3], ""trajectory_ranges"": [{""start_state_occurrence_index"": 0, ""end_state_occurrence_index"": 3}], ""relation_occurrences"": [{""from_state_occurrence_index"": 0, ""to_state_occurrence_index"": 1}, {""from_state_occurrence_index"": 1, ""to_state_occurrence_index"": 2}, {""from_state_occurrence_index"": 2, ""to_state_occurrence_index"": 3}]}","{""permutation_disposition"": ""FUTURE_FORWARD_FIX"", ""permutation_narrative"": ""Major and Prime reached no discriminative chief criterion; the original trajectory is preserved by economy of intervention. In OPEN this is a presumption to preserve, not proof that the permuted realization is contextually inferior."", ""unresolved_profile"": {""total_state_count"": 4, ""unknown_state_count"": 0, ""unknown_state_ratio"": 0.0, ""unknown_state_occurrence_indices"": [], ""unknown_runs"": [], ""fully_unresolved"": false}}",1396.372500108555,28943.990899948403,4.054700024425983,30344.538300065324,False,False
stress-same-pair-oscillation-001,LLM_MDPAR,2,es,en,"Aunque la ausencia de una firma no demuestra que el documento sea falso, sí impide concluir que sea auténtico mientras no aparezca otra prueba independiente.","Although the absence of a signature does not prove that the document is false, it does prevent concluding that it is authentic until other independent evidence emerges.","{""residual_uncertainty"": 0.0, ""structural_compatibility"": null, ""structural_brittleness"": null, ""weakest_legibility"": 1.0, ""legibility_spread"": 0.0, ""cognitive_remembrance"": 1.0, ""structural_mark"": {""uncertainty"": ""MAXIMUM"", ""compatibility"": ""NOT_ESTIMABLE"", ""robustness"": ""NOT_ESTIMABLE"", ""legibility"": ""MAXIMUM"", ""short_label"": ""U:MAX|C:NA|R:NA|L:MAX"", ""fully_estimable"": false}, ""structural_basis"": ""PARTIALLY_ESTIMABLE"", ""state_path"": [""WHAT"", ""WHAT"", ""WHEN""], ""transition_path"": [""CHAIN_CONNECTOR"", ""CHAIN_CONNECTOR""], ""unknown_state_ratio"": 0.0}","{""residual_uncertainty"": {""canonical"": 0.0, ""observed"": 0.0, ""comparable"": true, ""absolute_difference"": 0.0}, ""structural_compatibility"": {""canonical"": null, ""observed"": null, ""comparable"": false, ""absolute_difference"": null}, ""structural_brittleness"": {""canonical"": null, ""observed"": null, ""comparable"": false, ""absolute_difference"": null}, ""weakest_legibility"": {""canonical"": 1.0, ""observed"": 1.0, ""comparable"": true, ""absolute_difference"": 0.0}, ""legibility_spread"": {""canonical"": 0.0, ""observed"": 0.0, ""comparable"": true, ""absolute_difference"": 0.0}, ""cognitive_remembrance"": {""canonical"": 1.0, ""observed"": 1.0, ""comparable"": true, ""absolute_difference"": 0.0}, ""unknown_state_ratio"": {""canonical"": 0.0, ""observed"": 0.0, ""comparable"": true, ""absolute_difference"": 0.0}, ""structural_mark_preserved"": true, ""structural_basis_preserved"": true, ""state_path_preserved"": true, ""transition_path_preserved"": true}","{""state_sequence"": [""WHAT"", ""WHAT"", ""WHEN""], ""relation_sequence"": [""WHAT|CHAIN_CONNECTOR|WHAT|EXPLICIT"", ""WHAT|CHAIN_CONNECTOR|WHEN|EXPLICIT""], ""trajectory_boundaries"": [2], ""trajectory_ranges"": [{""start_state_occurrence_index"": 0, ""end_state_occurrence_index"": 2}], ""relation_occurrences"": [{""from_state_occurrence_index"": 0, ""to_state_occurrence_index"": 1}, {""from_state_occurrence_index"": 1, ""to_state_occurrence_index"": 2}]}","{""permutation_disposition"": ""FUTURE_FORWARD_FIX"", ""permutation_narrative"": ""Major and Prime reached no discriminative chief criterion; the original trajectory is preserved by economy of intervention. In OPEN this is a presumption to preserve, not proof that the permuted realization is contextually inferior."", ""unresolved_profile"": {""total_state_count"": 3, ""unknown_state_count"": 0, ""unknown_state_ratio"": 0.0, ""unknown_state_occurrence_indices"": [], ""unknown_runs"": [], ""fully_unresolved"": false}}",1563.8458000030369,38370.1269000303,2.3321001790463924,39936.4312000107,False,True
stress-same-pair-oscillation-001,LLM_MDPAR,3,en,es,"Although the absence of a signature does not prove that the document is false, it does prevent concluding that it is authentic until other independent evidence emerges.","Aunque la ausencia de una firma no demuestra que el documento sea falso, sí impide concluir que sea auténtico mientras no aparezca otra prueba independiente.","{""residual_uncertainty"": 0.0, ""structural_compatibility"": null, ""structural_brittleness"": null, ""weakest_legibility"": 1.0, ""legibility_spread"": 0.0, ""cognitive_remembrance"": 1.0, ""structural_mark"": {""uncertainty"": ""MAXIMUM"", ""compatibility"": ""NOT_ESTIMABLE"", ""robustness"": ""NOT_ESTIMABLE"", ""legibility"": ""MAXIMUM"", ""short_label"": ""U:MAX|C:NA|R:NA|L:MAX"", ""fully_estimable"": false}, ""structural_basis"": ""PARTIALLY_ESTIMABLE"", ""state_path"": [""WHY"", ""WHAT"", ""WHAT"", ""WHEN""], ""transition_path"": [""INTERPRETIVE_PROJECTION"", ""CHAIN_CONNECTOR"", ""CHAIN_CONNECTOR""], ""unknown_state_ratio"": 0.0}","{""residual_uncertainty"": {""canonical"": 0.0, ""observed"": 0.0, ""comparable"": true, ""absolute_difference"": 0.0}, ""structural_compatibility"": {""canonical"": null, ""observed"": null, ""comparable"": false, ""absolute_difference"": null}, ""structural_brittleness"": {""canonical"": null, ""observed"": null, ""comparable"": false, ""absolute_difference"": null}, ""weakest_legibility"": {""canonical"": 1.0, ""observed"": 1.0, ""comparable"": true, ""absolute_difference"": 0.0}, ""legibility_spread"": {""canonical"": 0.0, ""observed"": 0.0, ""comparable"": true, ""absolute_difference"": 0.0}, ""cognitive_remembrance"": {""canonical"": 1.0, ""observed"": 1.0, ""comparable"": true, ""absolute_difference"": 0.0}, ""unknown_state_ratio"": {""canonical"": 0.0, ""observed"": 0.0, ""comparable"": true, ""absolute_difference"": 0.0}, ""structural_mark_preserved"": true, ""structural_basis_preserved"": true, ""state_path_preserved"": false, ""transition_path_preserved"": false}","{""state_sequence"": [""WHY"", ""WHAT"", ""WHAT"", ""WHEN""], ""relation_sequence"": [""WHY|INTERPRETIVE_PROJECTION|WHAT|EXPLICIT"", ""WHAT|CHAIN_CONNECTOR|WHAT|EXPLICIT"", ""WHAT|CHAIN_CONNECTOR|WHEN|EXPLICIT""], ""trajectory_boundaries"": [3], ""trajectory_ranges"": [{""start_state_occurrence_index"": 0, ""end_state_occurrence_index"": 3}], ""relation_occurrences"": [{""from_state_occurrence_index"": 0, ""to_state_occurrence_index"": 1}, {""from_state_occurrence_index"": 1, ""to_state_occurrence_index"": 2}, {""from_state_occurrence_index"": 2, ""to_state_occurrence_index"": 3}]}","{""permutation_disposition"": ""FUTURE_FORWARD_FIX"", ""permutation_narrative"": ""Major and Prime reached no discriminative chief criterion; the original trajectory is preserved by economy of intervention. In OPEN this is a presumption to preserve, not proof that the permuted realization is contextually inferior."", ""unresolved_profile"": {""total_state_count"": 4, ""unknown_state_count"": 0, ""unknown_state_ratio"": 0.0, ""unknown_state_occurrence_indices"": [], ""unknown_runs"": [], ""fully_unresolved"": false}}",1408.8389000389725,30186.14499992691,4.851700039580464,31600.046599982306,False,False
stress-same-pair-oscillation-001,LLM_MDPAR,4,es,en,"Aunque la ausencia de una firma no demuestra que el documento sea falso, sí impide concluir que sea auténtico mientras no aparezca otra prueba independiente.","Although the absence of a signature does not prove that the document is false, it does prevent concluding that it is authentic unless and until other independent evidence emerges.","{""residual_uncertainty"": 0.0, ""structural_compatibility"": null, ""structural_brittleness"": null, ""weakest_legibility"": 1.0, ""legibility_spread"": 0.0, ""cognitive_remembrance"": 1.0, ""structural_mark"": {""uncertainty"": ""MAXIMUM"", ""compatibility"": ""NOT_ESTIMABLE"", ""robustness"": ""NOT_ESTIMABLE"", ""legibility"": ""MAXIMUM"", ""short_label"": ""U:MAX|C:NA|R:NA|L:MAX"", ""fully_estimable"": false}, ""structural_basis"": ""PARTIALLY_ESTIMABLE"", ""state_path"": [""WHY"", ""WHAT"", ""WHAT"", ""WHEN""], ""transition_path"": [""INTERPRETIVE_PROJECTION"", ""CHAIN_CONNECTOR"", ""CHAIN_CONNECTOR""], ""unknown_state_ratio"": 0.0}","{""residual_uncertainty"": {""canonical"": 0.0, ""observed"": 0.0, ""comparable"": true, ""absolute_difference"": 0.0}, ""structural_compatibility"": {""canonical"": null, ""observed"": null, ""comparable"": false, ""absolute_difference"": null}, ""structural_brittleness"": {""canonical"": null, ""observed"": null, ""comparable"": false, ""absolute_difference"": null}, ""weakest_legibility"": {""canonical"": 1.0, ""observed"": 1.0, ""comparable"": true, ""absolute_difference"": 0.0}, ""legibility_spread"": {""canonical"": 0.0, ""observed"": 0.0, ""comparable"": true, ""absolute_difference"": 0.0}, ""cognitive_remembrance"": {""canonical"": 1.0, ""observed"": 1.0, ""comparable"": true, ""absolute_difference"": 0.0}, ""unknown_state_ratio"": {""canonical"": 0.0, ""observed"": 0.0, ""comparable"": true, ""absolute_difference"": 0.0}, ""structural_mark_preserved"": true, ""structural_basis_preserved"": true, ""state_path_preserved"": false, ""transition_path_preserved"": false}","{""state_sequence"": [""WHY"", ""WHAT"", ""WHAT"", ""WHEN""], ""relation_sequence"": [""WHY|INTERPRETIVE_PROJECTION|WHAT|EXPLICIT"", ""WHAT|CHAIN_CONNECTOR|WHAT|EXPLICIT"", ""WHAT|CHAIN_CONNECTOR|WHEN|EXPLICIT""], ""trajectory_boundaries"": [3], ""trajectory_ranges"": [{""start_state_occurrence_index"": 0, ""end_state_occurrence_index"": 3}], ""relation_occurrences"": [{""from_state_occurrence_index"": 0, ""to_state_occurrence_index"": 1}, {""from_state_occurrence_index"": 1, ""to_state_occurrence_index"": 2}, {""from_state_occurrence_index"": 2, ""to_state_occurrence_index"": 3}]}","{""permutation_disposition"": ""FUTURE_FORWARD_FIX"", ""permutation_narrative"": ""Major and Prime reached no discriminative chief criterion; the original trajectory is preserved by economy of intervention. In OPEN this is a presumption to preserve, not proof that the permuted realization is contextually inferior."", ""unresolved_profile"": {""total_state_count"": 4, ""unknown_state_count"": 0, ""unknown_state_ratio"": 0.0, ""unknown_state_occurrence_indices"": [], ""unknown_runs"": [], ""fully_unresolved"": false}}",2549.8838999774307,58007.178199943155,3.83460009470582,60561.01519986987,False,False
stress-same-pair-oscillation-001,LLM_MDPAR,5,en,es,"Although the absence of a signature does not prove that the document is false, it does prevent concluding that it is authentic unless and until other independent evidence emerges.","Aunque la ausencia de una firma no demuestra que el documento sea falso, sí impide concluir que sea auténtico mientras no aparezca otra prueba independiente.","{""residual_uncertainty"": 0.0, ""structural_compatibility"": null, ""structural_brittleness"": null, ""weakest_legibility"": 1.0, ""legibility_spread"": 0.0, ""cognitive_remembrance"": 1.0, ""structural_mark"": {""uncertainty"": ""MAXIMUM"", ""compatibility"": ""NOT_ESTIMABLE"", ""robustness"": ""NOT_ESTIMABLE"", ""legibility"": ""MAXIMUM"", ""short_label"": ""U:MAX|C:NA|R:NA|L:MAX"", ""fully_estimable"": false}, ""structural_basis"": ""PARTIALLY_ESTIMABLE"", ""state_path"": [""WHAT"", ""WHAT"", ""WHEN""], ""transition_path"": [""CHAIN_CONNECTOR"", ""CHAIN_CONNECTOR""], ""unknown_state_ratio"": 0.0}","{""residual_uncertainty"": {""canonical"": 0.0, ""observed"": 0.0, ""comparable"": true, ""absolute_difference"": 0.0}, ""structural_compatibility"": {""canonical"": null, ""observed"": null, ""comparable"": false, ""absolute_difference"": null}, ""structural_brittleness"": {""canonical"": null, ""observed"": null, ""comparable"": false, ""absolute_difference"": null}, ""weakest_legibility"": {""canonical"": 1.0, ""observed"": 1.0, ""comparable"": true, ""absolute_difference"": 0.0}, ""legibility_spread"": {""canonical"": 0.0, ""observed"": 0.0, ""comparable"": true, ""absolute_difference"": 0.0}, ""cognitive_remembrance"": {""canonical"": 1.0, ""observed"": 1.0, ""comparable"": true, ""absolute_difference"": 0.0}, ""unknown_state_ratio"": {""canonical"": 0.0, ""observed"": 0.0, ""comparable"": true, ""absolute_difference"": 0.0}, ""structural_mark_preserved"": true, ""structural_basis_preserved"": true, ""state_path_preserved"": true, ""transition_path_preserved"": true}","{""state_sequence"": [""WHAT"", ""WHAT"", ""WHEN""], ""relation_sequence"": [""WHAT|CHAIN_CONNECTOR|WHAT|EXPLICIT"", ""WHAT|CHAIN_CONNECTOR|WHEN|EXPLICIT""], ""trajectory_boundaries"": [2], ""trajectory_ranges"": [{""start_state_occurrence_index"": 0, ""end_state_occurrence_index"": 2}], ""relation_occurrences"": [{""from_state_occurrence_index"": 0, ""to_state_occurrence_index"": 1}, {""from_state_occurrence_index"": 1, ""to_state_occurrence_index"": 2}]}","{""permutation_disposition"": ""FUTURE_FORWARD_FIX"", ""permutation_narrative"": ""Major and Prime reached no discriminative chief criterion; the original trajectory is preserved by economy of intervention. In OPEN this is a presumption to preserve, not proof that the permuted realization is contextually inferior."", ""unresolved_profile"": {""total_state_count"": 3, ""unknown_state_count"": 0, ""unknown_state_ratio"": 0.0, ""unknown_state_occurrence_indices"": [], ""unknown_runs"": [], ""fully_unresolved"": false}}",1401.8911998718977,38183.31210012548,2.13939999230206,39587.505099829286,False,True
stress-same-pair-oscillation-001,LLM_MDPAR,6,es,en,"Aunque la ausencia de una firma no demuestra que el documento sea falso, sí impide concluir que sea auténtico mientras no aparezca otra prueba independiente.","Although the absence of a signature does not prove that the document is false, it does prevent concluding that it is authentic until other independent evidence emerges.","{""residual_uncertainty"": 0.0, ""structural_compatibility"": null, ""structural_brittleness"": null, ""weakest_legibility"": 1.0, ""legibility_spread"": 0.0, ""cognitive_remembrance"": 1.0, ""structural_mark"": {""uncertainty"": ""MAXIMUM"", ""compatibility"": ""NOT_ESTIMABLE"", ""robustness"": ""NOT_ESTIMABLE"", ""legibility"": ""MAXIMUM"", ""short_label"": ""U:MAX|C:NA|R:NA|L:MAX"", ""fully_estimable"": false}, ""structural_basis"": ""PARTIALLY_ESTIMABLE"", ""state_path"": [""WHY"", ""WHAT"", ""WHAT"", ""WHEN""], ""transition_path"": [""INTERPRETIVE_PROJECTION"", ""CHAIN_CONNECTOR"", ""CHAIN_CONNECTOR""], ""unknown_state_ratio"": 0.0}","{""residual_uncertainty"": {""canonical"": 0.0, ""observed"": 0.0, ""comparable"": true, ""absolute_difference"": 0.0}, ""structural_compatibility"": {""canonical"": null, ""observed"": null, ""comparable"": false, ""absolute_difference"": null}, ""structural_brittleness"": {""canonical"": null, ""observed"": null, ""comparable"": false, ""absolute_difference"": null}, ""weakest_legibility"": {""canonical"": 1.0, ""observed"": 1.0, ""comparable"": true, ""absolute_difference"": 0.0}, ""legibility_spread"": {""canonical"": 0.0, ""observed"": 0.0, ""comparable"": true, ""absolute_difference"": 0.0}, ""cognitive_remembrance"": {""canonical"": 1.0, ""observed"": 1.0, ""comparable"": true, ""absolute_difference"": 0.0}, ""unknown_state_ratio"": {""canonical"": 0.0, ""observed"": 0.0, ""comparable"": true, ""absolute_difference"": 0.0}, ""structural_mark_preserved"": true, ""structural_basis_preserved"": true, ""state_path_preserved"": false, ""transition_path_preserved"": false}","{""state_sequence"": [""WHY"", ""WHAT"", ""WHAT"", ""WHEN""], ""relation_sequence"": [""WHY|INTERPRETIVE_PROJECTION|WHAT|EXPLICIT"", ""WHAT|CHAIN_CONNECTOR|WHAT|EXPLICIT"", ""WHAT|CHAIN_CONNECTOR|WHEN|EXPLICIT""], ""trajectory_boundaries"": [3], ""trajectory_ranges"": [{""start_state_occurrence_index"": 0, ""end_state_occurrence_index"": 3}], ""relation_occurrences"": [{""from_state_occurrence_index"": 0, ""to_state_occurrence_index"": 1}, {""from_state_occurrence_index"": 1, ""to_state_occurrence_index"": 2}, {""from_state_occurrence_index"": 2, ""to_state_occurrence_index"": 3}]}","{""permutation_disposition"": ""FUTURE_FORWARD_FIX"", ""permutation_narrative"": ""Major and Prime reached no discriminative chief criterion; the original trajectory is preserved by economy of intervention. In OPEN this is a presumption to preserve, not proof that the permuted realization is contextually inferior."", ""unresolved_profile"": {""total_state_count"": 4, ""unknown_state_count"": 0, ""unknown_state_ratio"": 0.0, ""unknown_state_occurrence_indices"": [], ""unknown_runs"": [], ""fully_unresolved"": false}}",2358.1567998044193,51418.419499881566,4.476799862459302,53781.22869995423,False,False
stress-same-pair-oscillation-001,LLM_MDPAR,7,en,es,"Although the absence of a signature does not prove that the document is false, it does prevent concluding that it is authentic until other independent evidence emerges.","Aunque la ausencia de una firma no demuestra que el documento sea falso, sí impide concluir que sea auténtico mientras no aparezca otra prueba independiente.","{""residual_uncertainty"": 0.0, ""structural_compatibility"": null, ""structural_brittleness"": null, ""weakest_legibility"": 1.0, ""legibility_spread"": 0.0, ""cognitive_remembrance"": 1.0, ""structural_mark"": {""uncertainty"": ""MAXIMUM"", ""compatibility"": ""NOT_ESTIMABLE"", ""robustness"": ""NOT_ESTIMABLE"", ""legibility"": ""MAXIMUM"", ""short_label"": ""U:MAX|C:NA|R:NA|L:MAX"", ""fully_estimable"": false}, ""structural_basis"": ""PARTIALLY_ESTIMABLE"", ""state_path"": [""WHAT"", ""WHAT"", ""WHEN""], ""transition_path"": [""CHAIN_CONNECTOR"", ""CHAIN_CONNECTOR""], ""unknown_state_ratio"": 0.0}","{""residual_uncertainty"": {""canonical"": 0.0, ""observed"": 0.0, ""comparable"": true, ""absolute_difference"": 0.0}, ""structural_compatibility"": {""canonical"": null, ""observed"": null, ""comparable"": false, ""absolute_difference"": null}, ""structural_brittleness"": {""canonical"": null, ""observed"": null, ""comparable"": false, ""absolute_difference"": null}, ""weakest_legibility"": {""canonical"": 1.0, ""observed"": 1.0, ""comparable"": true, ""absolute_difference"": 0.0}, ""legibility_spread"": {""canonical"": 0.0, ""observed"": 0.0, ""comparable"": true, ""absolute_difference"": 0.0}, ""cognitive_remembrance"": {""canonical"": 1.0, ""observed"": 1.0, ""comparable"": true, ""absolute_difference"": 0.0}, ""unknown_state_ratio"": {""canonical"": 0.0, ""observed"": 0.0, ""comparable"": true, ""absolute_difference"": 0.0}, ""structural_mark_preserved"": true, ""structural_basis_preserved"": true, ""state_path_preserved"": true, ""transition_path_preserved"": true}","{""state_sequence"": [""WHAT"", ""WHAT"", ""WHEN""], ""relation_sequence"": [""WHAT|CHAIN_CONNECTOR|WHAT|EXPLICIT"", ""WHAT|CHAIN_CONNECTOR|WHEN|EXPLICIT""], ""trajectory_boundaries"": [2], ""trajectory_ranges"": [{""start_state_occurrence_index"": 0, ""end_state_occurrence_index"": 2}], ""relation_occurrences"": [{""from_state_occurrence_index"": 0, ""to_state_occurrence_index"": 1}, {""from_state_occurrence_index"": 1, ""to_state_occurrence_index"": 2}]}","{""permutation_disposition"": ""FUTURE_FORWARD_FIX"", ""permutation_narrative"": ""Major and Prime reached no discriminative chief criterion; the original trajectory is preserved by economy of intervention. In OPEN this is a presumption to preserve, not proof that the permuted realization is contextually inferior."", ""unresolved_profile"": {""total_state_count"": 3, ""unknown_state_count"": 0, ""unknown_state_ratio"": 0.0, ""unknown_state_occurrence_indices"": [], ""unknown_runs"": [], ""fully_unresolved"": false}}",3007.277400000021,37113.03660017438,2.2939001210033894,40122.717099962756,False,True
stress-long-chain-001,LLM_ONLY,0,es,en,"La comisión aceptará la propuesta solo si el informe técnico es favorable y si ninguna auditoría detecta una contradicción material. Un informe favorable, por sí solo, no garantiza la aceptación; y una contradicción menor no basta para rechazarla.","The commission will accept the proposal only if the technical report is favorable and no audit detects a material contradiction. A favorable report, by itself, does not guarantee acceptance; and a minor contradiction is not sufficient to reject it.","{""residual_uncertainty"": 0.0, ""structural_compatibility"": null, ""structural_brittleness"": 0.0, ""weakest_legibility"": 1.0, ""legibility_spread"": 0.0, ""cognitive_remembrance"": 1.0, ""structural_mark"": {""uncertainty"": ""MAXIMUM"", ""compatibility"": ""NOT_ESTIMABLE"", ""robustness"": ""MAXIMUM"", ""legibility"": ""MAXIMUM"", ""short_label"": ""U:MAX|C:NA|R:MAX|L:MAX"", ""fully_estimable"": false}, ""structural_basis"": ""PARTIALLY_ESTIMABLE"", ""state_path"": [""WHAT"", ""WHY"", ""WHY"", ""WHAT"", ""WHY"", ""WHAT""], ""transition_path"": [""GENERATIVE_LINK"", ""INTERPRETIVE_PROJECTION"", ""INTERPRETIVE_PROJECTION""], ""unknown_state_ratio"": 0.0}","{""residual_uncertainty"": {""canonical"": 0.0, ""observed"": 0.0, ""comparable"": true, ""absolute_difference"": 0.0}, ""structural_compatibility"": {""canonical"": null, ""observed"": null, ""comparable"": false, ""absolute_difference"": null}, ""structural_brittleness"": {""canonical"": 0.0, ""observed"": 0.0, ""comparable"": true, ""absolute_difference"": 0.0}, ""weakest_legibility"": {""canonical"": 1.0, ""observed"": 1.0, ""comparable"": true, ""absolute_difference"": 0.0}, ""legibility_spread"": {""canonical"": 0.0, ""observed"": 0.0, ""comparable"": true, ""absolute_difference"": 0.0}, ""cognitive_remembrance"": {""canonical"": 0.7142857142857143, ""observed"": 1.0, ""comparable"": true, ""absolute_difference"": 0.2857142857142857}, ""unknown_state_ratio"": {""canonical"": 0.0, ""observed"": 0.0, ""comparable"": true, ""absolute_difference"": 0.0}, ""structural_mark_preserved"": true, ""structural_basis_preserved"": true, ""state_path_preserved"": false, ""transition_path_preserved"": false}","{""state_sequence"": [""WHAT"", ""WHY"", ""WHY"", ""WHAT"", ""WHY"", ""WHAT""], ""relation_sequence"": [""WHAT|GENERATIVE_LINK|WHY|EXPLICIT"", ""WHY|INTERPRETIVE_PROJECTION|WHAT|EXPLICIT"", ""WHY|INTERPRETIVE_PROJECTION|WHAT|EXPLICIT""], ""trajectory_boundaries"": [1, 3, 5], ""trajectory_ranges"": [{""start_state_occurrence_index"": 0, ""end_state_occurrence_index"": 1}, {""start_state_occurrence_index"": 2, ""end_state_occurrence_index"": 3}, {""start_state_occurrence_index"": 4, ""end_state_occurrence_index"": 5}], ""relation_occurrences"": [{""from_state_occurrence_index"": 0, ""to_state_occurrence_index"": 1}, {""from_state_occurrence_index"": 2, ""to_state_occurrence_index"": 3}, {""from_state_occurrence_index"": 4, ""to_state_occurrence_index"": 5}]}","{""permutation_disposition"": ""FUTURE_FORWARD_FIX"", ""permutation_narrative"": ""Major and Prime reached no discriminative chief criterion; the original trajectory is preserved by economy of intervention. In OPEN this is a presumption to preserve, not proof that the permuted realization is contextually inferior."", ""unresolved_profile"": {""total_state_count"": 6, ""unknown_state_count"": 0, ""unknown_state_ratio"": 0.0, ""unknown_state_occurrence_indices"": [], ""unknown_runs"": [], ""fully_unresolved"": false}}",1800.0581001397222,60733.62890002318,5.353800021111965,62539.156900020316,False,False
stress-long-chain-001,LLM_ONLY,1,en,de,"The commission will accept the proposal only if the technical report is favorable and no audit detects a material contradiction. A favorable report, by itself, does not guarantee acceptance; and a minor contradiction is not sufficient to reject it.","Die Kommission wird den Vorschlag nur dann annehmen, wenn der technische Bericht positiv ausfällt und bei keiner Prüfung ein wesentlicher Widerspruch festgestellt wird. Ein positiver Bericht allein garantiert die Annahme nicht; und ein geringfügiger Widerspruch reicht nicht aus, um den Vorschlag abzulehnen.","{""residual_uncertainty"": 0.0, ""structural_compatibility"": null, ""structural_brittleness"": 0.0, ""weakest_legibility"": 1.0, ""legibility_spread"": 0.0, ""cognitive_remembrance"": 1.0, ""structural_mark"": {""uncertainty"": ""MAXIMUM"", ""compatibility"": ""NOT_ESTIMABLE"", ""robustness"": ""MAXIMUM"", ""legibility"": ""MAXIMUM"", ""short_label"": ""U:MAX|C:NA|R:MAX|L:MAX"", ""fully_estimable"": false}, ""structural_basis"": ""PARTIALLY_ESTIMABLE"", ""state_path"": [""WHAT"", ""WHY"", ""WHY"", ""WHY"", ""WHAT"", ""WHY"", ""WHAT""], ""transition_path"": [""GENERATIVE_LINK"", ""CHAIN_CONNECTOR"", ""INTERPRETIVE_PROJECTION"", ""INTERPRETIVE_PROJECTION""], ""unknown_state_ratio"": 0.0}","{""residual_uncertainty"": {""canonical"": 0.0, ""observed"": 0.0, ""comparable"": true, ""absolute_difference"": 0.0}, ""structural_compatibility"": {""canonical"": null, ""observed"": null, ""comparable"": false, ""absolute_difference"": null}, ""structural_brittleness"": {""canonical"": 0.0, ""observed"": 0.0, ""comparable"": true, ""absolute_difference"": 0.0}, ""weakest_legibility"": {""canonical"": 1.0, ""observed"": 1.0, ""comparable"": true, ""absolute_difference"": 0.0}, ""legibility_spread"": {""canonical"": 0.0, ""observed"": 0.0, ""comparable"": true, ""absolute_difference"": 0.0}, ""cognitive_remembrance"": {""canonical"": 0.7142857142857143, ""observed"": 1.0, ""comparable"": true, ""absolute_difference"": 0.2857142857142857}, ""unknown_state_ratio"": {""canonical"": 0.0, ""observed"": 0.0, ""comparable"": true, ""absolute_difference"": 0.0}, ""structural_mark_preserved"": true, ""structural_basis_preserved"": true, ""state_path_preserved"": true, ""transition_path_preserved"": true}","{""state_sequence"": [""WHAT"", ""WHY"", ""WHY"", ""WHY"", ""WHAT"", ""WHY"", ""WHAT""], ""relation_sequence"": [""WHAT|GENERATIVE_LINK|WHY|EXPLICIT"", ""WHY|CHAIN_CONNECTOR|WHY|EXPLICIT"", ""WHY|INTERPRETIVE_PROJECTION|WHAT|EXPLICIT"", ""WHY|INTERPRETIVE_PROJECTION|WHAT|EXPLICIT""], ""trajectory_boundaries"": [2, 4, 6], ""trajectory_ranges"": [{""start_state_occurrence_index"": 0, ""end_state_occurrence_index"": 2}, {""start_state_occurrence_index"": 3, ""end_state_occurrence_index"": 4}, {""start_state_occurrence_index"": 5, ""end_state_occurrence_index"": 6}], ""relation_occurrences"": [{""from_state_occurrence_index"": 0, ""to_state_occurrence_index"": 1}, {""from_state_occurrence_index"": 1, ""to_state_occurrence_index"": 2}, {""from_state_occurrence_index"": 3, ""to_state_occurrence_index"": 4}, {""from_state_occurrence_index"": 5, ""to_state_occurrence_index"": 6}]}","{""permutation_disposition"": ""FUTURE_FORWARD_FIX"", ""permutation_narrative"": ""Major and Prime reached no discriminative chief criterion; the original trajectory is preserved by economy of intervention. In OPEN this is a presumption to preserve, not proof that the permuted realization is contextually inferior."", ""unresolved_profile"": {""total_state_count"": 7, ""unknown_state_count"": 0, ""unknown_state_ratio"": 0.0, ""unknown_state_occurrence_indices"": [], ""unknown_runs"": [], ""fully_unresolved"": false}}",1994.2591001745313,85632.88159994408,5.312700057402253,87632.54970009439,False,False
stress-long-chain-001,LLM_ONLY,2,de,ja,"Die Kommission wird den Vorschlag nur dann annehmen, wenn der technische Bericht positiv ausfällt und bei keiner Prüfung ein wesentlicher Widerspruch festgestellt wird. Ein positiver Bericht allein garantiert die Annahme nicht; und ein geringfügiger Widerspruch reicht nicht aus, um den Vorschlag abzulehnen.",委員会がその提案を採択するのは、技術報告書が肯定的な結果となり、かつ、いずれの審査においても重大な矛盾が認められない場合に限られる。肯定的な報告書だけでは採択は保証されず、また、軽微な矛盾だけではその提案を却下するには不十分である。,"{""residual_uncertainty"": 0.0, ""structural_compatibility"": null, ""structural_brittleness"": 0.0, ""weakest_legibility"": 1.0, ""legibility_spread"": 0.0, ""cognitive_remembrance"": 1.0, ""structural_mark"": {""uncertainty"": ""MAXIMUM"", ""compatibility"": ""NOT_ESTIMABLE"", ""robustness"": ""MAXIMUM"", ""legibility"": ""MAXIMUM"", ""short_label"": ""U:MAX|C:NA|R:MAX|L:MAX"", ""fully_estimable"": false}, ""structural_basis"": ""PARTIALLY_ESTIMABLE"", ""state_path"": [""WHAT"", ""WHY"", ""WHY"", ""WHAT"", ""WHY"", ""WHAT""], ""transition_path"": [""GENERATIVE_LINK"", ""INTERPRETIVE_PROJECTION"", ""INTERPRETIVE_PROJECTION""], ""unknown_state_ratio"": 0.0}","{""residual_uncertainty"": {""canonical"": 0.0, ""observed"": 0.0, ""comparable"": true, ""absolute_difference"": 0.0}, ""structural_compatibility"": {""canonical"": null, ""observed"": null, ""comparable"": false, ""absolute_difference"": null}, ""structural_brittleness"": {""canonical"": 0.0, ""observed"": 0.0, ""comparable"": true, ""absolute_difference"": 0.0}, ""weakest_legibility"": {""canonical"": 1.0, ""observed"": 1.0, ""comparable"": true, ""absolute_difference"": 0.0}, ""legibility_spread"": {""canonical"": 0.0, ""observed"": 0.0, ""comparable"": true, ""absolute_difference"": 0.0}, ""cognitive_remembrance"": {""canonical"": 0.7142857142857143, ""observed"": 1.0, ""comparable"": true, ""absolute_difference"": 0.2857142857142857}, ""unknown_state_ratio"": {""canonical"": 0.0, ""observed"": 0.0, ""comparable"": true, ""absolute_difference"": 0.0}, ""structural_mark_preserved"": true, ""structural_basis_preserved"": true, ""state_path_preserved"": false, ""transition_path_preserved"": false}","{""state_sequence"": [""WHAT"", ""WHY"", ""WHY"", ""WHAT"", ""WHY"", ""WHAT""], ""relation_sequence"": [""WHAT|GENERATIVE_LINK|WHY|EXPLICIT"", ""WHY|INTERPRETIVE_PROJECTION|WHAT|EXPLICIT"", ""WHY|INTERPRETIVE_PROJECTION|WHAT|EXPLICIT""], ""trajectory_boundaries"": [1, 3, 5], ""trajectory_ranges"": [{""start_state_occurrence_index"": 0, ""end_state_occurrence_index"": 1}, {""start_state_occurrence_index"": 2, ""end_state_occurrence_index"": 3}, {""start_state_occurrence_index"": 4, ""end_state_occurrence_index"": 5}], ""relation_occurrences"": [{""from_state_occurrence_index"": 0, ""to_state_occurrence_index"": 1}, {""from_state_occurrence_index"": 2, ""to_state_occurrence_index"": 3}, {""from_state_occurrence_index"": 4, ""to_state_occurrence_index"": 5}]}","{""permutation_disposition"": ""FUTURE_FORWARD_FIX"", ""permutation_narrative"": ""Major and Prime reached no discriminative chief criterion; the original trajectory is preserved by economy of intervention. In OPEN this is a presumption to preserve, not proof that the permuted realization is contextually inferior."", ""unresolved_profile"": {""total_state_count"": 6, ""unknown_state_count"": 0, ""unknown_state_ratio"": 0.0, ""unknown_state_occurrence_indices"": [], ""unknown_runs"": [], ""fully_unresolved"": false}}",2639.0802001114935,95622.62020003982,4.962199833244085,98266.75809989683,False,False
stress-long-chain-001,LLM_ONLY,3,ja,tr,委員会がその提案を採択するのは、技術報告書が肯定的な結果となり、かつ、いずれの審査においても重大な矛盾が認められない場合に限られる。肯定的な報告書だけでは採択は保証されず、また、軽微な矛盾だけではその提案を却下するには不十分である。,Komite bu öneriyi yalnızca teknik raporun olumlu sonuçlanması ve incelemelerin hiçbirinde ciddi bir çelişki tespit edilmemesi hâlinde kabul eder. Yalnızca olumlu bir rapor kabulü garanti etmez; ayrıca küçük çelişkiler tek başına öneriyi reddetmek için yeterli değildir.,"{""residual_uncertainty"": 0.0, ""structural_compatibility"": null, ""structural_brittleness"": 0.0, ""weakest_legibility"": 1.0, ""legibility_spread"": 0.0, ""cognitive_remembrance"": 1.0, ""structural_mark"": {""uncertainty"": ""MAXIMUM"", ""compatibility"": ""NOT_ESTIMABLE"", ""robustness"": ""MAXIMUM"", ""legibility"": ""MAXIMUM"", ""short_label"": ""U:MAX|C:NA|R:MAX|L:MAX"", ""fully_estimable"": false}, ""structural_basis"": ""PARTIALLY_ESTIMABLE"", ""state_path"": [""WHY"", ""WHAT"", ""WHY"", ""WHAT"", ""WHY"", ""WHAT""], ""transition_path"": [""INTERPRETIVE_PROJECTION"", ""INTERPRETIVE_PROJECTION"", ""INTERPRETIVE_PROJECTION""], ""unknown_state_ratio"": 0.0}","{""residual_uncertainty"": {""canonical"": 0.0, ""observed"": 0.0, ""comparable"": true, ""absolute_difference"": 0.0}, ""structural_compatibility"": {""canonical"": null, ""observed"": null, ""comparable"": false, ""absolute_difference"": null}, ""structural_brittleness"": {""canonical"": 0.0, ""observed"": 0.0, ""comparable"": true, ""absolute_difference"": 0.0}, ""weakest_legibility"": {""canonical"": 1.0, ""observed"": 1.0, ""comparable"": true, ""absolute_difference"": 0.0}, ""legibility_spread"": {""canonical"": 0.0, ""observed"": 0.0, ""comparable"": true, ""absolute_difference"": 0.0}, ""cognitive_remembrance"": {""canonical"": 0.7142857142857143, ""observed"": 1.0, ""comparable"": true, ""absolute_difference"": 0.2857142857142857}, ""unknown_state_ratio"": {""canonical"": 0.0, ""observed"": 0.0, ""comparable"": true, ""absolute_difference"": 0.0}, ""structural_mark_preserved"": true, ""structural_basis_preserved"": true, ""state_path_preserved"": false, ""transition_path_preserved"": false}","{""state_sequence"": [""WHY"", ""WHAT"", ""WHY"", ""WHAT"", ""WHY"", ""WHAT""], ""relation_sequence"": [""WHY|INTERPRETIVE_PROJECTION|WHAT|EXPLICIT"", ""WHY|INTERPRETIVE_PROJECTION|WHAT|EXPLICIT"", ""WHY|INTERPRETIVE_PROJECTION|WHAT|EXPLICIT""], ""trajectory_boundaries"": [1, 3, 5], ""trajectory_ranges"": [{""start_state_occurrence_index"": 0, ""end_state_occurrence_index"": 1}, {""start_state_occurrence_index"": 2, ""end_state_occurrence_index"": 3}, {""start_state_occurrence_index"": 4, ""end_state_occurrence_index"": 5}], ""relation_occurrences"": [{""from_state_occurrence_index"": 0, ""to_state_occurrence_index"": 1}, {""from_state_occurrence_index"": 2, ""to_state_occurrence_index"": 3}, {""from_state_occurrence_index"": 4, ""to_state_occurrence_index"": 5}]}","{""permutation_disposition"": ""FUTURE_FORWARD_FIX"", ""permutation_narrative"": ""Major and Prime reached no discriminative chief criterion; the original trajectory is preserved by economy of intervention. In OPEN this is a presumption to preserve, not proof that the permuted realization is contextually inferior."", ""unresolved_profile"": {""total_state_count"": 6, ""unknown_state_count"": 0, ""unknown_state_ratio"": 0.0, ""unknown_state_occurrence_indices"": [], ""unknown_runs"": [], ""fully_unresolved"": false}}",1925.170699832961,75536.53779998422,5.548499990254641,77467.40960003808,False,False
stress-long-chain-001,LLM_ONLY,4,tr,ar,Komite bu öneriyi yalnızca teknik raporun olumlu sonuçlanması ve incelemelerin hiçbirinde ciddi bir çelişki tespit edilmemesi hâlinde kabul eder. Yalnızca olumlu bir rapor kabulü garanti etmez; ayrıca küçük çelişkiler tek başına öneriyi reddetmek için yeterli değildir.,لا تقبل اللجنة هذا الاقتراح إلا إذا خلص التقرير الفني إلى نتيجة إيجابية ولم يُكتشف أي تناقض خطير في أيٍّ من المراجعات. والتقرير الإيجابي وحده لا يضمن القبول؛ كما أن التناقضات الطفيفة لا تكفي وحدها لرفض الاقتراح.,"{""residual_uncertainty"": 0.0, ""structural_compatibility"": null, ""structural_brittleness"": null, ""weakest_legibility"": 1.0, ""legibility_spread"": 0.0, ""cognitive_remembrance"": 0.7142857142857143, ""structural_mark"": {""uncertainty"": ""MAXIMUM"", ""compatibility"": ""NOT_ESTIMABLE"", ""robustness"": ""NOT_ESTIMABLE"", ""legibility"": ""MAXIMUM"", ""short_label"": ""U:MAX|C:NA|R:NA|L:MAX"", ""fully_estimable"": false}, ""structural_basis"": ""PARTIALLY_ESTIMABLE"", ""state_path"": [""WHAT"", ""WHY"", ""WHY"", ""WHY"", ""WHY""], ""transition_path"": [""GENERATIVE_LINK"", ""CHAIN_CONNECTOR"", ""CHAIN_CONNECTOR"", ""CHAIN_CONNECTOR""], ""unknown_state_ratio"": 0.0}","{""residual_uncertainty"": {""canonical"": 0.0, ""observed"": 0.0, ""comparable"": true, ""absolute_difference"": 0.0}, ""structural_compatibility"": {""canonical"": null, ""observed"": null, ""comparable"": false, ""absolute_difference"": null}, ""structural_brittleness"": {""canonical"": 0.0, ""observed"": null, ""comparable"": false, ""absolute_difference"": null}, ""weakest_legibility"": {""canonical"": 1.0, ""observed"": 1.0, ""comparable"": true, ""absolute_difference"": 0.0}, ""legibility_spread"": {""canonical"": 0.0, ""observed"": 0.0, ""comparable"": true, ""absolute_difference"": 0.0}, ""cognitive_remembrance"": {""canonical"": 0.7142857142857143, ""observed"": 0.7142857142857143, ""comparable"": true, ""absolute_difference"": 0.0}, ""unknown_state_ratio"": {""canonical"": 0.0, ""observed"": 0.0, ""comparable"": true, ""absolute_difference"": 0.0}, ""structural_mark_preserved"": false, ""structural_basis_preserved"": true, ""state_path_preserved"": false, ""transition_path_preserved"": false}","{""state_sequence"": [""WHAT"", ""WHY"", ""WHY"", ""WHY"", ""WHY""], ""relation_sequence"": [""WHAT|GENERATIVE_LINK|WHY|EXPLICIT"", ""WHY|CHAIN_CONNECTOR|WHY|EXPLICIT"", ""WHY|CHAIN_CONNECTOR|WHY|EXPLICIT"", ""WHY|CHAIN_CONNECTOR|WHY|EXPLICIT""], ""trajectory_boundaries"": [4], ""trajectory_ranges"": [{""start_state_occurrence_index"": 0, ""end_state_occurrence_index"": 4}], ""relation_occurrences"": [{""from_state_occurrence_index"": 0, ""to_state_occurrence_index"": 1}, {""from_state_occurrence_index"": 1, ""to_state_occurrence_index"": 2}, {""from_state_occurrence_index"": 2, ""to_state_occurrence_index"": 3}, {""from_state_occurrence_index"": 3, ""to_state_occurrence_index"": 4}]}","{""permutation_disposition"": ""FUTURE_FORWARD_FIX"", ""permutation_narrative"": ""Major and Prime reached no discriminative chief criterion; the original trajectory is preserved by economy of intervention. In OPEN this is a presumption to preserve, not proof that the permuted realization is contextually inferior."", ""unresolved_profile"": {""total_state_count"": 5, ""unknown_state_count"": 0, ""unknown_state_ratio"": 0.0, ""unknown_state_occurrence_indices"": [], ""unknown_runs"": [], ""fully_unresolved"": false}}",3125.6995999719948,118236.99979996309,5.537700140848756,121368.44839993864,False,False
stress-long-chain-001,LLM_ONLY,5,ar,fi,لا تقبل اللجنة هذا الاقتراح إلا إذا خلص التقرير الفني إلى نتيجة إيجابية ولم يُكتشف أي تناقض خطير في أيٍّ من المراجعات. والتقرير الإيجابي وحده لا يضمن القبول؛ كما أن التناقضات الطفيفة لا تكفي وحدها لرفض الاقتراح.,"Komitea ei hyväksy tätä ehdotusta, ellei teknisessä raportissa päädytä myönteiseen tulokseen eikä yhdessäkään arvioinnissa havaita vakavaa ristiriitaa. Pelkkä myönteinen raportti ei takaa hyväksymistä, eivätkä vähäiset ristiriidat yksin riitä ehdotuksen hylkäämiseen.","{""residual_uncertainty"": 0.0, ""structural_compatibility"": null, ""structural_brittleness"": null, ""weakest_legibility"": 1.0, ""legibility_spread"": 0.0, ""cognitive_remembrance"": 0.7142857142857143, ""structural_mark"": {""uncertainty"": ""MAXIMUM"", ""compatibility"": ""NOT_ESTIMABLE"", ""robustness"": ""NOT_ESTIMABLE"", ""legibility"": ""MAXIMUM"", ""short_label"": ""U:MAX|C:NA|R:NA|L:MAX"", ""fully_estimable"": false}, ""structural_basis"": ""PARTIALLY_ESTIMABLE"", ""state_path"": [""WHAT"", ""WHY"", ""WHY"", ""WHY"", ""WHY""], ""transition_path"": [""GENERATIVE_LINK"", ""CHAIN_CONNECTOR"", ""CHAIN_CONNECTOR""], ""unknown_state_ratio"": 0.0}","{""residual_uncertainty"": {""canonical"": 0.0, ""observed"": 0.0, ""comparable"": true, ""absolute_difference"": 0.0}, ""structural_compatibility"": {""canonical"": null, ""observed"": null, ""comparable"": false, ""absolute_difference"": null}, ""structural_brittleness"": {""canonical"": 0.0, ""observed"": null, ""comparable"": false, ""absolute_difference"": null}, ""weakest_legibility"": {""canonical"": 1.0, ""observed"": 1.0, ""comparable"": true, ""absolute_difference"": 0.0}, ""legibility_spread"": {""canonical"": 0.0, ""observed"": 0.0, ""comparable"": true, ""absolute_difference"": 0.0}, ""cognitive_remembrance"": {""canonical"": 0.7142857142857143, ""observed"": 0.7142857142857143, ""comparable"": true, ""absolute_difference"": 0.0}, ""unknown_state_ratio"": {""canonical"": 0.0, ""observed"": 0.0, ""comparable"": true, ""absolute_difference"": 0.0}, ""structural_mark_preserved"": false, ""structural_basis_preserved"": true, ""state_path_preserved"": false, ""transition_path_preserved"": false}","{""state_sequence"": [""WHAT"", ""WHY"", ""WHY"", ""WHY"", ""WHY""], ""relation_sequence"": [""WHAT|GENERATIVE_LINK|WHY|EXPLICIT"", ""WHY|CHAIN_CONNECTOR|WHY|EXPLICIT"", ""WHY|CHAIN_CONNECTOR|WHY|EXPLICIT""], ""trajectory_boundaries"": [2, 4], ""trajectory_ranges"": [{""start_state_occurrence_index"": 0, ""end_state_occurrence_index"": 2}, {""start_state_occurrence_index"": 3, ""end_state_occurrence_index"": 4}], ""relation_occurrences"": [{""from_state_occurrence_index"": 0, ""to_state_occurrence_index"": 1}, {""from_state_occurrence_index"": 1, ""to_state_occurrence_index"": 2}, {""from_state_occurrence_index"": 3, ""to_state_occurrence_index"": 4}]}","{""permutation_disposition"": ""FUTURE_FORWARD_FIX"", ""permutation_narrative"": ""Major and Prime reached no discriminative chief criterion; the original trajectory is preserved by economy of intervention. In OPEN this is a presumption to preserve, not proof that the permuted realization is contextually inferior."", ""unresolved_profile"": {""total_state_count"": 5, ""unknown_state_count"": 0, ""unknown_state_ratio"": 0.0, ""unknown_state_occurrence_indices"": [], ""unknown_runs"": [], ""fully_unresolved"": false}}",7403.59909995459,112652.20859996043,5.182200111448765,120061.12640001811,False,False
stress-long-chain-001,LLM_ONLY,6,fi,fr,"Komitea ei hyväksy tätä ehdotusta, ellei teknisessä raportissa päädytä myönteiseen tulokseen eikä yhdessäkään arvioinnissa havaita vakavaa ristiriitaa. Pelkkä myönteinen raportti ei takaa hyväksymistä, eivätkä vähäiset ristiriidat yksin riitä ehdotuksen hylkäämiseen.","Le comité n’approuve pas cette proposition, à moins que le rapport technique ne parvienne à une conclusion positive et qu’aucune évaluation ne révèle de contradiction grave. Un rapport positif à lui seul ne garantit pas l’approbation, et des contradictions mineures ne suffisent pas à elles seules à entraîner le rejet de la proposition.","{""residual_uncertainty"": 0.0, ""structural_compatibility"": null, ""structural_brittleness"": null, ""weakest_legibility"": 1.0, ""legibility_spread"": 0.0, ""cognitive_remembrance"": 0.7142857142857143, ""structural_mark"": {""uncertainty"": ""MAXIMUM"", ""compatibility"": ""NOT_ESTIMABLE"", ""robustness"": ""NOT_ESTIMABLE"", ""legibility"": ""MAXIMUM"", ""short_label"": ""U:MAX|C:NA|R:NA|L:MAX"", ""fully_estimable"": false}, ""structural_basis"": ""PARTIALLY_ESTIMABLE"", ""state_path"": [""WHAT"", ""WHY"", ""WHY"", ""HOW_MUCH"", ""HOW_MUCH""], ""transition_path"": [""GENERATIVE_LINK"", ""CHAIN_CONNECTOR"", ""CHAIN_CONNECTOR"", ""CHAIN_CONNECTOR""], ""unknown_state_ratio"": 0.0}","{""residual_uncertainty"": {""canonical"": 0.0, ""observed"": 0.0, ""comparable"": true, ""absolute_difference"": 0.0}, ""structural_compatibility"": {""canonical"": null, ""observed"": null, ""comparable"": false, ""absolute_difference"": null}, ""structural_brittleness"": {""canonical"": 0.0, ""observed"": null, ""comparable"": false, ""absolute_difference"": null}, ""weakest_legibility"": {""canonical"": 1.0, ""observed"": 1.0, ""comparable"": true, ""absolute_difference"": 0.0}, ""legibility_spread"": {""canonical"": 0.0, ""observed"": 0.0, ""comparable"": true, ""absolute_difference"": 0.0}, ""cognitive_remembrance"": {""canonical"": 0.7142857142857143, ""observed"": 0.7142857142857143, ""comparable"": true, ""absolute_difference"": 0.0}, ""unknown_state_ratio"": {""canonical"": 0.0, ""observed"": 0.0, ""comparable"": true, ""absolute_difference"": 0.0}, ""structural_mark_preserved"": false, ""structural_basis_preserved"": true, ""state_path_preserved"": false, ""transition_path_preserved"": false}","{""state_sequence"": [""WHAT"", ""WHY"", ""WHY"", ""HOW_MUCH"", ""HOW_MUCH""], ""relation_sequence"": [""WHAT|GENERATIVE_LINK|WHY|EXPLICIT"", ""WHY|CHAIN_CONNECTOR|WHY|EXPLICIT"", ""WHY|CHAIN_CONNECTOR|HOW_MUCH|IMPLICIT"", ""HOW_MUCH|CHAIN_CONNECTOR|HOW_MUCH|EXPLICIT""], ""trajectory_boundaries"": [4], ""trajectory_ranges"": [{""start_state_occurrence_index"": 0, ""end_state_occurrence_index"": 4}], ""relation_occurrences"": [{""from_state_occurrence_index"": 0, ""to_state_occurrence_index"": 1}, {""from_state_occurrence_index"": 1, ""to_state_occurrence_index"": 2}, {""from_state_occurrence_index"": 2, ""to_state_occurrence_index"": 3}, {""from_state_occurrence_index"": 3, ""to_state_occurrence_index"": 4}]}","{""permutation_disposition"": ""FUTURE_FORWARD_FIX"", ""permutation_narrative"": ""Major and Prime reached no discriminative chief criterion; the original trajectory is preserved by economy of intervention. In OPEN this is a presumption to preserve, not proof that the permuted realization is contextually inferior."", ""unresolved_profile"": {""total_state_count"": 5, ""unknown_state_count"": 0, ""unknown_state_ratio"": 0.0, ""unknown_state_occurrence_indices"": [], ""unknown_runs"": [], ""fully_unresolved"": false}}",6225.618500029668,115154.85169994645,5.7743999641388655,121386.42819994129,False,False
stress-long-chain-001,LLM_ONLY,7,fr,it,"Le comité n’approuve pas cette proposition, à moins que le rapport technique ne parvienne à une conclusion positive et qu’aucune évaluation ne révèle de contradiction grave. Un rapport positif à lui seul ne garantit pas l’approbation, et des contradictions mineures ne suffisent pas à elles seules à entraîner le rejet de la proposition.","Il comitato non approva questa proposta, a meno che la relazione tecnica non giunga a una conclusione positiva e nessuna valutazione riveli una grave contraddizione. Una relazione positiva, da sola, non garantisce l’approvazione, e contraddizioni minori non sono sufficienti, da sole, a comportare il rigetto della proposta.","{""residual_uncertainty"": 0.0, ""structural_compatibility"": null, ""structural_brittleness"": 0.0, ""weakest_legibility"": 1.0, ""legibility_spread"": 0.0, ""cognitive_remembrance"": 0.7142857142857143, ""structural_mark"": {""uncertainty"": ""MAXIMUM"", ""compatibility"": ""NOT_ESTIMABLE"", ""robustness"": ""MAXIMUM"", ""legibility"": ""MAXIMUM"", ""short_label"": ""U:MAX|C:NA|R:MAX|L:MAX"", ""fully_estimable"": false}, ""structural_basis"": ""PARTIALLY_ESTIMABLE"", ""state_path"": [""WHAT"", ""WHY"", ""WHY"", ""WHAT"", ""WHY"", ""WHAT""], ""transition_path"": [""GENERATIVE_LINK"", ""INTERPRETIVE_PROJECTION"", ""INTERPRETIVE_PROJECTION""], ""unknown_state_ratio"": 0.0}","{""residual_uncertainty"": {""canonical"": 0.0, ""observed"": 0.0, ""comparable"": true, ""absolute_difference"": 0.0}, ""structural_compatibility"": {""canonical"": null, ""observed"": null, ""comparable"": false, ""absolute_difference"": null}, ""structural_brittleness"": {""canonical"": 0.0, ""observed"": 0.0, ""comparable"": true, ""absolute_difference"": 0.0}, ""weakest_legibility"": {""canonical"": 1.0, ""observed"": 1.0, ""comparable"": true, ""absolute_difference"": 0.0}, ""legibility_spread"": {""canonical"": 0.0, ""observed"": 0.0, ""comparable"": true, ""absolute_difference"": 0.0}, ""cognitive_remembrance"": {""canonical"": 0.7142857142857143, ""observed"": 0.7142857142857143, ""comparable"": true, ""absolute_difference"": 0.0}, ""unknown_state_ratio"": {""canonical"": 0.0, ""observed"": 0.0, ""comparable"": true, ""absolute_difference"": 0.0}, ""structural_mark_preserved"": true, ""structural_basis_preserved"": true, ""state_path_preserved"": false, ""transition_path_preserved"": false}","{""state_sequence"": [""WHAT"", ""WHY"", ""WHY"", ""WHAT"", ""WHY"", ""WHAT""], ""relation_sequence"": [""WHAT|GENERATIVE_LINK|WHY|EXPLICIT"", ""WHY|INTERPRETIVE_PROJECTION|WHAT|EXPLICIT"", ""WHY|INTERPRETIVE_PROJECTION|WHAT|EXPLICIT""], ""trajectory_boundaries"": [1, 3, 5], ""trajectory_ranges"": [{""start_state_occurrence_index"": 0, ""end_state_occurrence_index"": 1}, {""start_state_occurrence_index"": 2, ""end_state_occurrence_index"": 3}, {""start_state_occurrence_index"": 4, ""end_state_occurrence_index"": 5}], ""relation_occurrences"": [{""from_state_occurrence_index"": 0, ""to_state_occurrence_index"": 1}, {""from_state_occurrence_index"": 2, ""to_state_occurrence_index"": 3}, {""from_state_occurrence_index"": 4, ""to_state_occurrence_index"": 5}]}","{""permutation_disposition"": ""FUTURE_FORWARD_FIX"", ""permutation_narrative"": ""Major and Prime reached no discriminative chief criterion; the original trajectory is preserved by economy of intervention. In OPEN this is a presumption to preserve, not proof that the permuted realization is contextually inferior."", ""unresolved_profile"": {""total_state_count"": 6, ""unknown_state_count"": 0, ""unknown_state_ratio"": 0.0, ""unknown_state_occurrence_indices"": [], ""unknown_runs"": [], ""fully_unresolved"": false}}",1971.3170998729765,112234.5021001529,6.101900013163686,114212.04219991341,False,False
stress-long-chain-001,LLM_ONLY,8,it,pt,"Il comitato non approva questa proposta, a meno che la relazione tecnica non giunga a una conclusione positiva e nessuna valutazione riveli una grave contraddizione. Una relazione positiva, da sola, non garantisce l’approvazione, e contraddizioni minori non sono sufficienti, da sole, a comportare il rigetto della proposta.","O comitê não aprova esta proposta, a menos que o relatório técnico chegue a uma conclusão positiva e nenhuma avaliação revele uma contradição grave. Um relatório positivo, por si só, não garante a aprovação, e contradições menores não são suficientes, por si sós, para levar à rejeição da proposta.","{""residual_uncertainty"": 0.0, ""structural_compatibility"": null, ""structural_brittleness"": 0.0, ""weakest_legibility"": 1.0, ""legibility_spread"": 0.0, ""cognitive_remembrance"": 1.0, ""structural_mark"": {""uncertainty"": ""MAXIMUM"", ""compatibility"": ""NOT_ESTIMABLE"", ""robustness"": ""MAXIMUM"", ""legibility"": ""MAXIMUM"", ""short_label"": ""U:MAX|C:NA|R:MAX|L:MAX"", ""fully_estimable"": false}, ""structural_basis"": ""PARTIALLY_ESTIMABLE"", ""state_path"": [""WHAT"", ""WHY"", ""WHY"", ""WHY"", ""WHAT"", ""WHY"", ""WHAT""], ""transition_path"": [""GENERATIVE_LINK"", ""CHAIN_CONNECTOR"", ""INTERPRETIVE_PROJECTION"", ""INTERPRETIVE_PROJECTION""], ""unknown_state_ratio"": 0.0}","{""residual_uncertainty"": {""canonical"": 0.0, ""observed"": 0.0, ""comparable"": true, ""absolute_difference"": 0.0}, ""structural_compatibility"": {""canonical"": null, ""observed"": null, ""comparable"": false, ""absolute_difference"": null}, ""structural_brittleness"": {""canonical"": 0.0, ""observed"": 0.0, ""comparable"": true, ""absolute_difference"": 0.0}, ""weakest_legibility"": {""canonical"": 1.0, ""observed"": 1.0, ""comparable"": true, ""absolute_difference"": 0.0}, ""legibility_spread"": {""canonical"": 0.0, ""observed"": 0.0, ""comparable"": true, ""absolute_difference"": 0.0}, ""cognitive_remembrance"": {""canonical"": 0.7142857142857143, ""observed"": 1.0, ""comparable"": true, ""absolute_difference"": 0.2857142857142857}, ""unknown_state_ratio"": {""canonical"": 0.0, ""observed"": 0.0, ""comparable"": true, ""absolute_difference"": 0.0}, ""structural_mark_preserved"": true, ""structural_basis_preserved"": true, ""state_path_preserved"": true, ""transition_path_preserved"": true}","{""state_sequence"": [""WHAT"", ""WHY"", ""WHY"", ""WHY"", ""WHAT"", ""WHY"", ""WHAT""], ""relation_sequence"": [""WHAT|GENERATIVE_LINK|WHY|EXPLICIT"", ""WHY|CHAIN_CONNECTOR|WHY|EXPLICIT"", ""WHY|INTERPRETIVE_PROJECTION|WHAT|EXPLICIT"", ""WHY|INTERPRETIVE_PROJECTION|WHAT|EXPLICIT""], ""trajectory_boundaries"": [2, 4, 6], ""trajectory_ranges"": [{""start_state_occurrence_index"": 0, ""end_state_occurrence_index"": 2}, {""start_state_occurrence_index"": 3, ""end_state_occurrence_index"": 4}, {""start_state_occurrence_index"": 5, ""end_state_occurrence_index"": 6}], ""relation_occurrences"": [{""from_state_occurrence_index"": 0, ""to_state_occurrence_index"": 1}, {""from_state_occurrence_index"": 1, ""to_state_occurrence_index"": 2}, {""from_state_occurrence_index"": 3, ""to_state_occurrence_index"": 4}, {""from_state_occurrence_index"": 5, ""to_state_occurrence_index"": 6}]}","{""permutation_disposition"": ""FUTURE_FORWARD_FIX"", ""permutation_narrative"": ""Major and Prime reached no discriminative chief criterion; the original trajectory is preserved by economy of intervention. In OPEN this is a presumption to preserve, not proof that the permuted realization is contextually inferior."", ""unresolved_profile"": {""total_state_count"": 7, ""unknown_state_count"": 0, ""unknown_state_ratio"": 0.0, ""unknown_state_occurrence_indices"": [], ""unknown_runs"": [], ""fully_unresolved"": false}}",2028.7570001091808,91092.34669990838,6.8292999640107155,93128.13490000553,False,False
stress-long-chain-001,LLM_ONLY,9,pt,es,"O comitê não aprova esta proposta, a menos que o relatório técnico chegue a uma conclusão positiva e nenhuma avaliação revele uma contradição grave. Um relatório positivo, por si só, não garante a aprovação, e contradições menores não são suficientes, por si sós, para levar à rejeição da proposta.","El comité no aprueba esta propuesta a menos que el informe técnico llegue a una conclusión positiva y ninguna evaluación revele una contradicción grave. Un informe positivo, por sí solo, no garantiza la aprobación, y las contradicciones menores no son suficientes, por sí solas, para llevar al rechazo de la propuesta.","{""residual_uncertainty"": 0.0, ""structural_compatibility"": null, ""structural_brittleness"": null, ""weakest_legibility"": 1.0, ""legibility_spread"": 0.0, ""cognitive_remembrance"": 0.7142857142857143, ""structural_mark"": {""uncertainty"": ""MAXIMUM"", ""compatibility"": ""NOT_ESTIMABLE"", ""robustness"": ""NOT_ESTIMABLE"", ""legibility"": ""MAXIMUM"", ""short_label"": ""U:MAX|C:NA|R:NA|L:MAX"", ""fully_estimable"": false}, ""structural_basis"": ""PARTIALLY_ESTIMABLE"", ""state_path"": [""WHAT"", ""WHY"", ""WHY"", ""WHY""], ""transition_path"": [""GENERATIVE_LINK"", ""CHAIN_CONNECTOR"", ""CHAIN_CONNECTOR""], ""unknown_state_ratio"": 0.0}","{""residual_uncertainty"": {""canonical"": 0.0, ""observed"": 0.0, ""comparable"": true, ""absolute_difference"": 0.0}, ""structural_compatibility"": {""canonical"": null, ""observed"": null, ""comparable"": false, ""absolute_difference"": null}, ""structural_brittleness"": {""canonical"": 0.0, ""observed"": null, ""comparable"": false, ""absolute_difference"": null}, ""weakest_legibility"": {""canonical"": 1.0, ""observed"": 1.0, ""comparable"": true, ""absolute_difference"": 0.0}, ""legibility_spread"": {""canonical"": 0.0, ""observed"": 0.0, ""comparable"": true, ""absolute_difference"": 0.0}, ""cognitive_remembrance"": {""canonical"": 0.7142857142857143, ""observed"": 0.7142857142857143, ""comparable"": true, ""absolute_difference"": 0.0}, ""unknown_state_ratio"": {""canonical"": 0.0, ""observed"": 0.0, ""comparable"": true, ""absolute_difference"": 0.0}, ""structural_mark_preserved"": false, ""structural_basis_preserved"": true, ""state_path_preserved"": false, ""transition_path_preserved"": false}","{""state_sequence"": [""WHAT"", ""WHY"", ""WHY"", ""WHY""], ""relation_sequence"": [""WHAT|GENERATIVE_LINK|WHY|EXPLICIT"", ""WHY|CHAIN_CONNECTOR|WHY|IMPLICIT"", ""WHY|CHAIN_CONNECTOR|WHY|EXPLICIT""], ""trajectory_boundaries"": [3], ""trajectory_ranges"": [{""start_state_occurrence_index"": 0, ""end_state_occurrence_index"": 3}], ""relation_occurrences"": [{""from_state_occurrence_index"": 0, ""to_state_occurrence_index"": 1}, {""from_state_occurrence_index"": 1, ""to_state_occurrence_index"": 2}, {""from_state_occurrence_index"": 2, ""to_state_occurrence_index"": 3}]}","{""permutation_disposition"": ""FUTURE_FORWARD_FIX"", ""permutation_narrative"": ""Major and Prime reached no discriminative chief criterion; the original trajectory is preserved by economy of intervention. In OPEN this is a presumption to preserve, not proof that the permuted realization is contextually inferior."", ""unresolved_profile"": {""total_state_count"": 4, ""unknown_state_count"": 0, ""unknown_state_ratio"": 0.0, ""unknown_state_occurrence_indices"": [], ""unknown_runs"": [], ""fully_unresolved"": false}}",1467.624300159514,47501.09639996663,4.304799949750304,48973.150100093335,False,False
stress-long-chain-001,LLM_MDPAR,0,es,en,"La comisión aceptará la propuesta solo si el informe técnico es favorable y si ninguna auditoría detecta una contradicción material. Un informe favorable, por sí solo, no garantiza la aceptación; y una contradicción menor no basta para rechazarla.","The commission will accept the proposal only if the technical report is favorable and no audit detects a material contradiction. A favorable report alone does not guarantee acceptance, and a minor contradiction is not sufficient to reject it.","{""residual_uncertainty"": 0.0, ""structural_compatibility"": null, ""structural_brittleness"": 0.0, ""weakest_legibility"": 1.0, ""legibility_spread"": 0.0, ""cognitive_remembrance"": 0.7142857142857143, ""structural_mark"": {""uncertainty"": ""MAXIMUM"", ""compatibility"": ""NOT_ESTIMABLE"", ""robustness"": ""MAXIMUM"", ""legibility"": ""MAXIMUM"", ""short_label"": ""U:MAX|C:NA|R:MAX|L:MAX"", ""fully_estimable"": false}, ""structural_basis"": ""PARTIALLY_ESTIMABLE"", ""state_path"": [""WHAT"", ""WHY"", ""WHY"", ""WHAT"", ""WHY"", ""WHAT""], ""transition_path"": [""GENERATIVE_LINK"", ""INTERPRETIVE_PROJECTION"", ""INTERPRETIVE_PROJECTION""], ""unknown_state_ratio"": 0.0}","{""residual_uncertainty"": {""canonical"": 0.0, ""observed"": 0.0, ""comparable"": true, ""absolute_difference"": 0.0}, ""structural_compatibility"": {""canonical"": null, ""observed"": null, ""comparable"": false, ""absolute_difference"": null}, ""structural_brittleness"": {""canonical"": 0.0, ""observed"": 0.0, ""comparable"": true, ""absolute_difference"": 0.0}, ""weakest_legibility"": {""canonical"": 1.0, ""observed"": 1.0, ""comparable"": true, ""absolute_difference"": 0.0}, ""legibility_spread"": {""canonical"": 0.0, ""observed"": 0.0, ""comparable"": true, ""absolute_difference"": 0.0}, ""cognitive_remembrance"": {""canonical"": 0.7142857142857143, ""observed"": 0.7142857142857143, ""comparable"": true, ""absolute_difference"": 0.0}, ""unknown_state_ratio"": {""canonical"": 0.0, ""observed"": 0.0, ""comparable"": true, ""absolute_difference"": 0.0}, ""structural_mark_preserved"": true, ""structural_basis_preserved"": true, ""state_path_preserved"": false, ""transition_path_preserved"": false}","{""state_sequence"": [""WHAT"", ""WHY"", ""WHY"", ""WHAT"", ""WHY"", ""WHAT""], ""relation_sequence"": [""WHAT|GENERATIVE_LINK|WHY|EXPLICIT"", ""WHY|INTERPRETIVE_PROJECTION|WHAT|EXPLICIT"", ""WHY|INTERPRETIVE_PROJECTION|WHAT|EXPLICIT""], ""trajectory_boundaries"": [1, 3, 5], ""trajectory_ranges"": [{""start_state_occurrence_index"": 0, ""end_state_occurrence_index"": 1}, {""start_state_occurrence_index"": 2, ""end_state_occurrence_index"": 3}, {""start_state_occurrence_index"": 4, ""end_state_occurrence_index"": 5}], ""relation_occurrences"": [{""from_state_occurrence_index"": 0, ""to_state_occurrence_index"": 1}, {""from_state_occurrence_index"": 2, ""to_state_occurrence_index"": 3}, {""from_state_occurrence_index"": 4, ""to_state_occurrence_index"": 5}]}","{""permutation_disposition"": ""FUTURE_FORWARD_FIX"", ""permutation_narrative"": ""Major and Prime reached no discriminative chief criterion; the original trajectory is preserved by economy of intervention. In OPEN this is a presumption to preserve, not proof that the permuted realization is contextually inferior."", ""unresolved_profile"": {""total_state_count"": 6, ""unknown_state_count"": 0, ""unknown_state_ratio"": 0.0, ""unknown_state_occurrence_indices"": [], ""unknown_runs"": [], ""fully_unresolved"": false}}",1806.831100024283,40579.64210002683,4.187700105831027,42390.82580013201,False,False
stress-long-chain-001,LLM_MDPAR,1,en,de,"The commission will accept the proposal only if the technical report is favorable and no audit detects a material contradiction. A favorable report alone does not guarantee acceptance, and a minor contradiction is not sufficient to reject it.","Die Kommission wird den Vorschlag nur annehmen, wenn der technische Bericht positiv ausfällt und keine Prüfung einen wesentlichen Widerspruch feststellt. Ein positiver Bericht allein garantiert nicht die Annahme, und ein geringfügiger Widerspruch reicht nicht aus, um den Vorschlag abzulehnen.","{""residual_uncertainty"": 0.0, ""structural_compatibility"": null, ""structural_brittleness"": 0.0, ""weakest_legibility"": 1.0, ""legibility_spread"": 0.0, ""cognitive_remembrance"": 1.0, ""structural_mark"": {""uncertainty"": ""MAXIMUM"", ""compatibility"": ""NOT_ESTIMABLE"", ""robustness"": ""MAXIMUM"", ""legibility"": ""MAXIMUM"", ""short_label"": ""U:MAX|C:NA|R:MAX|L:MAX"", ""fully_estimable"": false}, ""structural_basis"": ""PARTIALLY_ESTIMABLE"", ""state_path"": [""WHAT"", ""WHY"", ""WHY"", ""WHY"", ""WHAT"", ""WHY"", ""WHAT""], ""transition_path"": [""GENERATIVE_LINK"", ""CHAIN_CONNECTOR"", ""INTERPRETIVE_PROJECTION"", ""INTERPRETIVE_PROJECTION""], ""unknown_state_ratio"": 0.0}","{""residual_uncertainty"": {""canonical"": 0.0, ""observed"": 0.0, ""comparable"": true, ""absolute_difference"": 0.0}, ""structural_compatibility"": {""canonical"": null, ""observed"": null, ""comparable"": false, ""absolute_difference"": null}, ""structural_brittleness"": {""canonical"": 0.0, ""observed"": 0.0, ""comparable"": true, ""absolute_difference"": 0.0}, ""weakest_legibility"": {""canonical"": 1.0, ""observed"": 1.0, ""comparable"": true, ""absolute_difference"": 0.0}, ""legibility_spread"": {""canonical"": 0.0, ""observed"": 0.0, ""comparable"": true, ""absolute_difference"": 0.0}, ""cognitive_remembrance"": {""canonical"": 0.7142857142857143, ""observed"": 1.0, ""comparable"": true, ""absolute_difference"": 0.2857142857142857}, ""unknown_state_ratio"": {""canonical"": 0.0, ""observed"": 0.0, ""comparable"": true, ""absolute_difference"": 0.0}, ""structural_mark_preserved"": true, ""structural_basis_preserved"": true, ""state_path_preserved"": true, ""transition_path_preserved"": true}","{""state_sequence"": [""WHAT"", ""WHY"", ""WHY"", ""WHY"", ""WHAT"", ""WHY"", ""WHAT""], ""relation_sequence"": [""WHAT|GENERATIVE_LINK|WHY|EXPLICIT"", ""WHY|CHAIN_CONNECTOR|WHY|EXPLICIT"", ""WHY|INTERPRETIVE_PROJECTION|WHAT|EXPLICIT"", ""WHY|INTERPRETIVE_PROJECTION|WHAT|EXPLICIT""], ""trajectory_boundaries"": [2, 4, 6], ""trajectory_ranges"": [{""start_state_occurrence_index"": 0, ""end_state_occurrence_index"": 2}, {""start_state_occurrence_index"": 3, ""end_state_occurrence_index"": 4}, {""start_state_occurrence_index"": 5, ""end_state_occurrence_index"": 6}], ""relation_occurrences"": [{""from_state_occurrence_index"": 0, ""to_state_occurrence_index"": 1}, {""from_state_occurrence_index"": 1, ""to_state_occurrence_index"": 2}, {""from_state_occurrence_index"": 3, ""to_state_occurrence_index"": 4}, {""from_state_occurrence_index"": 5, ""to_state_occurrence_index"": 6}]}","{""permutation_disposition"": ""FUTURE_FORWARD_FIX"", ""permutation_narrative"": ""Major and Prime reached no discriminative chief criterion; the original trajectory is preserved by economy of intervention. In OPEN this is a presumption to preserve, not proof that the permuted realization is contextually inferior."", ""unresolved_profile"": {""total_state_count"": 7, ""unknown_state_count"": 0, ""unknown_state_ratio"": 0.0, ""unknown_state_occurrence_indices"": [], ""unknown_runs"": [], ""fully_unresolved"": false}}",3238.4363999590278,103291.79749987088,7.763399975374341,106538.19419979118,False,False
stress-long-chain-001,LLM_MDPAR,2,de,ja,"Die Kommission wird den Vorschlag nur annehmen, wenn der technische Bericht positiv ausfällt und keine Prüfung einen wesentlichen Widerspruch feststellt. Ein positiver Bericht allein garantiert nicht die Annahme, und ein geringfügiger Widerspruch reicht nicht aus, um den Vorschlag abzulehnen.",委員会がその提案を受け入れるのは、技術報告書が肯定的であり、かつ、いずれの監査でも重大な矛盾が検出されない場合に限られる。肯定的な報告書だけでは受け入れは保証されず、軽微な矛盾はその提案を拒否するのに十分ではない。,"{""residual_uncertainty"": 0.0, ""structural_compatibility"": null, ""structural_brittleness"": 0.0, ""weakest_legibility"": 1.0, ""legibility_spread"": 0.0, ""cognitive_remembrance"": 1.0, ""structural_mark"": {""uncertainty"": ""MAXIMUM"", ""compatibility"": ""NOT_ESTIMABLE"", ""robustness"": ""MAXIMUM"", ""legibility"": ""MAXIMUM"", ""short_label"": ""U:MAX|C:NA|R:MAX|L:MAX"", ""fully_estimable"": false}, ""structural_basis"": ""PARTIALLY_ESTIMABLE"", ""state_path"": [""WHAT"", ""WHY"", ""WHY"", ""WHY"", ""WHAT"", ""WHY"", ""WHAT""], ""transition_path"": [""GENERATIVE_LINK"", ""CHAIN_CONNECTOR"", ""INTERPRETIVE_PROJECTION"", ""INTERPRETIVE_PROJECTION""], ""unknown_state_ratio"": 0.0}","{""residual_uncertainty"": {""canonical"": 0.0, ""observed"": 0.0, ""comparable"": true, ""absolute_difference"": 0.0}, ""structural_compatibility"": {""canonical"": null, ""observed"": null, ""comparable"": false, ""absolute_difference"": null}, ""structural_brittleness"": {""canonical"": 0.0, ""observed"": 0.0, ""comparable"": true, ""absolute_difference"": 0.0}, ""weakest_legibility"": {""canonical"": 1.0, ""observed"": 1.0, ""comparable"": true, ""absolute_difference"": 0.0}, ""legibility_spread"": {""canonical"": 0.0, ""observed"": 0.0, ""comparable"": true, ""absolute_difference"": 0.0}, ""cognitive_remembrance"": {""canonical"": 0.7142857142857143, ""observed"": 1.0, ""comparable"": true, ""absolute_difference"": 0.2857142857142857}, ""unknown_state_ratio"": {""canonical"": 0.0, ""observed"": 0.0, ""comparable"": true, ""absolute_difference"": 0.0}, ""structural_mark_preserved"": true, ""structural_basis_preserved"": true, ""state_path_preserved"": true, ""transition_path_preserved"": true}","{""state_sequence"": [""WHAT"", ""WHY"", ""WHY"", ""WHY"", ""WHAT"", ""WHY"", ""WHAT""], ""relation_sequence"": [""WHAT|GENERATIVE_LINK|WHY|EXPLICIT"", ""WHY|CHAIN_CONNECTOR|WHY|EXPLICIT"", ""WHY|INTERPRETIVE_PROJECTION|WHAT|EXPLICIT"", ""WHY|INTERPRETIVE_PROJECTION|WHAT|EXPLICIT""], ""trajectory_boundaries"": [2, 4, 6], ""trajectory_ranges"": [{""start_state_occurrence_index"": 0, ""end_state_occurrence_index"": 2}, {""start_state_occurrence_index"": 3, ""end_state_occurrence_index"": 4}, {""start_state_occurrence_index"": 5, ""end_state_occurrence_index"": 6}], ""relation_occurrences"": [{""from_state_occurrence_index"": 0, ""to_state_occurrence_index"": 1}, {""from_state_occurrence_index"": 1, ""to_state_occurrence_index"": 2}, {""from_state_occurrence_index"": 3, ""to_state_occurrence_index"": 4}, {""from_state_occurrence_index"": 5, ""to_state_occurrence_index"": 6}]}","{""permutation_disposition"": ""FUTURE_FORWARD_FIX"", ""permutation_narrative"": ""Major and Prime reached no discriminative chief criterion; the original trajectory is preserved by economy of intervention. In OPEN this is a presumption to preserve, not proof that the permuted realization is contextually inferior."", ""unresolved_profile"": {""total_state_count"": 7, ""unknown_state_count"": 0, ""unknown_state_ratio"": 0.0, ""unknown_state_occurrence_indices"": [], ""unknown_runs"": [], ""fully_unresolved"": false}}",2216.2474000360817,89623.9264998585,7.906000129878521,91848.27729989775,False,False
stress-long-chain-001,LLM_MDPAR,3,ja,tr,委員会がその提案を受け入れるのは、技術報告書が肯定的であり、かつ、いずれの監査でも重大な矛盾が検出されない場合に限られる。肯定的な報告書だけでは受け入れは保証されず、軽微な矛盾はその提案を拒否するのに十分ではない。,"Komisyon, teklifi ancak teknik rapor olumluysa ve hiçbir denetimde önemli bir çelişki tespit edilmezse kabul edecektir. Olumlu bir rapor tek başına kabulü garanti etmez; küçük bir çelişki de teklifi reddetmek için yeterli değildir.","{""residual_uncertainty"": 0.0, ""structural_compatibility"": null, ""structural_brittleness"": 0.5, ""weakest_legibility"": 1.0, ""legibility_spread"": 0.0, ""cognitive_remembrance"": 0.875, ""structural_mark"": {""uncertainty"": ""MAXIMUM"", ""compatibility"": ""NOT_ESTIMABLE"", ""robustness"": ""PARTIAL"", ""legibility"": ""MAXIMUM"", ""short_label"": ""U:MAX|C:NA|R:PART|L:MAX"", ""fully_estimable"": false}, ""structural_basis"": ""PARTIALLY_ESTIMABLE"", ""state_path"": [""WHY"", ""HOW_MUCH"", ""WHAT"", ""WHY"", ""WHAT"", ""HOW_MUCH"", ""WHAT""], ""transition_path"": [""CHAIN_CONNECTOR"", ""CHAIN_CONNECTOR"", ""INTERPRETIVE_PROJECTION"", ""CHAIN_CONNECTOR""], ""unknown_state_ratio"": 0.0}","{""residual_uncertainty"": {""canonical"": 0.0, ""observed"": 0.0, ""comparable"": true, ""absolute_difference"": 0.0}, ""structural_compatibility"": {""canonical"": null, ""observed"": null, ""comparable"": false, ""absolute_difference"": null}, ""structural_brittleness"": {""canonical"": 0.0, ""observed"": 0.5, ""comparable"": true, ""absolute_difference"": 0.5}, ""weakest_legibility"": {""canonical"": 1.0, ""observed"": 1.0, ""comparable"": true, ""absolute_difference"": 0.0}, ""legibility_spread"": {""canonical"": 0.0, ""observed"": 0.0, ""comparable"": true, ""absolute_difference"": 0.0}, ""cognitive_remembrance"": {""canonical"": 0.7142857142857143, ""observed"": 0.875, ""comparable"": true, ""absolute_difference"": 0.1607142857142857}, ""unknown_state_ratio"": {""canonical"": 0.0, ""observed"": 0.0, ""comparable"": true, ""absolute_difference"": 0.0}, ""structural_mark_preserved"": false, ""structural_basis_preserved"": true, ""state_path_preserved"": false, ""transition_path_preserved"": false}","{""state_sequence"": [""WHY"", ""HOW_MUCH"", ""WHAT"", ""WHY"", ""WHAT"", ""HOW_MUCH"", ""WHAT""], ""relation_sequence"": [""WHY|CHAIN_CONNECTOR|HOW_MUCH|EXPLICIT"", ""HOW_MUCH|CHAIN_CONNECTOR|WHAT|EXPLICIT"", ""WHY|INTERPRETIVE_PROJECTION|WHAT|EXPLICIT"", ""HOW_MUCH|CHAIN_CONNECTOR|WHAT|EXPLICIT""], ""trajectory_boundaries"": [2, 4, 6], ""trajectory_ranges"": [{""start_state_occurrence_index"": 0, ""end_state_occurrence_index"": 2}, {""start_state_occurrence_index"": 3, ""end_state_occurrence_index"": 4}, {""start_state_occurrence_index"": 5, ""end_state_occurrence_index"": 6}], ""relation_occurrences"": [{""from_state_occurrence_index"": 0, ""to_state_occurrence_index"": 1}, {""from_state_occurrence_index"": 1, ""to_state_occurrence_index"": 2}, {""from_state_occurrence_index"": 3, ""to_state_occurrence_index"": 4}, {""from_state_occurrence_index"": 5, ""to_state_occurrence_index"": 6}]}","{""permutation_disposition"": ""FUTURE_FORWARD_FIX"", ""permutation_narrative"": ""Major and Prime reached no discriminative chief criterion; the original trajectory is preserved by economy of intervention. In OPEN this is a presumption to preserve, not proof that the permuted realization is contextually inferior."", ""unresolved_profile"": {""total_state_count"": 7, ""unknown_state_count"": 0, ""unknown_state_ratio"": 0.0, ""unknown_state_occurrence_indices"": [], ""unknown_runs"": [], ""fully_unresolved"": false}}",2187.6018999610096,101579.52439994551,7.568700006231666,103774.8292000033,False,False
